Car_ID,Listing_Date,Brand,Model,Variant,Manufacture_Year,Fuel_Type,Transmission,Body_Type,Engine_CC,Mileage_kmpl,Color,Owner_Count,Kilometers_Driven,Condition,City,State,Seller_Type,Price_Lakh,Selling_Price_Lakh,Acquisition_Cost_Lakh,Dealer_Margin_Lakh,Customer_Rating,Demand_Index,Warranty_Months,Insurance_Validity_Months,Service_History,Accident_History,Feature_Score,Popularity_Score,Sales_Status
CDK202000311,2026-01-01,Toyota,Camry,Premium MT,2020,Diesel,Manual,SUV,1598,25.6,Graphite Grey,2,117607,Good,Visakhapatnam,Andhra Pradesh,Certified Used Car Outlet,6.59,6.5,5.35,0.68,3.6,73,24,14,Unavailable,No,85,86,Available
CDK201701187,2026-01-01,MG,Astor,Premium,2017,Hybrid,Automatic,MPV,3996,26.4,Titanium Bronze,2,131266,Very Good,Coimbatore,Tamil Nadu,Dealer,3.73,3.62,2.92,0.3,4.4,66,24,2,Unavailable,No,58,71,Available
CDK202600044,2026-01-01,BMW,X1,Top MT,2026,CNG,Manual,SUV,1197,25.9,Titanium Bronze,1,1500,Very Good,Bengaluru,Karnataka,Dealer,52.47,52.93,48.3,4.44,4.3,87,6,11,Full,No,56,43,Available
CDK202300691,2026-01-01,Hyundai,Alcazar,S MT,2023,Petrol,Automatic,Hatchback,2198,21.5,Graphite Grey,2,61661,Good,Mumbai,Maharashtra,Individual,4.13,4.13,3.2,0.23,3.8,82,18,22,Full,No,50,44,Under Inspection
CDK201800236,2026-01-01,Toyota,Innova Crysta,S MT,2018,Petrol,Manual,SUV,3996,19.7,Ocean Blue,1,114501,Very Good,Vijayawada,Andhra Pradesh,Individual,5.03,5.21,4.47,0.57,4.0,72,3,35,Full,No,70,63,Sold
CDK201700662,2026-01-01,Mercedes-Benz,GLA,Premium,2017,Diesel,DCT,SUV,1798,17.9,Graphite Grey,2,163356,Excellent,Noida,Uttar Pradesh,Dealer,20.88,20.5,19.43,0.78,4.9,39,24,8,Unavailable,No,60,98,Sold
CDK201800693,2026-01-02,Volkswagen,Tiguan,SX MT,2018,Diesel,Automatic,MUV,1998,26.7,Metallic Silver,2,130756,Fair,Hyderabad,Telangana,Certified Used Car Outlet,4.59,4.49,3.43,0.36,3.1,51,36,15,Full,Minor,48,77,Available
CDK202600651,2026-01-02,Tata,Curvv,ZX AT,2026,Diesel,DCT,SUV,3996,19.9,Titanium Bronze,1,14952,Good,Kochi,Kerala,Dealer,10.46,10.69,9.28,1.07,4.6,67,12,3,Full,No,66,95,Sold
CDK202201350,2026-01-02,Skoda,Slavia,Base,2022,CNG,Automatic,SUV,1497,25.8,Metallic Silver,1,86092,Excellent,Vijayawada,Andhra Pradesh,Dealer,11.04,11.33,9.96,1.23,4.4,75,0,1,Full,No,54,41,Available
CDK202000970,2026-01-03,Toyota,Fortuner,Plus,2020,Hybrid,AMT,MPV,1798,10.1,Ocean Blue,1,120016,Excellent,Visakhapatnam,Andhra Pradesh,Dealer,5.38,5.09,4.6,0.24,3.4,54,12,15,Full,No,59,73,Sold
CDK202200261,2026-01-03,Tata,Altroz,ZX AT,2022,Petrol,Manual,Hatchback,2494,11.7,Sunset Orange,2,82323,Very Good,Pune,Maharashtra,Individual,7.7,7.83,6.35,0.81,4.2,99,0,35,Partial,Minor,47,97,Sold
CDK202101379,2026-01-03,Tata,Tigor,ZX AT,2021,Petrol,Manual,MPV,2494,24.0,Royal Purple,2,104766,Good,Pune,Maharashtra,Dealer,4.36,4.3,3.3,0.44,3.7,71,6,17,Partial,Minor,64,54,Available
CDK202400014,2026-01-03,Maruti Suzuki,Fronx,Sport AT,2024,Hybrid,Automatic,MUV,1197,20.7,Fiery Red,3,28766,Very Good,Noida,Uttar Pradesh,Dealer,14.94,14.3,12.59,1.11,4.2,99,3,22,Unavailable,No,87,47,Sold
CDK202100489,2026-01-03,Jeep,Meridian,Premium MT,2021,Petrol,Automatic,SUV,2198,24.2,Pearl White,2,67841,Good,Coimbatore,Tamil Nadu,Dealer,11.11,11.44,10.72,0.52,4.1,26,3,13,Full,No,80,50,Available
CDK202100210,2026-01-04,Maruti Suzuki,Baleno,SX,2021,Petrol,Manual,MUV,1197,18.8,Graphite Grey,1,98532,Good,Noida,Uttar Pradesh,Dealer,10.19,10.19,8.98,0.63,4.4,52,12,7,Unavailable,No,48,47,Available
CDK202300952,2026-01-04,Audi,A4,V,2023,Petrol,Manual,Hatchback,998,19.0,Pearl White,2,54110,Good,Pune,Maharashtra,Individual,27.93,27.63,25.41,1.8,4.6,67,12,29,Full,No,72,49,Sold
CDK201901304,2026-01-04,Renault,Triber,S AT,2019,Diesel,Manual,Hatchback,1998,22.4,Sunset Orange,2,126118,Good,Gurugram,Haryana,Dealer,1.89,1.96,1.23,0.08,3.7,89,36,22,Partial,No,47,81,Available
CDK202400473,2026-01-04,Honda,Elevate,Premium MT,2024,Petrol,Manual,MPV,1598,19.2,Titanium Bronze,2,46042,Fair,Hyderabad,Telangana,Individual,8.51,8.77,7.47,0.76,5.0,72,36,30,Partial,No,89,59,Available
CDK202200476,2026-01-04,Hyundai,Verna,ZX AT,2022,Petrol,DCT,SUV,1197,18.1,Graphite Grey,1,86639,Good,Chennai,Tamil Nadu,Dealer,12.21,12.08,10.84,0.59,4.3,82,18,31,Full,No,45,46,Sold
CDK202401041,2026-01-05,Volkswagen,Taigun,V AT,2024,Petrol,Manual,Sedan,1598,12.0,Ocean Blue,2,64177,Very Good,Vijayawada,Andhra Pradesh,Dealer,16.89,16.66,14.63,1.47,4.3,68,0,12,Full,No,86,59,Sold
CDK202001135,2026-01-05,Skoda,Kushaq,Top MT,2020,Diesel,Manual,MPV,998,10.3,Pearl White,2,104639,Very Good,Hyderabad,Telangana,Individual,4.36,4.26,3.61,0.23,4.3,96,0,31,Unavailable,No,57,54,Under Inspection
CDK201901006,2026-01-05,Hyundai,Exter,ZX AT,2019,Petrol,Automatic,SUV,1798,27.0,Titanium Bronze,4,107502,Good,Mumbai,Maharashtra,Dealer,4.22,4.05,3.3,0.42,4.2,68,36,16,Unavailable,No,45,40,Available
CDK202000284,2026-01-05,Toyota,Camry,SX,2020,Electric,Automatic,SUV,0,5.5,Fiery Red,1,105760,Good,Jaipur,Rajasthan,Dealer,5.78,5.61,4.99,0.42,3.8,61,18,35,Partial,No,93,63,Available
CDK202300875,2026-01-05,Maruti Suzuki,Swift,Premium,2023,Petrol,Manual,SUV,2198,26.6,Royal Purple,2,65137,Good,Pune,Maharashtra,Dealer,8.29,8.26,7.32,0.42,3.4,52,12,31,Partial,No,91,42,Sold
CDK202101420,2026-01-05,Mahindra,Bolero,ZX MT,2021,Electric,Automatic,Convertible,0,5.1,Sunset Orange,2,101311,Very Good,Pune,Maharashtra,Dealer,17.57,17.63,15.48,1.61,4.8,99,36,3,Full,Minor,84,45,Available
CDK202101492,2026-01-05,Maruti Suzuki,Ertiga,Sport AT,2021,CNG,Manual,SUV,1998,26.3,Sunset Orange,2,76806,Good,Kolkata,West Bengal,Dealer,5.58,5.25,4.8,0.31,4.6,79,0,17,Partial,No,92,85,Available
CDK201700100,2026-01-05,Maruti Suzuki,Fronx,V,2017,Diesel,CVT,MUV,1497,20.0,Ocean Blue,3,153439,Good,Visakhapatnam,Andhra Pradesh,Dealer,2.87,2.96,2.73,0.11,3.8,89,0,7,Full,No,53,91,Reserved
CDK201900211,2026-01-06,Skoda,Slavia,Sport AT,2019,Petrol,DCT,SUV,3996,16.3,Midnight Black,1,116368,Good,Kochi,Kerala,Dealer,10.78,10.71,9.64,0.52,3.4,84,24,27,Full,Minor,52,87,Sold
CDK202100401,2026-01-06,Mahindra,Scorpio-N,Plus MT,2021,Hybrid,Manual,Sedan,2494,12.0,Titanium Bronze,2,95422,Good,Hyderabad,Telangana,Individual,4.64,4.68,3.99,0.38,3.9,99,24,26,Full,No,52,91,Available
CDK202601289,2026-01-06,Mahindra,XUV 3XO,S,2026,CNG,AMT,SUV,3996,16.1,Titanium Bronze,1,1500,Very Good,Kolkata,West Bengal,Dealer,13.82,13.26,11.71,0.99,3.5,63,12,14,Partial,No,57,68,Sold
CDK202300422,2026-01-07,Maruti Suzuki,Dzire,Base MT,2023,Electric,Automatic,SUV,0,6.5,Metallic Silver,2,68545,Good,Visakhapatnam,Andhra Pradesh,Individual,13.99,14.01,12.11,1.33,4.6,57,12,22,Partial,Minor,54,57,Sold
CDK202601220,2026-01-07,Tata,Punch,Plus MT,2026,Petrol,Automatic,SUV,1998,14.7,Fiery Red,2,34120,Good,Jaipur,Rajasthan,Dealer,15.88,15.57,14.06,1.22,3.4,74,12,12,Full,No,59,67,Available
CDK202300703,2026-01-07,Volkswagen,Taigun,Base,2023,Petrol,Manual,SUV,2494,27.4,Fiery Red,3,49327,Good,Noida,Uttar Pradesh,Individual,16.11,15.75,14.51,0.59,3.8,76,36,18,Partial,No,69,48,Sold
CDK202200323,2026-01-07,Renault,Triber,Base MT,2022,Diesel,Manual,MPV,1199,10.9,Sunset Orange,3,61492,Very Good,Mumbai,Maharashtra,Certified Used Car Outlet,8.02,7.63,6.43,0.78,3.4,82,3,33,Full,No,97,72,Sold
CDK201900977,2026-01-07,Maruti Suzuki,Grand Vitara,S,2019,Diesel,AMT,MUV,1598,14.4,Sunset Orange,2,91637,Good,Gurugram,Haryana,Individual,5.36,5.15,4.14,0.31,3.1,79,18,35,Partial,Minor,79,66,Sold
CDK202000717,2026-01-08,Kia,Seltos,V,2020,Petrol,Automatic,MPV,1197,10.6,Royal Purple,3,122969,Good,Kolkata,West Bengal,Individual,7.33,7.48,6.26,0.64,4.3,80,0,23,Full,Minor,80,59,Available
CDK202301273,2026-01-08,Hyundai,Verna,Premium,2023,CNG,AMT,MUV,3996,17.5,Titanium Bronze,2,39500,Fair,Gurugram,Haryana,Dealer,6.84,6.97,6.01,0.64,4.8,62,36,26,Full,No,73,83,Sold
CDK202201296,2026-01-08,Maruti Suzuki,Dzire,ZX AT,2022,Electric,Automatic,Sedan,0,6.4,Royal Purple,1,73915,Excellent,Kolkata,West Bengal,Dealer,10.02,10.28,8.78,0.98,4.1,79,18,5,Full,No,58,76,Sold
CDK202300827,2026-01-08,Toyota,Innova Crysta,Base MT,2023,Electric,Automatic,Hatchback,0,5.7,Metallic Silver,1,53245,Good,Hyderabad,Telangana,Certified Used Car Outlet,12.28,12.6,11.37,0.76,4.3,58,6,20,Full,No,54,55,Sold
CDK202401429,2026-01-09,Renault,Triber,S,2024,Diesel,Automatic,SUV,1998,12.0,Sunset Orange,1,42104,Very Good,Chennai,Tamil Nadu,Dealer,12.11,12.5,11.26,1.09,3.5,76,6,5,Full,No,67,77,Available
CDK202500105,2026-01-09,Mercedes-Benz,C-Class,SX MT,2025,Petrol,DCT,MPV,1798,17.1,Forest Green,2,42006,Very Good,Ahmedabad,Gujarat,Certified Used Car Outlet,66.85,68.8,64.93,3.59,3.0,93,18,35,Full,Major,57,64,Available
CDK202400470,2026-01-09,Maruti Suzuki,Swift,Base MT,2024,Petrol,Automatic,MPV,2494,10.7,Graphite Grey,3,39599,Good,Kolkata,West Bengal,Dealer,6.51,6.2,4.95,0.67,4.6,99,0,17,Unavailable,No,62,76,Available
CDK202601447,2026-01-09,Kia,EV6,SX MT,2026,Diesel,Manual,Hatchback,2198,20.7,Forest Green,2,40215,Fair,Visakhapatnam,Andhra Pradesh,Individual,12.39,12.55,11.06,1.12,3.6,99,12,32,Unavailable,No,83,60,Sold
CDK202001412,2026-01-09,Renault,Triber,Base AT,2020,Petrol,Manual,SUV,2198,17.9,Metallic Silver,2,97812,Excellent,Ahmedabad,Gujarat,Dealer,6.59,6.26,5.27,0.49,3.4,64,24,6,Full,No,88,95,Reserved
CDK202600848,2026-01-10,MG,Gloster,Sport MT,2026,Electric,Automatic,Hatchback,0,3.7,Graphite Grey,2,16020,Very Good,Gurugram,Haryana,Dealer,14.34,14.41,13.2,0.52,3.9,56,12,18,Partial,No,45,97,Sold
CDK202300580,2026-01-11,MG,Hector,Plus MT,2023,Electric,Automatic,MPV,0,6.2,Forest Green,1,33052,Good,Kochi,Kerala,Dealer,20.1,19.59,17.46,1.82,4.4,95,36,3,Full,Minor,75,69,Sold
CDK201900406,2026-01-11,Renault,Kiger,ZX AT,2019,Diesel,Automatic,Hatchback,2198,16.6,Royal Purple,1,92198,Good,Delhi,Delhi,Dealer,3.09,2.91,2.26,0.27,3.8,60,18,2,Partial,No,69,97,Reserved
CDK202301372,2026-01-11,Honda,Elevate,Top AT,2023,Petrol,Manual,MPV,1497,15.3,Titanium Bronze,4,80914,Very Good,Ahmedabad,Gujarat,Certified Used Car Outlet,11.49,11.7,10.54,0.87,4.1,81,0,12,Partial,No,62,41,Sold
CDK201901318,2026-01-11,Hyundai,i20,Top MT,2019,Diesel,Manual,Sedan,1998,14.7,Forest Green,1,139093,Very Good,Coimbatore,Tamil Nadu,Dealer,4.76,4.5,3.91,0.28,4.6,66,0,33,Partial,No,91,82,Sold
CDK202100202,2026-01-11,MG,Astor,SX MT,2021,Petrol,Manual,Hatchback,1998,15.3,Pearl White,1,71899,Excellent,Pune,Maharashtra,Individual,4.76,4.54,3.69,0.16,4.3,66,3,28,Partial,No,83,63,Sold
CDK202500584,2026-01-11,Tata,Harrier,S MT,2025,CNG,Manual,Sedan,1197,19.5,Graphite Grey,2,57100,Good,Coimbatore,Tamil Nadu,Dealer,10.11,10.11,8.54,0.98,4.2,50,0,24,Full,No,92,67,Reserved
CDK202400722,2026-01-12,Nissan,X-Trail,ZX,2024,Petrol,Manual,SUV,2494,19.4,Titanium Bronze,1,36856,Good,Vijayawada,Andhra Pradesh,Individual,8.77,9.0,7.99,0.72,3.9,96,24,0,Partial,No,74,88,Available
CDK202201096,2026-01-12,Mahindra,Bolero,Top,2022,Petrol,Manual,SUV,1197,20.3,Fiery Red,4,76824,Excellent,Noida,Uttar Pradesh,Individual,17.28,16.7,14.7,1.54,3.7,48,0,18,Full,No,81,87,Available
CDK202300771,2026-01-12,Maruti Suzuki,Brezza,Sport,2023,Electric,Automatic,MPV,0,3.5,Metallic Silver,3,72462,Excellent,Gurugram,Haryana,Dealer,13.06,13.1,11.49,1.41,4.7,91,12,6,Full,No,68,91,Under Inspection
CDK202001049,2026-01-12,Maruti Suzuki,Brezza,SX,2020,Diesel,DCT,SUV,2494,10.3,Forest Green,2,72042,Fair,Delhi,Delhi,Dealer,4.3,4.31,3.77,0.34,4.4,31,6,23,Full,No,57,67,Reserved
CDK202400467,2026-01-12,Toyota,Camry,Plus,2024,Petrol,Manual,MPV,2998,20.0,Midnight Black,1,67705,Excellent,Gurugram,Haryana,Individual,15.56,15.13,13.61,1.3,3.2,81,24,4,Full,No,72,55,Available
CDK202101482,2026-01-12,MG,Hector,Sport MT,2021,Diesel,Manual,SUV,1197,16.4,Graphite Grey,2,130024,Excellent,Ahmedabad,Gujarat,Individual,16.99,16.28,14.72,1.12,4.1,60,24,36,Full,No,54,82,Sold
CDK202600608,2026-01-12,Skoda,Superb,ZX AT,2026,Diesel,CVT,Hatchback,1197,15.5,Graphite Grey,5,22629,Very Good,Vijayawada,Andhra Pradesh,Certified Used Car Outlet,14.68,13.95,12.46,1.35,3.2,70,6,35,Full,No,73,79,Under Inspection
CDK202200289,2026-01-12,Kia,Carens,ZX AT,2022,Hybrid,Manual,Hatchback,2998,13.8,Metallic Silver,3,100177,Very Good,Hyderabad,Telangana,Dealer,10.2,9.99,8.55,0.74,4.0,71,3,28,Full,Minor,66,55,Sold
CDK201900645,2026-01-12,Kia,Seltos,Plus,2019,CNG,Automatic,SUV,1197,18.9,Ocean Blue,4,117993,Excellent,Visakhapatnam,Andhra Pradesh,Dealer,6.87,7.02,6.07,0.45,3.2,57,24,35,Full,No,87,83,Sold
CDK202500666,2026-01-13,Hyundai,Alcazar,Plus,2025,Electric,Automatic,MPV,0,3.5,Pearl White,2,39083,Good,Vijayawada,Andhra Pradesh,Dealer,13.83,13.7,12.28,0.81,3.8,88,12,9,Partial,No,66,64,Available
CDK202201483,2026-01-13,Volkswagen,Taigun,Top AT,2022,Petrol,DCT,Hatchback,2494,21.7,Graphite Grey,2,72820,Good,Hyderabad,Telangana,Individual,7.04,7.13,6.24,0.28,4.7,80,24,10,Full,No,87,89,Available
CDK201901446,2026-01-13,Mahindra,XUV700,Top MT,2019,Electric,Automatic,Hatchback,0,4.3,Titanium Bronze,1,135349,Excellent,Bengaluru,Karnataka,Dealer,5.92,5.81,5.0,0.46,3.7,58,36,28,Partial,No,80,64,Reserved
CDK202100075,2026-01-13,Tata,Curvv,Plus AT,2021,Petrol,Manual,SUV,2198,16.3,Graphite Grey,1,53865,Good,Gurugram,Haryana,Dealer,8.12,8.21,7.72,0.35,3.7,42,18,6,Full,Minor,67,74,Sold
CDK202500947,2026-01-13,Toyota,Camry,Top AT,2025,CNG,Automatic,Hatchback,1199,18.3,Forest Green,1,40411,Excellent,Vijayawada,Andhra Pradesh,Individual,18.37,17.54,15.35,1.73,3.5,93,12,27,Full,Minor,88,92,Sold
CDK201701038,2026-01-13,Maruti Suzuki,Swift,Base MT,2017,Petrol,Manual,Sedan,2998,23.8,Sunset Orange,1,155044,Very Good,Noida,Uttar Pradesh,Dealer,1.8,1.79,1.36,0.06,5.0,53,6,17,Full,No,81,62,Available
CDK202200380,2026-01-13,MG,Comet EV,Sport MT,2022,Petrol,Manual,SUV,1598,26.4,Fiery Red,1,75839,Good,Visakhapatnam,Andhra Pradesh,Certified Used Car Outlet,8.66,8.88,7.83,0.32,4.7,99,12,33,Partial,No,54,74,Available
CDK202100016,2026-01-13,Toyota,Innova Crysta,Plus,2021,Diesel,Manual,Coupe,1998,18.2,Metallic Silver,1,60778,Very Good,Bengaluru,Karnataka,Individual,12.67,12.05,10.54,1.32,4.1,83,18,33,Full,No,69,48,Available
CDK201700884,2026-01-14,Mahindra,XUV 3XO,ZX,2017,CNG,Automatic,MPV,998,19.0,Pearl White,1,155386,Excellent,Coimbatore,Tamil Nadu,Individual,1.8,1.85,1.1,0.16,3.8,60,18,25,Full,No,75,47,Sold
CDK202100902,2026-01-14,Honda,Elevate,ZX MT,2021,Petrol,Automatic,Sedan,1497,17.0,Forest Green,1,64687,Very Good,Kochi,Kerala,Certified Used Car Outlet,10.72,10.25,8.85,0.95,4.4,88,0,7,Partial,Minor,73,68,Sold
CDK202300744,2026-01-14,Tata,Punch,Sport MT,2023,Petrol,Automatic,MUV,1197,16.4,Titanium Bronze,1,86208,Good,Hyderabad,Telangana,Individual,11.48,10.83,9.34,0.93,3.4,59,6,21,Partial,No,86,74,Available
CDK201700836,2026-01-14,Mahindra,XUV700,Plus,2017,Electric,Automatic,SUV,0,5.1,Ocean Blue,1,154417,Good,Vijayawada,Andhra Pradesh,Dealer,4.17,4.09,3.1,0.32,3.0,78,3,29,Partial,Minor,70,68,Sold
CDK201700361,2026-01-14,Maruti Suzuki,Fronx,Sport,2017,Diesel,Automatic,SUV,1598,16.8,Ocean Blue,2,110489,Very Good,Ahmedabad,Gujarat,Individual,2.7,2.55,1.98,0.09,3.7,81,3,36,Full,No,82,65,Sold
CDK202401339,2026-01-15,Audi,A4,Base AT,2024,CNG,Automatic,MUV,1998,15.2,Metallic Silver,3,58859,Very Good,Jaipur,Rajasthan,Dealer,36.25,34.15,31.64,2.2,3.9,97,18,17,Unavailable,No,60,64,Sold
CDK202300602,2026-01-15,Tata,Curvv,Sport AT,2023,Diesel,Manual,SUV,2198,20.8,Titanium Bronze,2,56160,Good,Kochi,Kerala,Individual,9.14,8.64,7.12,0.89,4.7,65,24,13,Full,No,88,97,Sold
CDK201901485,2026-01-15,Skoda,Kushaq,ZX MT,2019,Diesel,Automatic,Coupe,3996,21.5,Royal Purple,1,127688,Very Good,Vijayawada,Andhra Pradesh,Individual,13.29,13.29,11.97,0.8,4.0,99,12,33,Unavailable,No,72,41,Under Inspection
CDK202300599,2026-01-15,Tata,Punch,Base AT,2023,Electric,Automatic,SUV,0,5.1,Sunset Orange,1,69426,Excellent,Vijayawada,Andhra Pradesh,Dealer,11.2,11.19,10.19,0.5,4.7,76,6,26,Full,Minor,92,64,Sold
CDK201700690,2026-01-15,Hyundai,i20,SX AT,2017,Petrol,Automatic,SUV,1798,12.7,Royal Purple,1,145035,Good,Kolkata,West Bengal,Dealer,1.8,1.82,1.16,0.07,3.6,80,12,2,Full,No,87,68,Available
CDK201801157,2026-01-15,Volkswagen,Tiguan,Top MT,2018,Electric,Automatic,SUV,0,6.7,Fiery Red,2,128420,Very Good,Kolkata,West Bengal,Dealer,6.25,6.3,5.58,0.46,4.1,40,18,3,Partial,Minor,64,50,Under Inspection
CDK202600538,2026-01-15,Toyota,Urban Cruiser Hyryder,Premium MT,2026,Electric,Automatic,SUV,0,4.7,Metallic Silver,1,41279,Good,Ahmedabad,Gujarat,Dealer,11.44,11.89,10.2,0.98,4.0,70,12,16,Unavailable,No,68,40,Sold
CDK202101115,2026-01-15,Hyundai,Exter,SX AT,2021,Petrol,Manual,Coupe,1798,24.6,Metallic Silver,2,102389,Very Good,Hyderabad,Telangana,Dealer,8.89,8.76,7.14,0.94,3.9,64,24,2,Partial,No,60,54,Sold
CDK202300097,2026-01-15,Maruti Suzuki,Ertiga,ZX,2023,Hybrid,Manual,MPV,1199,26.6,Royal Purple,2,43482,Very Good,Gurugram,Haryana,Dealer,11.76,11.86,9.88,1.26,3.5,62,3,28,Full,No,79,92,Sold
CDK202300439,2026-01-16,Hyundai,Creta,V MT,2023,Diesel,Automatic,MPV,1197,17.7,Royal Purple,1,53020,Excellent,Pune,Maharashtra,Individual,7.72,7.66,6.45,0.8,3.9,58,0,17,Unavailable,No,78,51,Available
CDK202000834,2026-01-16,Mahindra,Bolero,Sport AT,2020,Petrol,Manual,MUV,1290,10.7,Forest Green,1,97706,Excellent,Kolkata,West Bengal,Individual,9.08,9.05,7.73,0.58,4.1,60,0,2,Full,No,78,97,Available
CDK202300932,2026-01-16,Maruti Suzuki,Ciaz,Base,2023,Petrol,Manual,Hatchback,1998,23.7,Ocean Blue,2,44082,Very Good,Kochi,Kerala,Individual,6.74,6.95,6.09,0.53,4.1,51,18,5,Full,Minor,85,80,Available
CDK202300074,2026-01-16,Hyundai,i20,S MT,2023,Petrol,Manual,Hatchback,998,20.5,Forest Green,3,66687,Good,Mumbai,Maharashtra,Certified Used Car Outlet,6.16,6.29,5.18,0.64,4.1,85,3,29,Partial,No,80,97,Available
CDK202200259,2026-01-17,Kia,Sonet,S AT,2022,Petrol,DCT,SUV,1598,24.7,Fiery Red,1,95608,Excellent,Ahmedabad,Gujarat,Dealer,14.66,14.7,12.88,1.59,3.8,41,12,5,Full,Minor,92,58,Available
CDK201801223,2026-01-17,Kia,Seltos,Premium MT,2018,Diesel,AMT,SUV,1798,25.6,Metallic Silver,1,156610,Excellent,Chennai,Tamil Nadu,Dealer,2.87,2.87,2.32,0.17,4.3,99,36,9,Full,Minor,55,64,Reserved
CDK202401119,2026-01-17,Tata,Safari,Premium,2024,Petrol,Manual,SUV,1798,22.6,Royal Purple,1,46454,Very Good,Vijayawada,Andhra Pradesh,Dealer,14.15,14.06,12.5,0.99,5.0,81,0,2,Full,No,85,47,Sold
CDK202200959,2026-01-17,BYD,Atto 3,Top MT,2022,Electric,Automatic,Hatchback,0,3.7,Graphite Grey,1,86573,Excellent,Ahmedabad,Gujarat,Dealer,8.54,8.27,7.1,0.65,4.0,88,12,6,Full,No,52,70,Available
CDK202400109,2026-01-17,Honda,Amaze,SX MT,2024,Hybrid,AMT,Hatchback,1998,20.7,Fiery Red,1,63331,Good,Kochi,Kerala,Individual,5.74,5.9,5.09,0.51,4.6,48,0,4,Full,No,94,76,Under Inspection
CDK202101165,2026-01-18,Nissan,X-Trail,Sport MT,2021,Diesel,Manual,Hatchback,2998,15.2,Graphite Grey,3,72379,Very Good,Bengaluru,Karnataka,Dealer,3.27,3.11,2.46,0.23,3.3,61,24,17,Full,No,61,81,Available
CDK201701374,2026-01-18,Maruti Suzuki,Swift,V MT,2017,Petrol,Automatic,Hatchback,1199,15.8,Graphite Grey,1,157056,Good,Visakhapatnam,Andhra Pradesh,Dealer,1.8,1.77,1.0,0.07,5.0,99,0,25,Partial,No,82,63,Under Inspection
CDK202100322,2026-01-18,Tata,Curvv,Premium AT,2021,Petrol,Automatic,MPV,3996,26.9,Midnight Black,1,109274,Good,Kochi,Kerala,Individual,8.3,8.34,7.35,0.34,4.4,78,3,15,Full,No,84,60,Sold
CDK202400907,2026-01-18,Maruti Suzuki,Ciaz,Base MT,2024,Hybrid,Manual,Hatchback,1798,12.2,Ocean Blue,1,10775,Good,Visakhapatnam,Andhra Pradesh,Dealer,4.14,4.18,3.51,0.19,4.4,64,3,36,Full,No,86,61,Sold
CDK201800906,2026-01-18,Kia,Carens,Plus,2018,Petrol,Manual,MPV,1998,16.3,Forest Green,1,137920,Very Good,Kolkata,West Bengal,Individual,2.87,2.88,2.21,0.3,4.0,82,36,1,Partial,No,63,83,Sold
CDK202200141,2026-01-18,BYD,Atto 3,V AT,2022,Petrol,Automatic,Sedan,1290,24.8,Metallic Silver,3,69703,Very Good,Ahmedabad,Gujarat,Dealer,6.48,6.12,4.9,0.56,4.4,48,6,33,Full,No,61,92,Sold
CDK202501451,2026-01-18,Mahindra,XUV 3XO,Premium MT,2025,Petrol,AMT,Sedan,1598,22.7,Ocean Blue,1,29532,Very Good,Bengaluru,Karnataka,Individual,6.68,6.31,5.64,0.36,2.9,75,3,19,Partial,No,96,94,Sold
CDK202300974,2026-01-18,Hyundai,Creta,Top AT,2023,Petrol,Manual,Coupe,2198,10.7,Forest Green,3,62207,Good,Noida,Uttar Pradesh,Dealer,9.51,9.67,8.51,0.79,4.8,51,3,10,Partial,No,47,75,Sold
CDK202401205,2026-01-18,Mahindra,Scorpio-N,SX MT,2024,Petrol,Manual,Hatchback,1598,24.7,Forest Green,4,35419,Fair,Mumbai,Maharashtra,Dealer,6.2,6.12,5.34,0.48,4.7,22,36,25,Unavailable,No,57,83,Sold
CDK202000733,2026-01-19,Tata,Tigor,Plus MT,2020,Diesel,Manual,SUV,1290,24.9,Fiery Red,1,106663,Good,Bengaluru,Karnataka,Dealer,9.56,9.02,7.7,0.77,4.4,80,0,5,Partial,No,75,69,Under Inspection
CDK201801020,2026-01-19,Tata,Safari,Base MT,2018,Diesel,AMT,MPV,1798,24.5,Ocean Blue,1,132656,Good,Kochi,Kerala,Dealer,4.54,4.36,3.52,0.17,3.1,43,18,28,Full,No,61,89,Sold
CDK202100278,2026-01-19,MG,ZS EV,ZX AT,2021,Petrol,Automatic,Hatchback,1290,16.4,Royal Purple,1,85013,Very Good,Pune,Maharashtra,Certified Used Car Outlet,4.57,4.42,3.88,0.34,4.1,91,24,25,Full,No,92,40,Under Inspection
CDK202300858,2026-01-19,Tata,Harrier,Top MT,2023,Petrol,Manual,Hatchback,1290,14.2,Titanium Bronze,2,62909,Good,Coimbatore,Tamil Nadu,Dealer,3.91,3.79,2.76,0.32,3.4,75,12,1,Full,No,68,88,Sold
CDK202301332,2026-01-19,Maruti Suzuki,Ertiga,ZX,2023,Electric,Automatic,Sedan,0,3.7,Midnight Black,2,64098,Excellent,Chennai,Tamil Nadu,Individual,6.86,6.85,5.88,0.25,3.0,60,18,28,Partial,No,83,63,Sold
CDK202200299,2026-01-20,Mahindra,Thar,Plus AT,2022,Petrol,Manual,SUV,2998,25.4,Ocean Blue,1,70669,Good,Chennai,Tamil Nadu,Individual,6.85,6.67,5.92,0.35,4.2,82,12,18,Full,Minor,80,94,Available
CDK202500216,2026-01-20,Kia,Sonet,V AT,2025,Petrol,CVT,Convertible,1290,22.2,Fiery Red,2,54031,Very Good,Coimbatore,Tamil Nadu,Individual,28.5,29.5,26.82,2.29,4.5,80,18,0,Partial,No,81,94,Sold
CDK201800060,2026-01-20,Tata,Punch,SX AT,2018,Diesel,Automatic,MUV,1197,18.7,Royal Purple,2,142103,Very Good,Delhi,Delhi,Individual,7.0,6.7,5.91,0.47,4.1,71,3,0,Full,No,68,94,Available
CDK202601314,2026-01-20,Kia,Carens,ZX,2026,Diesel,Automatic,Hatchback,2998,19.2,Pearl White,2,9545,Very Good,Hyderabad,Telangana,Individual,8.49,8.57,7.76,0.33,3.6,79,12,12,Full,No,46,71,Available
CDK201900307,2026-01-20,Mahindra,Scorpio-N,Premium MT,2019,Petrol,Automatic,Hatchback,2198,11.3,Forest Green,2,112143,Very Good,Hyderabad,Telangana,Individual,3.86,3.69,3.18,0.23,4.2,64,36,10,Unavailable,No,82,76,Reserved
CDK202100505,2026-01-20,BYD,Atto 3,ZX MT,2021,Diesel,CVT,Hatchback,1998,11.3,Ocean Blue,3,85951,Very Good,Kochi,Kerala,Certified Used Car Outlet,7.6,7.57,6.58,0.49,3.4,82,0,0,Partial,Minor,52,43,Available
CDK202001242,2026-01-20,Mahindra,XUV700,ZX MT,2020,Diesel,Manual,Hatchback,1197,18.1,Metallic Silver,3,101917,Very Good,Jaipur,Rajasthan,Individual,6.14,6.38,5.95,0.28,3.7,51,12,14,Partial,No,67,95,Available
CDK201800711,2026-01-20,Maruti Suzuki,Grand Vitara,Sport AT,2018,Petrol,CVT,Hatchback,2198,17.7,Graphite Grey,2,115212,Very Good,Delhi,Delhi,Dealer,2.19,2.07,1.23,0.12,3.5,99,12,30,Full,No,46,52,Reserved
CDK202201336,2026-01-20,Toyota,Fortuner,Top MT,2022,Hybrid,Manual,SUV,1598,17.0,Royal Purple,1,47047,Very Good,Jaipur,Rajasthan,Dealer,11.42,11.73,10.57,0.97,4.2,86,0,36,Full,Minor,52,95,Sold
CDK201700410,2026-01-20,Hyundai,Venue,Sport MT,2017,Electric,Automatic,MUV,0,5.8,Sunset Orange,3,136917,Very Good,Ahmedabad,Gujarat,Certified Used Car Outlet,3.15,3.26,2.75,0.3,4.9,69,3,8,Partial,Major,61,40,Available
CDK202200866,2026-01-20,Toyota,Fortuner,ZX AT,2022,Electric,Automatic,MUV,0,4.1,Metallic Silver,2,83770,Very Good,Kochi,Kerala,Dealer,10.43,9.92,8.96,0.45,4.4,56,18,15,Partial,No,63,55,Sold
CDK202100182,2026-01-21,Tata,Safari,SX AT,2021,Petrol,AMT,MPV,1497,24.0,Royal Purple,1,58987,Very Good,Visakhapatnam,Andhra Pradesh,Dealer,5.23,5.14,4.39,0.24,3.8,75,0,7,Full,No,48,70,Sold
CDK202601288,2026-01-21,Maruti Suzuki,Fronx,Base MT,2026,Diesel,Manual,SUV,2198,15.3,Sunset Orange,4,18729,Excellent,Pune,Maharashtra,Dealer,13.98,14.23,13.32,0.73,4.2,41,0,21,Full,No,85,93,Available
CDK201901358,2026-01-21,MG,Astor,S,2019,Petrol,Manual,Hatchback,2494,16.3,Metallic Silver,1,114927,Very Good,Pune,Maharashtra,Individual,6.01,5.84,5.0,0.26,4.5,53,24,35,Partial,Major,71,80,Sold
CDK202401477,2026-01-21,BYD,e6,Plus AT,2024,Electric,Automatic,Hatchback,0,5.1,Fiery Red,2,29033,Excellent,Ahmedabad,Gujarat,Dealer,14.69,14.4,13.25,0.65,3.9,89,12,12,Partial,No,90,83,Sold
CDK202001278,2026-01-21,Skoda,Slavia,SX MT,2020,Petrol,Automatic,SUV,1197,25.6,Titanium Bronze,2,127297,Excellent,Ahmedabad,Gujarat,Dealer,3.89,3.79,2.79,0.33,3.9,96,3,19,Unavailable,No,76,57,Sold
CDK201801269,2026-01-21,Renault,Kiger,ZX AT,2018,Petrol,Manual,MUV,2998,16.0,Metallic Silver,1,142888,Fair,Delhi,Delhi,Individual,2.29,2.31,1.7,0.16,4.0,59,24,0,Full,No,79,83,Available
CDK201800611,2026-01-21,Mahindra,Bolero,Premium MT,2018,Petrol,CVT,SUV,1598,16.0,Pearl White,3,110688,Good,Mumbai,Maharashtra,Certified Used Car Outlet,8.45,8.52,7.62,0.33,3.4,64,12,36,Partial,Minor,81,89,Sold
CDK202100709,2026-01-21,Maruti Suzuki,Grand Vitara,V MT,2021,Hybrid,Manual,MPV,998,10.1,Pearl White,2,109957,Very Good,Visakhapatnam,Andhra Pradesh,Individual,5.73,5.71,5.05,0.32,2.9,69,18,17,Full,No,97,88,Available
CDK201700305,2026-01-22,Maruti Suzuki,Swift,ZX AT,2017,Hybrid,CVT,Hatchback,2494,14.9,Titanium Bronze,1,156612,Excellent,Vijayawada,Andhra Pradesh,Dealer,1.88,1.9,1.53,0.16,4.1,62,12,21,Full,Major,91,58,Sold
CDK202600886,2026-01-22,Mahindra,Scorpio Classic,ZX AT,2026,Petrol,Manual,Hatchback,1199,19.4,Metallic Silver,1,8158,Very Good,Noida,Uttar Pradesh,Dealer,12.49,12.53,11.48,0.86,3.1,68,6,19,Full,Minor,57,46,Available
CDK201901056,2026-01-22,Tata,Punch,Base MT,2019,Petrol,CVT,Hatchback,3996,15.9,Titanium Bronze,2,123843,Good,Mumbai,Maharashtra,Dealer,2.74,2.66,2.19,0.22,3.7,65,18,18,Full,Minor,65,87,Sold
CDK201901349,2026-01-22,Maruti Suzuki,Ertiga,S AT,2019,Petrol,AMT,MUV,2198,11.5,Metallic Silver,2,95809,Very Good,Pune,Maharashtra,Dealer,8.03,7.62,7.1,0.32,4.0,63,6,23,Full,No,71,98,Sold
CDK202600831,2026-01-22,Volkswagen,Tiguan,S AT,2026,Diesel,Manual,Sedan,2494,24.7,Ocean Blue,4,55162,Very Good,Mumbai,Maharashtra,Dealer,19.22,18.26,16.6,1.16,3.8,42,36,30,Unavailable,No,51,95,Available
CDK201701422,2026-01-22,Hyundai,Alcazar,Premium AT,2017,Petrol,Manual,Convertible,3996,15.0,Sunset Orange,2,157661,Good,Gurugram,Haryana,Certified Used Car Outlet,8.96,8.97,7.74,0.97,4.6,98,18,3,Partial,No,70,89,Sold
CDK202200461,2026-01-22,Mercedes-Benz,GLA,Plus AT,2022,Diesel,CVT,MUV,2494,17.9,Royal Purple,2,82262,Good,Coimbatore,Tamil Nadu,Individual,28.29,28.71,25.95,2.55,4.0,73,6,23,Unavailable,Major,71,61,Available
CDK202401458,2026-01-22,Tata,Harrier,ZX,2024,CNG,Automatic,Sedan,1197,25.9,Graphite Grey,2,69834,Good,Gurugram,Haryana,Individual,8.63,8.55,7.3,0.63,3.8,46,36,16,Full,No,96,71,Sold
CDK202400512,2026-01-22,Hyundai,i20,S,2024,Diesel,Automatic,MUV,1598,21.8,Metallic Silver,1,66230,Good,Kochi,Kerala,Certified Used Car Outlet,9.8,9.52,7.75,1.04,3.1,71,12,5,Partial,No,72,64,Sold
CDK202300793,2026-01-23,Mahindra,Scorpio Classic,Base,2023,Petrol,Manual,Coupe,2198,16.8,Sunset Orange,4,43598,Very Good,Chennai,Tamil Nadu,Individual,19.69,19.66,17.75,1.22,4.6,83,3,19,Unavailable,No,59,55,Under Inspection
CDK202501061,2026-01-23,Audi,A6,ZX MT,2025,Electric,Automatic,SUV,0,4.8,Fiery Red,5,67117,Excellent,Pune,Maharashtra,Certified Used Car Outlet,68.36,67.99,63.42,4.26,4.6,86,6,3,Unavailable,Minor,65,97,Sold
CDK202600255,2026-01-23,Maruti Suzuki,Grand Vitara,SX AT,2026,Electric,Automatic,Sedan,0,5.0,Pearl White,2,34399,Good,Hyderabad,Telangana,Dealer,15.69,15.17,14.24,0.64,4.1,86,0,3,Partial,No,74,46,Sold
CDK202000129,2026-01-23,Maruti Suzuki,Ertiga,V AT,2020,Petrol,Automatic,SUV,998,24.4,Ocean Blue,3,105159,Good,Pune,Maharashtra,Dealer,7.4,7.16,6.44,0.26,4.1,50,36,19,Full,Minor,65,49,Sold
CDK201700641,2026-01-23,Maruti Suzuki,Baleno,Top AT,2017,Petrol,AMT,SUV,1497,27.6,Ocean Blue,1,147867,Fair,Kochi,Kerala,Dealer,1.8,1.82,1.56,0.08,3.1,67,6,28,Partial,No,50,88,Under Inspection
CDK201701404,2026-01-23,Volkswagen,Taigun,Plus AT,2017,Electric,Automatic,SUV,0,4.8,Midnight Black,4,153742,Good,Bengaluru,Karnataka,Dealer,4.73,4.5,3.6,0.16,4.6,99,18,27,Full,No,81,49,Sold
CDK201901280,2026-01-23,Tata,Altroz,S MT,2019,CNG,Manual,Hatchback,998,24.6,Titanium Bronze,3,90240,Good,Jaipur,Rajasthan,Individual,2.13,2.0,1.7,0.18,3.3,68,0,30,Full,No,92,90,Sold
CDK202400545,2026-01-24,Tata,Nexon,Premium,2024,Petrol,Manual,Hatchback,998,18.9,Forest Green,2,55183,Fair,Coimbatore,Tamil Nadu,Dealer,7.18,7.32,6.65,0.4,4.3,78,12,18,Full,No,91,70,Sold
CDK202301408,2026-01-25,Kia,EV6,Premium MT,2023,Petrol,Automatic,MUV,1199,26.0,Ocean Blue,2,83818,Good,Jaipur,Rajasthan,Individual,17.24,16.6,14.83,1.03,4.5,84,0,31,Full,No,72,80,Under Inspection
CDK202401454,2026-01-25,Kia,Sonet,Plus MT,2024,Electric,Automatic,Hatchback,0,4.5,Sunset Orange,1,67457,Good,Pune,Maharashtra,Dealer,15.51,15.32,13.45,1.53,3.0,50,0,22,Unavailable,No,81,64,Sold
CDK202400531,2026-01-25,Honda,Amaze,Plus,2024,Electric,Automatic,SUV,0,6.8,Forest Green,2,42220,Fair,Vijayawada,Andhra Pradesh,Dealer,14.82,15.06,12.87,1.47,3.9,56,18,22,Partial,No,90,73,Reserved
CDK201800101,2026-01-25,Toyota,Glanza,Plus MT,2018,Petrol,DCT,MPV,1598,17.3,Royal Purple,4,136931,Good,Coimbatore,Tamil Nadu,Dealer,2.87,2.74,1.84,0.22,3.8,32,18,11,Full,No,86,57,Reserved
CDK202300304,2026-01-26,Honda,City,Premium,2023,Diesel,AMT,MUV,2998,14.7,Fiery Red,1,96426,Good,Jaipur,Rajasthan,Dealer,13.86,13.2,12.01,0.96,3.8,56,36,1,Full,No,90,45,Available
CDK202100087,2026-01-26,Tata,Altroz,Sport AT,2021,Electric,Automatic,MPV,0,5.9,Midnight Black,1,80036,Very Good,Vijayawada,Andhra Pradesh,Dealer,9.1,8.89,7.89,0.48,3.9,55,3,25,Partial,No,73,57,Under Inspection
CDK201901214,2026-01-26,Maruti Suzuki,Swift,V,2019,Diesel,Automatic,Sedan,2198,16.2,Royal Purple,1,110345,Good,Vijayawada,Andhra Pradesh,Certified Used Car Outlet,2.71,2.77,2.19,0.22,4.0,71,18,7,Full,No,46,83,Sold
CDK202000089,2026-01-26,Hyundai,Alcazar,Base,2020,CNG,Manual,MUV,2198,26.0,Graphite Grey,1,96815,Fair,Gurugram,Haryana,Dealer,6.82,6.61,5.78,0.25,3.4,68,0,7,Full,No,70,45,Available
CDK201801424,2026-01-26,Tata,Nexon,Base MT,2018,Petrol,Automatic,SUV,1197,19.2,Midnight Black,1,116369,Very Good,Kolkata,West Bengal,Certified Used Car Outlet,4.66,4.75,3.84,0.21,3.2,99,24,3,Partial,No,45,56,Reserved
CDK202000788,2026-01-26,Mahindra,XUV700,V MT,2020,Petrol,Manual,MPV,2998,13.3,Pearl White,1,86006,Excellent,Pune,Maharashtra,Certified Used Car Outlet,5.03,4.87,4.03,0.47,4.3,69,0,5,Full,No,56,94,Reserved
CDK202301348,2026-01-26,Maruti Suzuki,Swift,Plus,2023,CNG,CVT,Sedan,1290,23.1,Royal Purple,1,34468,Good,Jaipur,Rajasthan,Certified Used Car Outlet,5.25,4.95,3.89,0.44,4.1,74,6,0,Partial,No,89,58,Available
CDK202500046,2026-01-26,Renault,Kwid,Sport,2025,Diesel,DCT,MUV,998,17.1,Titanium Bronze,1,32632,Good,Pune,Maharashtra,Dealer,14.87,14.31,13.35,0.72,4.6,88,0,2,Unavailable,No,66,99,Sold
CDK201901215,2026-01-26,Honda,Elevate,Sport MT,2019,Petrol,Manual,Hatchback,2998,18.0,Graphite Grey,1,120339,Good,Gurugram,Haryana,Dealer,3.55,3.67,2.68,0.31,3.5,57,36,8,Partial,No,85,84,Sold
CDK202400528,2026-01-27,Hyundai,Verna,SX MT,2024,Diesel,Automatic,MUV,2998,18.2,Titanium Bronze,1,28099,Very Good,Chennai,Tamil Nadu,Individual,14.16,14.0,12.16,1.13,3.7,66,18,20,Partial,Minor,61,62,Available
CDK201801312,2026-01-27,Tata,Tiago,Plus AT,2018,Diesel,Manual,MUV,1598,16.2,Ocean Blue,1,125316,Excellent,Delhi,Delhi,Certified Used Car Outlet,4.98,4.97,4.25,0.36,3.7,73,36,3,Full,No,46,87,Available
CDK202001003,2026-01-27,BYD,e6,S MT,2020,Electric,Automatic,SUV,0,3.6,Titanium Bronze,2,76242,Good,Bengaluru,Karnataka,Individual,13.55,12.91,11.82,0.65,4.1,74,18,9,Full,No,48,55,Reserved
CDK201701052,2026-01-27,Maruti Suzuki,Grand Vitara,Sport MT,2017,Diesel,Manual,MPV,2198,16.6,Midnight Black,2,116313,Good,Jaipur,Rajasthan,Individual,1.8,1.7,1.22,0.11,4.0,74,3,20,Unavailable,No,83,78,Available
CDK201900578,2026-01-27,Tata,Tigor,V,2019,Petrol,DCT,Hatchback,1598,26.2,Pearl White,2,108852,Good,Kolkata,West Bengal,Dealer,2.35,2.36,1.82,0.11,5.0,85,12,6,Partial,No,85,43,Available
CDK202600524,2026-01-27,Maruti Suzuki,Brezza,Plus MT,2026,Petrol,Manual,MPV,2198,24.5,Fiery Red,1,1500,Very Good,Coimbatore,Tamil Nadu,Certified Used Car Outlet,8.68,9.0,7.4,0.94,3.2,63,12,23,Partial,No,48,57,Available
CDK202001329,2026-01-28,BYD,Atto 3,V MT,2020,CNG,Automatic,MPV,1598,14.2,Titanium Bronze,1,106707,Very Good,Pune,Maharashtra,Dealer,13.29,12.56,10.87,1.37,4.1,51,6,21,Partial,Minor,78,60,Sold
CDK202100671,2026-01-28,Maruti Suzuki,Brezza,Base,2021,Petrol,DCT,Coupe,1290,10.5,Metallic Silver,4,87645,Good,Delhi,Delhi,Individual,6.9,6.64,5.71,0.52,4.1,70,12,10,Partial,No,57,47,Available
CDK202401354,2026-01-28,Jeep,Meridian,ZX AT,2024,Diesel,Manual,SUV,1497,21.4,Sunset Orange,3,57846,Very Good,Hyderabad,Telangana,Certified Used Car Outlet,14.68,14.07,12.8,0.61,3.8,69,6,4,Unavailable,No,70,52,Sold
CDK201900901,2026-01-29,Maruti Suzuki,Grand Vitara,ZX,2019,Petrol,CVT,Convertible,1798,10.2,Fiery Red,3,119545,Good,Ahmedabad,Gujarat,Individual,4.57,4.68,3.84,0.25,3.9,52,0,1,Full,No,76,44,Sold
CDK201800477,2026-01-29,Tata,Curvv,Sport,2018,Petrol,Manual,Sedan,1998,20.1,Fiery Red,2,138420,Very Good,Chennai,Tamil Nadu,Certified Used Car Outlet,1.8,1.78,1.44,0.16,4.0,86,12,15,Full,No,80,95,Sold
CDK202600663,2026-01-29,Maruti Suzuki,Dzire,Plus,2026,Petrol,CVT,MPV,2494,14.8,Sunset Orange,2,37708,Good,Chennai,Tamil Nadu,Individual,8.0,7.95,7.28,0.32,4.7,99,36,29,Full,No,92,62,Under Inspection
CDK202300648,2026-01-29,Nissan,X-Trail,S AT,2023,Petrol,Automatic,SUV,3996,27.1,Titanium Bronze,2,40300,Good,Vijayawada,Andhra Pradesh,Certified Used Car Outlet,7.89,7.81,6.7,0.42,4.0,85,12,20,Unavailable,Major,47,45,Available
CDK202601075,2026-01-29,Tata,Tiago,Base MT,2026,Diesel,Automatic,MPV,3996,15.9,Graphite Grey,3,42930,Good,Bengaluru,Karnataka,Dealer,9.33,8.96,7.96,0.66,4.8,83,3,29,Full,Minor,53,43,Available
CDK202000577,2026-01-29,Tata,Safari,SX,2020,Diesel,Automatic,SUV,1290,17.6,Graphite Grey,1,105366,Good,Gurugram,Haryana,Dealer,6.76,6.88,5.9,0.37,4.0,91,12,0,Partial,No,50,85,Sold
CDK202000568,2026-01-29,Mahindra,Bolero,Premium MT,2020,Diesel,Automatic,SUV,1197,12.3,Sunset Orange,3,90196,Fair,Noida,Uttar Pradesh,Certified Used Car Outlet,8.79,8.46,7.62,0.67,4.5,61,36,28,Partial,No,80,89,Sold
CDK202401367,2026-01-29,Toyota,Urban Cruiser Hyryder,Premium MT,2024,Diesel,Manual,Hatchback,1199,27.0,Midnight Black,1,57968,Good,Gurugram,Haryana,Certified Used Car Outlet,14.93,14.19,12.22,1.38,4.4,46,36,25,Full,No,69,99,Sold
CDK202300581,2026-01-29,Tata,Harrier,Top,2023,Petrol,Manual,Coupe,1598,15.5,Royal Purple,3,46917,Good,Noida,Uttar Pradesh,Individual,11.63,11.33,9.58,1.12,5.0,70,18,17,Partial,No,64,93,Sold
CDK202401423,2026-01-29,Tata,Tiago,Sport MT,2024,Petrol,Manual,MPV,1798,25.9,Ocean Blue,2,47717,Good,Visakhapatnam,Andhra Pradesh,Dealer,11.48,10.98,10.08,0.45,4.8,99,24,19,Full,No,97,74,Sold
CDK202000339,2026-01-29,Maruti Suzuki,Baleno,Sport,2020,Petrol,Automatic,SUV,998,14.9,Fiery Red,1,93612,Good,Chennai,Tamil Nadu,Individual,7.69,7.31,6.29,0.79,3.4,78,24,11,Full,No,91,64,Under Inspection
CDK202401254,2026-01-30,Hyundai,Creta,V AT,2024,Petrol,Manual,MUV,1290,10.1,Fiery Red,1,50242,Excellent,Delhi,Delhi,Individual,12.59,11.96,10.35,1.3,4.5,70,6,20,Partial,No,76,93,Available
CDK202200692,2026-01-30,Maruti Suzuki,Fronx,S,2022,Petrol,AMT,SUV,1598,10.1,Midnight Black,1,66785,Good,Ahmedabad,Gujarat,Certified Used Car Outlet,10.77,10.55,8.7,1.13,3.8,63,3,15,Full,No,65,98,Sold
CDK202400494,2026-01-30,Mahindra,XUV400,SX MT,2024,Petrol,Manual,SUV,1197,15.9,Metallic Silver,1,29766,Very Good,Coimbatore,Tamil Nadu,Individual,18.54,17.52,16.29,1.05,3.3,50,12,18,Partial,No,72,69,Available
CDK202201116,2026-01-30,Maruti Suzuki,Ciaz,Sport,2022,Diesel,Automatic,SUV,1197,15.1,Titanium Bronze,2,93849,Very Good,Hyderabad,Telangana,Dealer,7.63,7.88,6.99,0.64,4.5,55,0,2,Full,Minor,63,58,Available
CDK202601290,2026-01-30,Volkswagen,Tiguan,SX,2026,Petrol,Automatic,MPV,998,21.2,Ocean Blue,5,28226,Good,Pune,Maharashtra,Dealer,22.85,21.85,18.77,2.37,3.7,29,12,10,Full,No,71,77,Under Inspection
CDK202200664,2026-01-30,Kia,Sonet,Premium AT,2022,Electric,Automatic,SUV,0,6.7,Midnight Black,3,72327,Very Good,Pune,Maharashtra,Individual,8.41,8.0,7.01,0.42,4.4,69,24,13,Full,No,70,84,Reserved
CDK202000180,2026-01-31,Mahindra,XUV 3XO,Base,2020,Hybrid,DCT,Sedan,1290,13.9,Forest Green,1,85564,Good,Hyderabad,Telangana,Dealer,4.37,4.49,3.48,0.45,4.2,99,3,3,Partial,No,79,88,Sold
CDK202401330,2026-01-31,Volkswagen,Tiguan,SX AT,2024,Electric,Automatic,MUV,0,6.7,Ocean Blue,1,55782,Good,Delhi,Delhi,Individual,26.16,24.92,23.41,1.34,4.8,80,24,29,Full,No,67,81,Available
CDK202001439,2026-01-31,Volvo,XC40,S AT,2020,Diesel,CVT,MPV,3996,18.9,Royal Purple,1,99391,Good,Ahmedabad,Gujarat,Individual,18.42,18.98,17.52,1.31,4.5,45,3,30,Full,No,48,84,Sold
CDK202000173,2026-01-31,Mahindra,Bolero,Sport AT,2020,Hybrid,Manual,Hatchback,1290,12.7,Forest Green,2,64831,Very Good,Kolkata,West Bengal,Dealer,8.39,7.92,6.7,0.57,2.8,42,36,23,Partial,No,66,91,Sold
CDK202100456,2026-01-31,Kia,Seltos,SX,2021,Petrol,Automatic,MUV,1998,15.8,Midnight Black,1,109848,Good,Visakhapatnam,Andhra Pradesh,Dealer,13.44,13.63,12.05,0.98,4.2,59,36,27,Partial,No,83,76,Available
CDK202100570,2026-01-31,Volkswagen,Tiguan,Sport,2021,Electric,Automatic,MUV,0,5.0,Fiery Red,1,84497,Good,Ahmedabad,Gujarat,Dealer,15.75,15.6,14.04,0.95,3.7,48,18,30,Full,No,89,65,Reserved
CDK202501063,2026-02-01,Maruti Suzuki,Baleno,Base AT,2025,Diesel,Manual,MUV,1497,22.6,Fiery Red,2,39390,Very Good,Chennai,Tamil Nadu,Dealer,17.39,17.81,16.14,1.47,2.8,87,18,3,Full,No,72,87,Available
CDK202401204,2026-02-01,Tata,Tiago,ZX,2024,Diesel,Automatic,SUV,2198,17.3,Forest Green,1,35187,Good,Coimbatore,Tamil Nadu,Dealer,10.67,10.75,9.11,0.99,3.3,77,24,20,Full,No,98,50,Under Inspection
CDK202300272,2026-02-01,Hyundai,Exter,Sport MT,2023,Electric,Automatic,Sedan,0,3.2,Midnight Black,1,98071,Very Good,Vijayawada,Andhra Pradesh,Dealer,12.57,12.93,11.32,1.35,3.2,89,3,14,Full,No,71,57,Under Inspection
CDK201701173,2026-02-02,Nissan,X-Trail,Base MT,2017,Petrol,Manual,Sedan,2198,19.5,Forest Green,1,136478,Good,Hyderabad,Telangana,Dealer,2.33,2.23,1.34,0.16,3.2,59,24,22,Full,No,73,65,Available
CDK201800190,2026-02-02,Hyundai,Grand i10 Nios,Premium AT,2018,Diesel,DCT,SUV,2198,12.2,Titanium Bronze,1,77121,Very Good,Gurugram,Haryana,Dealer,2.67,2.73,2.11,0.25,4.2,79,18,32,Full,No,90,52,Available
CDK202500823,2026-02-02,Kia,EV6,Plus,2025,Petrol,Automatic,MPV,1197,11.0,Graphite Grey,1,22061,Good,Jaipur,Rajasthan,Certified Used Car Outlet,13.02,12.88,11.71,0.87,3.6,79,6,32,Full,No,90,52,Sold
CDK202000520,2026-02-02,Mahindra,Bolero,Sport AT,2020,Petrol,Manual,Hatchback,2198,24.0,Midnight Black,1,104486,Very Good,Vijayawada,Andhra Pradesh,Dealer,9.28,8.78,7.95,0.58,4.3,72,6,2,Partial,No,87,56,Available
CDK201800425,2026-02-02,Maruti Suzuki,Brezza,S,2018,CNG,Manual,Sedan,1290,28.0,Pearl White,3,169443,Good,Visakhapatnam,Andhra Pradesh,Certified Used Car Outlet,3.79,3.87,3.01,0.24,3.8,70,12,8,Partial,No,97,65,Available
CDK202501431,2026-02-03,Kia,Carens,SX,2025,Petrol,Manual,SUV,1497,15.2,Forest Green,2,24340,Excellent,Kolkata,West Bengal,Individual,10.06,10.36,9.49,0.7,2.7,68,18,14,Full,No,97,81,Available
CDK201801222,2026-02-03,Maruti Suzuki,Dzire,S MT,2018,Petrol,AMT,Coupe,2998,17.4,Ocean Blue,1,133657,Fair,Kolkata,West Bengal,Individual,3.24,3.17,2.43,0.24,4.0,64,12,26,Full,No,97,43,Under Inspection
CDK202101247,2026-02-03,MG,Gloster,ZX MT,2021,Electric,Automatic,SUV,0,3.3,Metallic Silver,2,97326,Very Good,Coimbatore,Tamil Nadu,Dealer,12.32,11.75,10.54,0.97,4.8,99,3,12,Partial,No,89,80,Sold
CDK202101113,2026-02-03,Hyundai,Venue,SX AT,2021,Diesel,DCT,Hatchback,998,19.9,Royal Purple,1,126200,Good,Visakhapatnam,Andhra Pradesh,Dealer,2.38,2.44,1.87,0.13,3.6,73,24,17,Full,No,90,56,Available
CDK201700763,2026-02-04,Tata,Harrier,Top AT,2017,Diesel,Manual,Coupe,1290,14.7,Royal Purple,4,175605,Very Good,Kolkata,West Bengal,Dealer,3.86,3.78,3.44,0.2,3.2,95,18,0,Full,Major,56,78,Available
CDK202101013,2026-02-04,Skoda,Superb,Plus MT,2021,Diesel,CVT,Hatchback,1798,10.6,Royal Purple,1,64398,Excellent,Ahmedabad,Gujarat,Dealer,10.15,10.5,9.19,0.77,4.5,66,0,26,Full,Minor,65,63,Available
CDK201700077,2026-02-04,BYD,Atto 3,V MT,2017,Petrol,Manual,MPV,1497,18.4,Graphite Grey,2,121048,Good,Visakhapatnam,Andhra Pradesh,Certified Used Car Outlet,3.63,3.64,3.04,0.38,3.0,56,36,12,Full,No,85,85,Sold
CDK202000756,2026-02-04,Honda,Amaze,S,2020,Diesel,Automatic,Convertible,2494,26.9,Sunset Orange,3,108902,Excellent,Mumbai,Maharashtra,Individual,22.12,22.42,20.24,1.73,3.3,90,24,27,Full,No,76,50,Sold
CDK201801014,2026-02-04,Honda,City,Premium,2018,Diesel,Manual,Hatchback,1197,14.8,Ocean Blue,2,154191,Very Good,Ahmedabad,Gujarat,Certified Used Car Outlet,4.37,4.32,3.83,0.21,4.6,53,12,31,Full,No,95,46,Available
CDK202100160,2026-02-04,Skoda,Kodiaq,ZX MT,2021,Hybrid,Manual,SUV,1497,19.3,Sunset Orange,3,90748,Good,Gurugram,Haryana,Individual,11.34,11.24,10.2,0.41,3.9,59,24,1,Full,No,68,55,Sold
CDK201701360,2026-02-04,Renault,Kiger,Sport,2017,Diesel,DCT,SUV,1199,14.8,Midnight Black,2,136688,Good,Chennai,Tamil Nadu,Dealer,2.33,2.33,1.61,0.11,5.0,57,0,25,Partial,No,95,98,Available
CDK201800535,2026-02-05,Maruti Suzuki,Ertiga,ZX,2018,Diesel,Manual,Sedan,1497,10.2,Midnight Black,1,124514,Good,Visakhapatnam,Andhra Pradesh,Individual,2.31,2.26,1.52,0.16,2.8,85,6,4,Partial,No,63,92,Sold
CDK202201258,2026-02-05,Skoda,Kodiaq,V,2022,Petrol,Manual,Hatchback,1290,16.8,Sunset Orange,2,63841,Very Good,Coimbatore,Tamil Nadu,Dealer,8.01,8.31,7.28,0.42,4.1,61,0,21,Partial,No,69,89,Reserved
CDK202600015,2026-02-05,Toyota,Glanza,Premium MT,2026,Diesel,Manual,MUV,2494,26.2,Forest Green,1,3323,Very Good,Kolkata,West Bengal,Certified Used Car Outlet,17.15,16.87,15.19,1.08,4.5,70,18,36,Partial,Major,67,47,Reserved
CDK202301340,2026-02-05,Toyota,Glanza,SX MT,2023,Petrol,Manual,MPV,1197,19.2,Titanium Bronze,2,42323,Very Good,Jaipur,Rajasthan,Dealer,12.56,11.96,11.16,0.62,3.9,57,36,17,Full,No,64,42,Available
CDK202601450,2026-02-05,Mahindra,Scorpio Classic,Top AT,2026,Petrol,Manual,SUV,1197,18.0,Sunset Orange,1,1500,Very Good,Kolkata,West Bengal,Dealer,14.1,13.48,12.52,0.49,3.5,74,24,29,Partial,No,63,54,Available
CDK202201047,2026-02-05,Mahindra,Bolero,Top AT,2022,Hybrid,AMT,Sedan,1798,22.8,Metallic Silver,1,72700,Fair,Chennai,Tamil Nadu,Certified Used Car Outlet,5.7,5.75,5.06,0.37,3.5,83,18,10,Partial,No,56,42,Sold
CDK202000790,2026-02-05,Hyundai,Exter,Plus MT,2020,Electric,Automatic,SUV,0,5.3,Titanium Bronze,2,96178,Excellent,Jaipur,Rajasthan,Dealer,6.53,6.3,5.04,0.55,4.9,67,6,28,Full,Minor,58,78,Available
CDK201701239,2026-02-05,Volkswagen,Tiguan,Top,2017,Petrol,Manual,Sedan,2198,12.3,Titanium Bronze,2,142105,Good,Ahmedabad,Gujarat,Dealer,1.89,1.82,1.22,0.14,4.2,87,12,11,Unavailable,No,55,51,Under Inspection
CDK202000276,2026-02-06,Renault,Kiger,SX MT,2020,Petrol,Automatic,Sedan,3996,17.6,Royal Purple,2,98751,Very Good,Kolkata,West Bengal,Individual,6.43,6.5,5.56,0.6,4.1,95,24,11,Partial,No,77,41,Available
CDK202201007,2026-02-06,Maruti Suzuki,Dzire,Plus AT,2022,Petrol,CVT,MUV,1199,12.0,Titanium Bronze,2,86580,Fair,Ahmedabad,Gujarat,Dealer,5.86,5.95,5.07,0.35,5.0,46,0,17,Full,No,58,49,Sold
CDK201900814,2026-02-06,Tata,Safari,Premium MT,2019,Diesel,CVT,SUV,2198,22.6,Forest Green,1,121158,Good,Mumbai,Maharashtra,Individual,4.85,4.94,4.28,0.41,3.5,66,18,23,Unavailable,No,67,56,Available
CDK202501257,2026-02-06,Kia,Carens,SX,2025,CNG,Manual,MUV,1598,21.5,Sunset Orange,2,60101,Good,Bengaluru,Karnataka,Individual,18.77,19.21,17.46,1.2,3.6,44,24,19,Partial,No,89,97,Available
CDK201800613,2026-02-06,Maruti Suzuki,Ertiga,Base,2018,Electric,Automatic,SUV,0,6.6,Fiery Red,2,120100,Very Good,Kochi,Kerala,Dealer,1.85,1.8,1.43,0.09,3.3,65,36,21,Unavailable,No,97,49,Available
CDK201700762,2026-02-06,Tata,Altroz,Sport AT,2017,Petrol,AMT,SUV,2998,18.0,Sunset Orange,4,167896,Good,Noida,Uttar Pradesh,Individual,4.19,3.94,3.26,0.16,4.6,76,3,3,Partial,Minor,78,90,Available
CDK202001325,2026-02-06,Volkswagen,Virtus,SX MT,2020,Electric,Automatic,SUV,0,3.8,Metallic Silver,1,119260,Very Good,Kolkata,West Bengal,Certified Used Car Outlet,8.9,8.92,8.02,0.63,3.7,59,3,35,Full,No,92,57,Under Inspection
CDK202301359,2026-02-06,Honda,Amaze,Premium,2023,Petrol,AMT,MUV,2198,17.2,Graphite Grey,1,58034,Very Good,Vijayawada,Andhra Pradesh,Individual,9.45,9.67,8.48,0.83,3.2,83,3,18,Partial,No,47,45,Available
CDK201800509,2026-02-06,Kia,Sonet,S MT,2018,CNG,Manual,MPV,2198,21.9,Metallic Silver,3,125013,Very Good,Mumbai,Maharashtra,Individual,9.32,8.96,7.85,0.87,3.4,31,18,8,Unavailable,No,60,90,Sold
CDK202300385,2026-02-07,Mahindra,Scorpio Classic,Plus MT,2023,Petrol,Automatic,Sedan,1199,18.0,Midnight Black,1,45756,Excellent,Pune,Maharashtra,Individual,14.86,14.52,13.16,1.18,4.6,48,12,24,Full,No,79,60,Sold
CDK201900037,2026-02-07,Volkswagen,Taigun,Plus AT,2019,Electric,Automatic,MPV,0,3.6,Sunset Orange,1,117188,Good,Hyderabad,Telangana,Dealer,5.06,4.88,3.99,0.43,4.7,36,6,5,Unavailable,Minor,45,86,Available
CDK202400605,2026-02-07,Kia,Carens,Base AT,2024,CNG,Manual,SUV,1998,21.5,Fiery Red,1,47952,Good,Kolkata,West Bengal,Dealer,18.98,18.66,17.34,1.19,4.3,67,24,18,Partial,No,75,50,Available
CDK202300876,2026-02-07,Maruti Suzuki,Grand Vitara,Top MT,2023,Diesel,Manual,Sedan,2198,10.2,Pearl White,1,66486,Very Good,Hyderabad,Telangana,Dealer,7.79,7.96,7.17,0.45,3.5,71,12,10,Partial,No,89,56,Under Inspection
CDK202300043,2026-02-07,Mahindra,Bolero,Plus MT,2023,Diesel,Manual,SUV,1199,14.6,Midnight Black,1,84718,Good,Kolkata,West Bengal,Individual,15.18,14.78,13.18,1.4,3.9,41,6,7,Full,No,66,77,Under Inspection
CDK201900820,2026-02-08,Maruti Suzuki,Dzire,Base AT,2019,Electric,Automatic,Coupe,0,3.3,Forest Green,2,119557,Good,Gurugram,Haryana,Certified Used Car Outlet,4.76,4.83,3.8,0.48,3.4,56,24,1,Full,No,57,98,Available
CDK202101356,2026-02-08,Renault,Kiger,Sport MT,2021,Petrol,Manual,Sedan,2494,12.6,Titanium Bronze,2,86254,Good,Coimbatore,Tamil Nadu,Individual,8.57,8.13,7.23,0.33,4.1,44,0,36,Partial,Minor,87,59,Sold
CDK201700450,2026-02-08,Honda,Amaze,Sport MT,2017,Petrol,Manual,SUV,1798,18.8,Midnight Black,3,123763,Fair,Visakhapatnam,Andhra Pradesh,Individual,3.44,3.37,2.76,0.27,3.5,79,18,15,Partial,No,56,73,Sold
CDK202100895,2026-02-08,Honda,Elevate,Sport MT,2021,Electric,Automatic,Hatchback,0,6.4,Titanium Bronze,1,94638,Fair,Pune,Maharashtra,Dealer,5.77,5.83,5.22,0.31,4.7,69,6,24,Partial,No,82,58,Available
CDK201900471,2026-02-08,Renault,Kwid,Base AT,2019,Hybrid,Manual,MPV,1798,17.9,Midnight Black,1,117184,Very Good,Pune,Maharashtra,Dealer,3.87,3.88,3.44,0.25,3.9,65,18,3,Full,No,60,48,Sold
CDK202501281,2026-02-08,Honda,Elevate,S AT,2025,Petrol,Manual,SUV,2198,12.8,Sunset Orange,5,17916,Good,Chennai,Tamil Nadu,Dealer,19.59,18.87,16.98,1.6,4.6,30,3,36,Unavailable,No,52,82,Sold
CDK202401168,2026-02-08,Maruti Suzuki,Baleno,ZX MT,2024,Petrol,Automatic,SUV,1199,11.2,Sunset Orange,3,71396,Fair,Delhi,Delhi,Individual,4.8,4.66,4.24,0.17,3.9,55,18,10,Full,No,63,63,Available
CDK201900732,2026-02-08,Volkswagen,Virtus,SX MT,2019,Diesel,Manual,MPV,1497,17.8,Sunset Orange,1,121148,Very Good,Chennai,Tamil Nadu,Individual,6.17,6.17,5.11,0.56,4.0,74,6,25,Full,Minor,52,55,Under Inspection
CDK202300921,2026-02-09,Toyota,Fortuner,Sport MT,2023,Diesel,CVT,Coupe,1290,11.2,Metallic Silver,1,72178,Excellent,Ahmedabad,Gujarat,Dealer,20.31,20.23,18.78,0.95,3.9,87,18,14,Partial,No,63,57,Under Inspection
CDK201700330,2026-02-09,Maruti Suzuki,Swift,V MT,2017,Diesel,Automatic,SUV,2494,14.8,Midnight Black,1,130825,Fair,Coimbatore,Tamil Nadu,Dealer,3.5,3.62,3.14,0.16,4.8,90,12,18,Partial,No,94,84,Available
CDK201800464,2026-02-09,Renault,Triber,ZX MT,2018,Electric,Automatic,SUV,0,3.4,Ocean Blue,3,97415,Good,Delhi,Delhi,Individual,5.67,5.43,4.73,0.29,4.8,59,36,27,Full,No,93,67,Under Inspection
CDK201701274,2026-02-09,Audi,A6,Sport AT,2017,Electric,Automatic,Convertible,0,3.5,Fiery Red,2,166166,Very Good,Coimbatore,Tamil Nadu,Dealer,17.99,17.34,15.36,1.51,5.0,98,18,10,Unavailable,No,51,74,Available
CDK202100475,2026-02-10,Volkswagen,Virtus,Premium MT,2021,Electric,Automatic,SUV,0,5.6,Titanium Bronze,2,102237,Fair,Delhi,Delhi,Dealer,14.8,14.21,12.58,1.08,3.7,90,36,23,Partial,No,71,99,Sold
CDK201901128,2026-02-10,Nissan,Magnite,ZX,2019,Electric,Automatic,Sedan,0,6.4,Royal Purple,1,89927,Very Good,Chennai,Tamil Nadu,Individual,3.91,3.89,3.3,0.29,3.3,68,6,12,Full,Major,86,91,Available
CDK202100154,2026-02-10,Maruti Suzuki,Swift,Base AT,2021,Petrol,CVT,Hatchback,1798,19.4,Metallic Silver,1,109008,Excellent,Chennai,Tamil Nadu,Dealer,3.57,3.39,2.99,0.23,4.3,41,3,2,Unavailable,Major,98,72,Sold
CDK202100632,2026-02-10,Maruti Suzuki,Baleno,SX MT,2021,Diesel,Automatic,Sedan,1199,11.7,Metallic Silver,2,80648,Good,Hyderabad,Telangana,Individual,6.48,6.67,5.86,0.48,4.0,99,12,13,Full,Minor,47,75,Sold
CDK202100491,2026-02-10,Maruti Suzuki,Swift,Top AT,2021,CNG,Manual,Sedan,1197,21.5,Pearl White,2,60423,Very Good,Bengaluru,Karnataka,Individual,5.56,5.65,4.56,0.52,3.4,68,12,7,Full,No,89,95,Sold
CDK202000931,2026-02-10,Honda,Amaze,Base AT,2020,Petrol,CVT,Sedan,3996,11.2,Fiery Red,1,101134,Fair,Chennai,Tamil Nadu,Certified Used Car Outlet,5.95,5.74,5.38,0.23,4.7,67,3,8,Partial,No,47,73,Sold
CDK202600655,2026-02-10,Honda,Elevate,Sport MT,2026,Hybrid,Manual,MPV,3996,12.8,Fiery Red,1,1500,Good,Noida,Uttar Pradesh,Individual,18.13,18.08,16.03,1.79,3.2,52,36,17,Unavailable,No,90,42,Sold
CDK201900996,2026-02-10,Toyota,Urban Cruiser Hyryder,Plus,2019,Diesel,Manual,Sedan,1290,23.6,Ocean Blue,3,108883,Good,Mumbai,Maharashtra,Individual,8.11,8.04,7.03,0.75,4.7,91,0,33,Partial,No,60,84,Sold
CDK202100092,2026-02-11,Kia,EV6,SX MT,2021,Electric,Automatic,SUV,0,3.4,Graphite Grey,3,96434,Good,Noida,Uttar Pradesh,Dealer,8.73,8.66,7.71,0.6,4.3,30,6,7,Full,No,77,98,Sold
CDK202100915,2026-02-11,Maruti Suzuki,Baleno,ZX AT,2021,Hybrid,Manual,MUV,2198,14.8,Fiery Red,1,101120,Good,Kolkata,West Bengal,Dealer,12.88,13.35,12.13,0.49,3.6,71,24,0,Partial,Minor,76,77,Available
CDK202200179,2026-02-11,Maruti Suzuki,Grand Vitara,ZX AT,2022,Diesel,Manual,SUV,1598,26.9,Ocean Blue,3,44440,Good,Jaipur,Rajasthan,Dealer,11.19,10.81,9.69,0.6,3.6,95,0,25,Full,No,74,52,Sold
CDK201900851,2026-02-11,Hyundai,Tucson,ZX MT,2019,Petrol,Manual,Sedan,2198,10.5,Pearl White,2,123084,Fair,Coimbatore,Tamil Nadu,Dealer,5.41,5.1,4.67,0.23,3.6,73,18,35,Full,No,78,68,Available
CDK202501277,2026-02-11,Tata,Tiago,Base MT,2025,Petrol,Manual,Hatchback,1197,21.4,Pearl White,3,65511,Good,Coimbatore,Tamil Nadu,Dealer,4.28,4.22,3.68,0.39,4.1,73,24,28,Full,No,74,95,Available
CDK202200936,2026-02-11,Tata,Altroz,Base,2022,Petrol,Manual,SUV,1497,13.1,Forest Green,5,71703,Fair,Kochi,Kerala,Certified Used Car Outlet,9.15,8.66,8.09,0.37,3.8,90,18,19,Unavailable,No,63,79,Reserved
CDK202100991,2026-02-11,Nissan,Magnite,Sport MT,2021,Electric,Automatic,SUV,0,5.1,Titanium Bronze,2,85586,Excellent,Jaipur,Rajasthan,Individual,9.31,9.54,8.26,0.94,4.3,53,24,27,Unavailable,No,98,86,Sold
CDK201700646,2026-02-11,Skoda,Superb,Top AT,2017,Electric,Automatic,Hatchback,0,4.7,Ocean Blue,1,136976,Fair,Jaipur,Rajasthan,Dealer,3.04,3.06,2.34,0.19,4.6,62,6,36,Full,No,71,97,Sold
CDK201900287,2026-02-12,Hyundai,Tucson,Premium AT,2019,Petrol,Automatic,Coupe,2198,21.8,Midnight Black,1,116703,Very Good,Kochi,Kerala,Certified Used Car Outlet,6.92,6.7,6.0,0.48,4.5,60,36,30,Partial,No,79,48,Sold
CDK202000030,2026-02-12,Hyundai,Verna,Base,2020,Electric,Automatic,SUV,0,3.4,Graphite Grey,2,102990,Excellent,Kochi,Kerala,Dealer,4.3,4.13,3.49,0.15,3.4,36,12,0,Partial,No,69,49,Available
CDK202500498,2026-02-12,Toyota,Fortuner,Premium MT,2025,Petrol,Automatic,MPV,1598,13.1,Fiery Red,1,27694,Good,Vijayawada,Andhra Pradesh,Individual,15.15,14.51,12.97,1.22,5.0,58,0,2,Full,No,90,99,Sold
CDK201701207,2026-02-12,Maruti Suzuki,Brezza,Sport,2017,Petrol,Manual,SUV,1598,19.0,Pearl White,5,129741,Excellent,Delhi,Delhi,Dealer,4.89,5.02,4.36,0.38,4.1,69,12,21,Unavailable,Major,69,47,Available
CDK202300799,2026-02-12,Hyundai,Venue,Base MT,2023,Petrol,Manual,Convertible,2494,19.5,Royal Purple,5,93338,Good,Visakhapatnam,Andhra Pradesh,Dealer,28.75,29.21,26.31,2.18,3.9,67,3,5,Partial,No,71,95,Available
CDK201900492,2026-02-12,Honda,Amaze,Top MT,2019,Diesel,AMT,SUV,1998,14.7,Fiery Red,2,121641,Very Good,Ahmedabad,Gujarat,Individual,6.32,6.56,5.88,0.28,4.1,59,36,21,Full,Minor,50,42,Under Inspection
CDK201800797,2026-02-12,Maruti Suzuki,Baleno,Sport AT,2018,Diesel,Manual,Hatchback,1290,20.7,Forest Green,1,141734,Very Good,Visakhapatnam,Andhra Pradesh,Individual,1.8,1.8,1.09,0.19,4.2,69,24,36,Full,No,93,92,Sold
CDK202600759,2026-02-12,Jeep,Compass,Sport,2026,Petrol,Manual,SUV,2998,24.8,Graphite Grey,1,42529,Very Good,Ahmedabad,Gujarat,Dealer,31.77,32.12,29.34,2.65,3.9,44,24,22,Full,Minor,95,95,Under Inspection
CDK202301474,2026-02-13,Maruti Suzuki,Ertiga,SX MT,2023,Petrol,Automatic,Coupe,1798,27.5,Graphite Grey,1,85458,Excellent,Chennai,Tamil Nadu,Certified Used Car Outlet,20.72,20.82,19.49,1.0,3.8,81,6,33,Partial,No,86,63,Under Inspection
CDK202500120,2026-02-13,Toyota,Fortuner,S,2025,Petrol,Manual,SUV,2494,18.2,Titanium Bronze,4,1500,Fair,Kochi,Kerala,Dealer,14.03,13.74,12.27,0.75,4.2,68,0,25,Full,No,68,51,Under Inspection
CDK202500366,2026-02-13,BYD,Atto 3,Top AT,2025,Petrol,Manual,Sedan,1199,27.6,Metallic Silver,1,22389,Good,Delhi,Delhi,Individual,11.88,11.19,10.13,0.46,4.8,44,36,34,Full,Major,97,47,Available
CDK202600213,2026-02-13,Renault,Kiger,Sport AT,2026,Petrol,Manual,Hatchback,3996,14.6,Midnight Black,2,33255,Good,Mumbai,Maharashtra,Dealer,10.02,9.82,8.48,0.92,4.8,90,3,36,Full,No,68,48,Available
CDK202000038,2026-02-13,Mahindra,XUV 3XO,Top MT,2020,Petrol,Manual,MPV,1798,12.3,Ocean Blue,2,130005,Very Good,Ahmedabad,Gujarat,Individual,8.53,8.05,7.28,0.35,4.2,63,18,6,Unavailable,Minor,89,84,Sold
CDK201900356,2026-02-14,Kia,Sonet,Premium AT,2019,Petrol,AMT,SUV,1598,27.3,Royal Purple,1,108377,Good,Pune,Maharashtra,Dealer,7.26,7.36,6.46,0.78,3.4,91,0,35,Partial,No,98,48,Sold
CDK202001211,2026-02-14,Mahindra,XUV 3XO,SX,2020,Petrol,Manual,MUV,1497,18.8,Forest Green,1,114715,Very Good,Delhi,Delhi,Individual,7.83,8.1,7.0,0.48,3.7,67,3,28,Partial,No,80,59,Reserved
CDK201801123,2026-02-14,Mahindra,XUV700,Plus,2018,Diesel,Manual,Hatchback,1598,19.4,Sunset Orange,3,109544,Good,Pune,Maharashtra,Certified Used Car Outlet,2.23,2.13,1.42,0.22,3.9,60,6,4,Partial,Minor,88,74,Sold
CDK201900700,2026-02-14,Maruti Suzuki,Dzire,Plus MT,2019,Electric,Automatic,Sedan,0,4.7,Fiery Red,2,115043,Very Good,Pune,Maharashtra,Dealer,3.99,3.85,3.03,0.29,3.8,71,18,7,Partial,No,77,66,Available
CDK202200002,2026-02-14,Mahindra,XUV 3XO,Plus AT,2022,Diesel,Automatic,Sedan,1197,27.4,Royal Purple,1,84471,Very Good,Hyderabad,Telangana,Dealer,5.39,5.43,4.42,0.37,4.1,72,36,10,Partial,No,89,51,Sold
CDK201900867,2026-02-14,Honda,Amaze,SX,2019,Diesel,Automatic,Coupe,998,11.5,Forest Green,1,120091,Good,Noida,Uttar Pradesh,Individual,5.15,5.14,4.33,0.28,4.1,71,36,28,Partial,No,61,68,Sold
CDK201801240,2026-02-14,Honda,Amaze,Top,2018,Diesel,Manual,Sedan,2494,13.5,Royal Purple,1,144975,Very Good,Chennai,Tamil Nadu,Dealer,2.62,2.67,2.26,0.25,4.7,52,18,9,Full,No,66,73,Sold
CDK202600004,2026-02-15,Kia,Carens,SX MT,2026,Petrol,DCT,Hatchback,1998,13.0,Ocean Blue,1,1500,Very Good,Kochi,Kerala,Individual,8.18,8.26,7.35,0.57,3.2,46,6,35,Unavailable,No,69,55,Under Inspection
CDK201700122,2026-02-15,Renault,Triber,Sport MT,2017,Petrol,Manual,MPV,2494,13.1,Ocean Blue,1,158603,Good,Hyderabad,Telangana,Dealer,2.76,2.65,2.32,0.09,3.4,74,24,2,Unavailable,No,86,98,Under Inspection
CDK202001297,2026-02-15,BMW,X1,SX AT,2020,Electric,Automatic,Sedan,0,3.9,Midnight Black,1,133690,Excellent,Coimbatore,Tamil Nadu,Dealer,25.99,25.12,22.38,2.16,4.6,98,36,19,Full,No,58,83,Available
CDK202400695,2026-02-15,Honda,Elevate,Sport,2024,Diesel,AMT,SUV,2494,26.7,Metallic Silver,3,57190,Good,Noida,Uttar Pradesh,Certified Used Car Outlet,17.92,16.94,14.62,1.62,4.1,86,18,36,Unavailable,No,80,98,Available
CDK202500918,2026-02-15,Maruti Suzuki,Fronx,V MT,2025,CNG,Manual,MPV,2198,21.1,Forest Green,1,43941,Very Good,Coimbatore,Tamil Nadu,Certified Used Car Outlet,16.85,16.74,14.7,1.79,5.0,63,36,9,Full,No,59,52,Available
CDK201901260,2026-02-15,Maruti Suzuki,Baleno,Base,2019,Petrol,Automatic,Sedan,998,12.5,Metallic Silver,1,128551,Good,Mumbai,Maharashtra,Individual,3.93,4.08,3.19,0.37,4.3,55,6,36,Full,Minor,50,71,Sold
CDK202500106,2026-02-16,Kia,Seltos,Sport AT,2025,Petrol,Manual,MUV,1598,23.3,Royal Purple,1,25207,Good,Gurugram,Haryana,Dealer,9.87,9.61,8.51,0.53,4.3,38,3,11,Full,No,90,91,Available
CDK202001143,2026-02-16,Mahindra,Scorpio-N,Sport,2020,Diesel,Manual,Sedan,1290,18.7,Fiery Red,2,92128,Good,Bengaluru,Karnataka,Dealer,6.32,6.53,5.58,0.49,3.8,40,36,30,Unavailable,No,67,95,Sold
CDK201800162,2026-02-16,Hyundai,Alcazar,Base,2018,Diesel,CVT,MPV,1798,21.8,Fiery Red,2,129664,Good,Kochi,Kerala,Dealer,2.69,2.56,1.87,0.12,4.3,84,36,10,Full,No,50,93,Sold
CDK201700040,2026-02-17,Honda,Amaze,V AT,2017,Hybrid,Manual,SUV,1598,13.2,Titanium Bronze,3,154743,Very Good,Jaipur,Rajasthan,Dealer,4.93,4.9,3.9,0.41,3.9,76,3,26,Full,Minor,62,65,Available
CDK202201491,2026-02-17,Jeep,Wrangler,ZX MT,2022,Electric,Automatic,SUV,0,6.2,Graphite Grey,1,68830,Good,Vijayawada,Andhra Pradesh,Dealer,22.66,21.87,18.86,2.4,2.9,59,24,6,Unavailable,Major,50,58,Sold
CDK202101426,2026-02-17,Kia,Sonet,V,2021,Electric,Automatic,Sedan,0,3.7,Midnight Black,1,104024,Good,Noida,Uttar Pradesh,Certified Used Car Outlet,9.48,9.45,8.21,0.71,4.0,99,6,15,Partial,No,57,95,Sold
CDK201700235,2026-02-17,Mahindra,XUV400,Base MT,2017,Petrol,DCT,Hatchback,1290,10.9,Forest Green,1,132234,Good,Mumbai,Maharashtra,Dealer,2.41,2.47,2.17,0.12,4.4,19,0,8,Full,No,81,43,Sold
CDK202100041,2026-02-17,Tata,Tiago,S,2021,Petrol,Manual,SUV,1598,22.0,Metallic Silver,2,94440,Very Good,Kolkata,West Bengal,Dealer,5.69,5.49,4.72,0.47,4.2,75,24,7,Partial,No,86,97,Available
CDK201800569,2026-02-18,Kia,Carens,Sport,2018,Diesel,Manual,Hatchback,1998,13.6,Pearl White,1,149559,Good,Noida,Uttar Pradesh,Dealer,4.77,4.92,4.09,0.24,3.8,79,12,32,Full,No,92,76,Sold
CDK202500130,2026-02-18,Kia,Sonet,Premium,2025,Diesel,Automatic,Hatchback,2494,17.1,Ocean Blue,1,12756,Very Good,Visakhapatnam,Andhra Pradesh,Dealer,11.62,11.48,10.01,0.99,3.3,89,18,12,Partial,No,66,48,Sold
CDK202000803,2026-02-19,Volkswagen,Tiguan,V AT,2020,Diesel,CVT,Hatchback,1497,12.7,Sunset Orange,5,97274,Very Good,Kolkata,West Bengal,Dealer,5.66,5.88,4.97,0.22,3.8,38,18,14,Full,Minor,49,48,Reserved
CDK202401303,2026-02-19,MG,Gloster,ZX,2024,Petrol,Manual,SUV,1598,15.1,Metallic Silver,2,40316,Excellent,Bengaluru,Karnataka,Certified Used Car Outlet,16.11,15.98,14.34,1.49,4.4,85,12,29,Full,No,53,85,Sold
CDK202200252,2026-02-19,Toyota,Camry,Top MT,2022,CNG,Manual,Hatchback,2494,23.5,Midnight Black,1,109196,Good,Gurugram,Haryana,Certified Used Car Outlet,6.28,6.18,5.64,0.24,3.9,70,6,8,Full,Major,49,58,Sold
CDK202500153,2026-02-19,Hyundai,Venue,S,2025,Electric,Automatic,Hatchback,0,4.0,Midnight Black,3,25061,Very Good,Vijayawada,Andhra Pradesh,Dealer,16.1,15.25,13.67,1.21,4.3,70,36,4,Full,No,82,60,Available
CDK202600779,2026-02-19,Mahindra,Thar,V,2026,Petrol,CVT,MUV,2998,22.3,Royal Purple,4,39813,Good,Chennai,Tamil Nadu,Dealer,10.11,10.19,9.08,0.99,3.4,90,24,18,Full,No,89,74,Available
CDK202000218,2026-02-20,Maruti Suzuki,Ciaz,Sport MT,2020,CNG,Manual,SUV,2198,15.5,Ocean Blue,1,93618,Excellent,Vijayawada,Andhra Pradesh,Individual,3.93,3.98,3.21,0.15,4.0,42,24,3,Full,No,98,93,Sold
CDK201900705,2026-02-20,Hyundai,Creta,Plus,2019,Electric,Automatic,SUV,0,6.3,Pearl White,1,117149,Very Good,Vijayawada,Andhra Pradesh,Dealer,5.69,5.86,5.33,0.41,3.6,61,3,12,Partial,No,70,78,Available
CDK202400785,2026-02-20,Hyundai,Alcazar,Top,2024,Petrol,Manual,Coupe,1199,12.0,Forest Green,1,37793,Good,Pune,Maharashtra,Individual,10.69,10.94,9.38,1.04,4.0,51,6,26,Full,No,48,92,Under Inspection
CDK202001371,2026-02-21,Mahindra,Scorpio Classic,SX AT,2020,Petrol,Automatic,Convertible,3996,11.1,Royal Purple,3,108826,Very Good,Vijayawada,Andhra Pradesh,Dealer,19.51,19.24,17.06,1.47,4.6,89,24,34,Partial,Minor,95,68,Sold
CDK202300279,2026-02-21,Toyota,Camry,S MT,2023,Petrol,Manual,SUV,1798,21.2,Metallic Silver,3,52186,Good,Kolkata,West Bengal,Dealer,20.1,20.33,18.75,1.13,4.1,80,18,3,Full,No,91,51,Under Inspection
CDK202300882,2026-02-21,Honda,Amaze,Top,2023,Petrol,Automatic,MPV,1197,10.1,Titanium Bronze,1,52302,Good,Chennai,Tamil Nadu,Dealer,10.52,10.52,9.47,0.78,3.9,89,0,17,Full,No,84,41,Available
CDK202000667,2026-02-21,Jeep,Meridian,SX MT,2020,Electric,Automatic,MUV,0,6.2,Pearl White,2,120550,Good,Kochi,Kerala,Individual,12.5,12.04,10.75,0.97,4.3,64,18,6,Partial,No,64,50,Under Inspection
CDK202300084,2026-02-21,Toyota,Innova Crysta,V,2023,CNG,Automatic,Hatchback,2494,25.4,Sunset Orange,1,66637,Excellent,Hyderabad,Telangana,Dealer,9.94,9.76,8.45,0.99,4.0,55,12,9,Full,No,86,61,Available
CDK202500738,2026-02-22,Volkswagen,Tiguan,Premium MT,2025,Diesel,CVT,MPV,1798,26.8,Metallic Silver,1,31310,Very Good,Gurugram,Haryana,Individual,20.15,20.11,18.75,1.02,2.9,76,3,10,Full,Minor,83,72,Sold
CDK201700055,2026-02-22,Mahindra,XUV 3XO,Top,2017,Hybrid,Manual,MPV,2494,15.1,Ocean Blue,1,165175,Good,Noida,Uttar Pradesh,Individual,3.89,4.02,3.15,0.18,4.8,92,12,28,Full,No,71,56,Sold
CDK201901434,2026-02-22,Maruti Suzuki,Ertiga,Top,2019,Petrol,Manual,Hatchback,1199,15.3,Fiery Red,1,111447,Good,Noida,Uttar Pradesh,Dealer,2.79,2.89,2.3,0.11,4.0,78,3,16,Partial,Minor,82,48,Sold
CDK201900334,2026-02-22,Tata,Tigor,V MT,2019,Diesel,Manual,Hatchback,1798,21.5,Ocean Blue,1,117349,Very Good,Coimbatore,Tamil Nadu,Dealer,4.7,4.89,4.14,0.19,4.7,96,0,23,Full,Minor,91,98,Sold
CDK202100684,2026-02-23,Kia,Sonet,Top AT,2021,Diesel,Manual,SUV,1998,14.8,Graphite Grey,1,97314,Good,Vijayawada,Andhra Pradesh,Dealer,11.56,11.36,10.31,0.76,4.2,68,6,0,Unavailable,No,86,69,Reserved
CDK202400587,2026-02-23,Hyundai,Creta,Top MT,2024,Petrol,AMT,SUV,1598,13.5,Forest Green,1,59703,Very Good,Bengaluru,Karnataka,Individual,16.97,16.05,14.15,1.64,4.5,82,0,24,Partial,Major,87,73,Sold
CDK202201055,2026-02-23,Tata,Nexon,Premium MT,2022,Petrol,AMT,SUV,998,15.4,Fiery Red,1,81451,Excellent,Chennai,Tamil Nadu,Dealer,12.53,12.44,10.72,1.36,4.6,55,24,26,Full,No,85,92,Available
CDK202501117,2026-02-23,Maruti Suzuki,Grand Vitara,Base MT,2025,Hybrid,AMT,Sedan,2198,10.8,Sunset Orange,1,39310,Very Good,Chennai,Tamil Nadu,Dealer,13.51,12.74,11.05,1.38,4.3,47,24,25,Partial,No,60,71,Sold
CDK202500047,2026-02-23,Tata,Tiago,Top AT,2025,Hybrid,DCT,SUV,1598,14.0,Ocean Blue,1,6375,Good,Chennai,Tamil Nadu,Dealer,13.85,13.05,12.16,0.51,4.0,41,12,12,Full,No,75,47,Sold
CDK202400506,2026-02-23,Honda,Elevate,Premium AT,2024,Petrol,Manual,SUV,1798,25.6,Ocean Blue,3,80202,Fair,Chennai,Tamil Nadu,Dealer,10.44,10.47,9.06,0.75,3.8,41,12,25,Full,No,73,63,Available
CDK201900688,2026-02-24,Skoda,Slavia,S,2019,Petrol,Manual,Sedan,1798,15.8,Sunset Orange,3,113673,Fair,Pune,Maharashtra,Dealer,4.91,4.71,3.94,0.46,3.9,59,18,18,Unavailable,No,95,42,Available
CDK202001019,2026-02-24,Honda,Elevate,Plus MT,2020,Petrol,Manual,MUV,1197,18.3,Fiery Red,3,70600,Excellent,Delhi,Delhi,Dealer,4.94,4.85,4.24,0.2,3.4,50,0,35,Unavailable,No,86,96,Available
CDK202300817,2026-02-24,Nissan,X-Trail,V AT,2023,Petrol,Manual,SUV,1497,13.1,Graphite Grey,1,51159,Very Good,Gurugram,Haryana,Dealer,9.62,9.6,8.61,0.58,4.3,57,12,28,Full,No,86,84,Sold
CDK201800027,2026-02-25,Mahindra,Thar,SX MT,2018,Petrol,Manual,SUV,1497,10.3,Forest Green,2,150612,Very Good,Delhi,Delhi,Certified Used Car Outlet,4.77,4.62,3.69,0.47,2.6,84,6,22,Full,No,80,57,Sold
CDK202400421,2026-02-25,Renault,Duster,Premium,2024,Electric,Automatic,Sedan,0,6.4,Titanium Bronze,2,99144,Very Good,Gurugram,Haryana,Dealer,5.48,5.63,4.64,0.39,4.2,94,36,5,Full,No,64,68,Sold
CDK201900455,2026-02-25,BYD,Atto 3,ZX AT,2019,Diesel,AMT,Hatchback,1290,18.5,Ocean Blue,1,107437,Excellent,Delhi,Delhi,Individual,5.2,5.01,4.43,0.32,4.2,69,18,12,Full,Minor,86,42,Available
CDK202300296,2026-02-25,MG,Hector,Plus,2023,Diesel,Manual,SUV,2198,11.1,Royal Purple,1,46414,Good,Pune,Maharashtra,Dealer,9.32,8.96,7.67,0.83,3.7,92,36,24,Unavailable,No,77,67,Available
CDK201801351,2026-02-25,Renault,Duster,V,2018,Electric,Automatic,SUV,0,5.6,Ocean Blue,1,134562,Very Good,Delhi,Delhi,Dealer,2.94,2.97,2.14,0.27,3.5,51,12,28,Unavailable,No,93,55,Available
CDK202100256,2026-02-25,Honda,Amaze,Top,2021,Petrol,CVT,SUV,1798,12.3,Graphite Grey,3,101607,Very Good,Mumbai,Maharashtra,Individual,12.33,12.11,11.43,0.44,4.5,65,18,2,Unavailable,No,57,87,Sold
CDK202201028,2026-02-25,Nissan,Magnite,ZX,2022,Petrol,Manual,SUV,1290,15.5,Royal Purple,1,88543,Very Good,Ahmedabad,Gujarat,Certified Used Car Outlet,8.49,8.13,6.94,0.62,4.6,65,36,8,Full,No,87,53,Sold
CDK202300660,2026-02-25,Hyundai,i20,SX MT,2023,Petrol,AMT,MPV,1199,24.9,Metallic Silver,1,78155,Fair,Kochi,Kerala,Dealer,5.63,5.79,5.23,0.33,3.3,99,6,18,Full,No,46,80,Sold
CDK201800454,2026-02-25,BYD,e6,Top,2018,Electric,Automatic,Coupe,0,6.5,Metallic Silver,3,95216,Good,Jaipur,Rajasthan,Dealer,15.14,14.67,13.39,0.97,4.1,99,0,4,Partial,No,67,80,Available
CDK201701301,2026-02-25,Maruti Suzuki,Ciaz,SX MT,2017,Electric,Automatic,MUV,0,5.1,Forest Green,2,132214,Good,Delhi,Delhi,Dealer,2.05,2.09,1.27,0.21,4.5,61,18,9,Partial,No,60,75,Available
CDK201800469,2026-02-26,Honda,Amaze,Plus MT,2018,Electric,Automatic,Coupe,0,6.8,Forest Green,1,122700,Excellent,Pune,Maharashtra,Dealer,10.71,10.41,8.83,0.99,4.5,72,6,14,Partial,Minor,47,49,Sold
CDK201900128,2026-02-26,Kia,Carens,Base AT,2019,Hybrid,Automatic,SUV,1598,18.9,Forest Green,1,105936,Very Good,Ahmedabad,Gujarat,Dealer,3.44,3.25,2.41,0.13,3.7,79,24,22,Full,No,55,84,Sold
CDK202401147,2026-02-26,Volkswagen,Tiguan,Premium AT,2024,Petrol,Manual,Coupe,1290,18.7,Ocean Blue,2,48888,Very Good,Chennai,Tamil Nadu,Dealer,30.62,28.8,25.5,2.68,4.7,52,24,31,Full,No,98,79,Available
CDK201800544,2026-02-26,Tata,Nexon,Premium AT,2018,Petrol,Manual,SUV,3996,23.6,Pearl White,1,93437,Fair,Mumbai,Maharashtra,Dealer,3.55,3.59,2.91,0.31,3.9,99,12,26,Partial,No,68,55,Sold
CDK202000049,2026-02-26,Maruti Suzuki,Brezza,Premium AT,2020,Petrol,Automatic,MPV,1598,26.0,Midnight Black,1,78573,Excellent,Ahmedabad,Gujarat,Dealer,9.3,9.45,8.16,0.91,4.4,59,36,3,Partial,No,76,88,Available
CDK201800248,2026-02-27,Kia,Seltos,S,2018,CNG,CVT,Sedan,1197,21.7,Graphite Grey,1,125450,Very Good,Chennai,Tamil Nadu,Dealer,4.83,4.75,4.06,0.24,4.3,64,18,9,Full,No,49,53,Sold
CDK202500558,2026-02-27,Toyota,Glanza,Top AT,2025,CNG,Manual,SUV,1598,26.6,Royal Purple,1,16004,Very Good,Kochi,Kerala,Individual,17.55,17.2,15.02,1.5,3.8,72,18,30,Partial,No,52,95,Sold
CDK202401368,2026-02-27,Hyundai,i20,V AT,2024,Petrol,AMT,SUV,3996,16.0,Royal Purple,1,57877,Very Good,Visakhapatnam,Andhra Pradesh,Dealer,19.82,20.46,17.89,2.08,4.0,54,0,16,Full,Minor,73,97,Under Inspection
CDK202401407,2026-02-27,Tata,Harrier,SX,2024,Petrol,DCT,MUV,1197,11.6,Pearl White,1,50659,Good,Ahmedabad,Gujarat,Individual,6.39,6.49,5.49,0.7,3.7,69,12,8,Partial,No,56,82,Available
CDK201900521,2026-02-27,Kia,Seltos,SX AT,2019,Diesel,Manual,Hatchback,2998,23.3,Forest Green,1,112863,Good,Visakhapatnam,Andhra Pradesh,Certified Used Car Outlet,3.05,3.05,2.5,0.21,4.3,66,24,34,Full,Minor,53,47,Sold
CDK202400532,2026-02-28,Renault,Triber,ZX,2024,Diesel,Automatic,MPV,1199,19.4,Metallic Silver,1,56756,Good,Kolkata,West Bengal,Dealer,12.69,12.46,11.07,0.86,4.8,77,0,13,Full,No,93,97,Sold
CDK202000118,2026-02-28,Skoda,Kushaq,Top MT,2020,Petrol,CVT,SUV,1290,22.7,Fiery Red,1,119476,Good,Hyderabad,Telangana,Individual,5.72,5.63,4.42,0.51,5.0,68,12,3,Partial,Minor,77,76,Available
CDK201801453,2026-02-28,Tata,Curvv,Premium MT,2018,Petrol,DCT,Hatchback,1798,27.3,Midnight Black,3,117911,Fair,Mumbai,Maharashtra,Dealer,1.8,1.76,1.26,0.16,3.7,55,24,9,Unavailable,No,78,61,Sold
CDK202600612,2026-02-28,Maruti Suzuki,Brezza,Sport AT,2026,Diesel,Manual,Hatchback,1998,27.5,Ocean Blue,3,45044,Very Good,Chennai,Tamil Nadu,Individual,5.45,5.3,4.51,0.39,4.0,42,24,4,Partial,No,88,96,Available
CDK201700243,2026-02-28,Toyota,Camry,Top MT,2017,CNG,Manual,MUV,998,21.8,Ocean Blue,1,140415,Very Good,Hyderabad,Telangana,Certified Used Car Outlet,6.92,6.9,5.82,0.5,4.9,76,36,36,Full,Minor,62,88,Available
CDK202100034,2026-02-28,Nissan,X-Trail,Top,2021,CNG,Automatic,SUV,1798,24.1,Ocean Blue,1,81543,Good,Delhi,Delhi,Individual,9.49,9.63,8.59,0.35,4.1,76,6,22,Partial,No,45,76,Under Inspection
CDK202500463,2026-02-28,Honda,Elevate,V AT,2025,Petrol,Automatic,MPV,1798,14.1,Fiery Red,1,63571,Very Good,Pune,Maharashtra,Dealer,8.9,9.15,8.24,0.68,4.3,41,12,6,Unavailable,No,88,95,Sold
CDK202300048,2026-02-28,Kia,Carens,ZX MT,2023,Petrol,Manual,SUV,998,26.1,Ocean Blue,1,57603,Very Good,Vijayawada,Andhra Pradesh,Dealer,11.99,11.53,10.43,0.91,3.3,61,18,19,Full,Minor,54,50,Sold
CDK202200059,2026-03-01,Skoda,Kushaq,V MT,2022,CNG,AMT,Hatchback,1798,23.4,Ocean Blue,1,73771,Good,Delhi,Delhi,Dealer,9.78,10.13,8.99,0.47,4.2,83,6,30,Full,No,54,88,Sold
CDK202401308,2026-03-01,Skoda,Kushaq,Premium,2024,Petrol,Automatic,SUV,1497,12.0,Midnight Black,5,68272,Good,Delhi,Delhi,Dealer,18.04,18.23,16.37,1.71,3.6,51,0,7,Partial,No,68,57,Available
CDK201900730,2026-03-01,MG,Comet EV,Base MT,2019,Petrol,Manual,Hatchback,2494,22.3,Fiery Red,1,123266,Excellent,Coimbatore,Tamil Nadu,Dealer,5.12,5.09,4.55,0.2,5.0,68,36,21,Full,No,72,74,Sold
CDK202600546,2026-03-02,Honda,City,V AT,2026,Petrol,AMT,Hatchback,1598,17.3,Fiery Red,3,22297,Good,Coimbatore,Tamil Nadu,Dealer,8.02,7.86,6.77,0.6,4.2,79,36,12,Unavailable,Minor,91,72,Available
CDK202200424,2026-03-02,Jeep,Wrangler,V,2022,Diesel,CVT,MPV,1497,13.4,Royal Purple,2,83313,Excellent,Vijayawada,Andhra Pradesh,Dealer,13.98,13.7,12.16,1.05,4.2,84,36,34,Partial,No,56,44,Sold
CDK201900647,2026-03-02,Kia,Seltos,Sport AT,2019,Diesel,Manual,SUV,1290,21.8,Metallic Silver,1,124402,Very Good,Gurugram,Haryana,Dealer,12.64,12.91,11.99,0.55,3.4,64,18,12,Partial,Minor,97,85,Available
CDK202100345,2026-03-02,Tata,Altroz,Plus AT,2021,Petrol,AMT,MUV,3996,25.6,Royal Purple,1,108016,Excellent,Kochi,Kerala,Individual,8.08,8.2,7.02,0.88,3.8,87,6,23,Unavailable,No,88,91,Sold
CDK202301235,2026-03-02,Toyota,Camry,S MT,2023,Diesel,Automatic,MUV,1497,27.6,Fiery Red,1,57150,Good,Kochi,Kerala,Dealer,21.05,20.44,18.73,1.29,4.1,65,0,2,Full,Minor,62,94,Available
CDK202601321,2026-03-02,Maruti Suzuki,Ciaz,Sport,2026,Petrol,CVT,SUV,1199,12.3,Titanium Bronze,3,17234,Excellent,Pune,Maharashtra,Dealer,12.6,12.59,11.73,0.6,3.9,66,0,14,Full,No,81,59,Sold
CDK202000503,2026-03-03,Skoda,Kushaq,SX MT,2020,Electric,Automatic,Coupe,0,4.5,Royal Purple,2,104208,Good,Kolkata,West Bengal,Dealer,17.47,17.43,15.65,1.37,4.9,99,6,9,Full,No,91,81,Sold
CDK201901079,2026-03-03,Volkswagen,Virtus,S AT,2019,Diesel,Automatic,SUV,2198,15.1,Sunset Orange,3,133234,Very Good,Chennai,Tamil Nadu,Certified Used Car Outlet,3.6,3.56,2.93,0.24,3.6,79,6,0,Full,No,64,73,Available
CDK202200428,2026-03-03,Tata,Curvv,SX MT,2022,Petrol,Manual,MPV,1497,16.2,Sunset Orange,1,64536,Very Good,Mumbai,Maharashtra,Dealer,15.09,14.68,12.85,1.57,4.0,82,0,36,Full,No,82,46,Under Inspection
CDK201800107,2026-03-04,Hyundai,Venue,Premium,2018,Diesel,Manual,Coupe,3996,23.0,Graphite Grey,1,128923,Good,Kochi,Kerala,Dealer,6.09,6.05,5.37,0.51,4.7,73,0,3,Partial,Major,81,57,Available
CDK202601369,2026-03-04,Kia,Seltos,SX MT,2026,CNG,Manual,MUV,2494,11.9,Titanium Bronze,1,2572,Good,Pune,Maharashtra,Dealer,19.28,19.57,18.26,0.88,4.6,84,12,13,Full,Minor,59,42,Sold
CDK202401160,2026-03-04,Honda,Elevate,Premium AT,2024,Electric,Automatic,Hatchback,0,3.2,Pearl White,5,39991,Excellent,Kolkata,West Bengal,Certified Used Car Outlet,6.84,6.79,6.08,0.43,4.4,43,6,2,Full,No,63,69,Available
CDK202300881,2026-03-04,Renault,Kiger,ZX AT,2023,Petrol,AMT,Sedan,1290,20.1,Titanium Bronze,3,68576,Very Good,Pune,Maharashtra,Certified Used Car Outlet,8.97,8.88,7.92,0.55,3.5,82,24,32,Full,No,49,93,Sold
CDK201800140,2026-03-04,Maruti Suzuki,Baleno,ZX AT,2018,Petrol,Manual,Sedan,1290,21.8,Metallic Silver,2,128093,Good,Ahmedabad,Gujarat,Dealer,3.31,3.21,2.22,0.34,4.1,76,3,28,Partial,No,92,48,Sold
CDK202600057,2026-03-04,Renault,Duster,Plus MT,2026,Petrol,Manual,MPV,1598,17.9,Royal Purple,1,14307,Good,Vijayawada,Andhra Pradesh,Dealer,8.63,8.69,7.4,0.59,3.5,54,24,21,Full,No,71,96,Under Inspection
CDK202501251,2026-03-04,Mahindra,XUV 3XO,S AT,2025,Petrol,AMT,SUV,1197,14.7,Sunset Orange,1,33246,Excellent,Mumbai,Maharashtra,Individual,11.2,11.22,9.51,1.13,4.3,70,12,19,Full,No,83,54,Sold
CDK202200934,2026-03-05,Hyundai,Creta,V,2022,Electric,Automatic,Sedan,0,6.2,Sunset Orange,1,77740,Very Good,Bengaluru,Karnataka,Dealer,5.44,5.59,4.75,0.21,4.0,70,6,36,Unavailable,Minor,85,64,Sold
CDK202500960,2026-03-05,BMW,X3,S MT,2025,Hybrid,Automatic,Hatchback,1497,20.9,Sunset Orange,1,27485,Very Good,Delhi,Delhi,Dealer,34.91,36.01,32.47,2.85,3.0,56,3,22,Partial,No,59,68,Sold
CDK202201073,2026-03-05,Tata,Altroz,Plus AT,2022,CNG,AMT,MPV,1998,24.5,Midnight Black,1,100025,Good,Kochi,Kerala,Individual,6.4,6.49,6.11,0.24,5.0,59,24,36,Unavailable,No,71,48,Sold
CDK201701186,2026-03-05,Maruti Suzuki,Grand Vitara,SX,2017,Electric,Automatic,Hatchback,0,3.9,Graphite Grey,1,119078,Very Good,Noida,Uttar Pradesh,Certified Used Car Outlet,2.47,2.48,1.83,0.16,3.6,83,24,36,Full,No,66,81,Under Inspection
CDK202201024,2026-03-05,Toyota,Innova Crysta,V MT,2022,Petrol,Automatic,Hatchback,998,24.6,Pearl White,1,105048,Fair,Gurugram,Haryana,Dealer,8.03,7.98,6.91,0.82,4.5,61,3,10,Partial,No,59,70,Sold
CDK202600877,2026-03-05,Kia,Sonet,Top,2026,CNG,Manual,Coupe,1290,12.9,Graphite Grey,1,26700,Good,Ahmedabad,Gujarat,Individual,31.85,31.02,28.1,2.3,3.9,78,18,14,Partial,Minor,92,98,Available
CDK201800478,2026-03-05,Nissan,X-Trail,Top AT,2018,Diesel,Manual,MPV,1598,17.7,Titanium Bronze,1,118354,Fair,Ahmedabad,Gujarat,Dealer,1.8,1.8,1.15,0.2,3.6,62,24,7,Full,No,80,50,Sold
CDK202101035,2026-03-05,BYD,Atto 3,Premium,2021,Petrol,Manual,SUV,1598,16.5,Graphite Grey,1,106165,Very Good,Hyderabad,Telangana,Individual,12.08,12.23,10.41,1.08,4.2,51,12,30,Full,No,97,79,Sold
CDK202601365,2026-03-05,Tata,Curvv,Top MT,2026,Petrol,Manual,SUV,2494,10.8,Forest Green,3,42306,Good,Kolkata,West Bengal,Certified Used Car Outlet,18.59,17.76,16.27,1.29,2.7,82,0,32,Partial,No,73,71,Available
CDK202100981,2026-03-06,Jeep,Wrangler,Base AT,2021,Electric,Automatic,Hatchback,0,6.0,Midnight Black,4,81931,Very Good,Pune,Maharashtra,Certified Used Car Outlet,12.49,12.0,10.71,0.86,4.5,39,24,3,Partial,No,67,67,Under Inspection
CDK202601155,2026-03-06,Volkswagen,Tiguan,Plus MT,2026,Electric,Automatic,SUV,0,3.6,Metallic Silver,3,34166,Good,Ahmedabad,Gujarat,Dealer,12.12,12.26,10.76,1.17,4.3,77,36,23,Partial,Minor,79,89,Sold
CDK202001163,2026-03-06,BMW,3 Series,SX,2020,CNG,Automatic,MPV,3996,16.1,Royal Purple,4,76025,Good,Bengaluru,Karnataka,Individual,28.49,26.83,24.38,1.94,5.0,58,24,3,Unavailable,No,92,98,Sold
CDK202600592,2026-03-07,Tata,Curvv,V AT,2026,CNG,AMT,Hatchback,1197,26.2,Graphite Grey,1,44468,Excellent,Visakhapatnam,Andhra Pradesh,Dealer,13.83,14.12,12.72,0.76,3.9,65,6,22,Partial,No,67,84,Sold
CDK202100880,2026-03-07,Hyundai,Verna,S MT,2021,Hybrid,AMT,Sedan,1798,26.8,Ocean Blue,2,54702,Good,Bengaluru,Karnataka,Dealer,5.04,5.03,4.3,0.28,4.1,75,0,23,Full,No,72,42,Sold
CDK202601101,2026-03-07,Toyota,Urban Cruiser Hyryder,S AT,2026,CNG,Manual,SUV,1199,20.0,Graphite Grey,5,34356,Good,Hyderabad,Telangana,Certified Used Car Outlet,30.15,29.74,26.87,2.64,5.0,78,24,29,Partial,No,59,91,Sold
CDK201700393,2026-03-08,Volkswagen,Virtus,S,2017,Petrol,AMT,MPV,1798,11.9,Graphite Grey,3,151901,Good,Chennai,Tamil Nadu,Dealer,2.0,2.05,1.37,0.1,4.2,68,18,32,Partial,No,60,42,Sold
CDK201901326,2026-03-08,Hyundai,Creta,Top,2019,Diesel,Automatic,SUV,998,18.5,Graphite Grey,2,116015,Very Good,Visakhapatnam,Andhra Pradesh,Dealer,4.19,4.2,3.38,0.19,3.9,99,36,11,Full,No,82,59,Sold
CDK202400171,2026-03-08,Tata,Harrier,V AT,2024,Petrol,Manual,Hatchback,1197,23.4,Forest Green,1,46738,Excellent,Gurugram,Haryana,Dealer,4.43,4.24,3.66,0.34,4.1,53,6,1,Full,Minor,88,89,Sold
CDK202600940,2026-03-09,Honda,Amaze,S AT,2026,Diesel,CVT,Sedan,1998,13.8,Forest Green,3,33181,Very Good,Coimbatore,Tamil Nadu,Dealer,12.76,13.14,12.22,0.6,4.2,80,0,4,Partial,No,79,46,Available
CDK202100064,2026-03-09,BMW,X1,ZX,2021,Petrol,CVT,MUV,998,23.1,Graphite Grey,1,109497,Very Good,Chennai,Tamil Nadu,Dealer,21.96,22.39,19.8,2.31,4.0,57,3,18,Full,Minor,66,77,Sold
CDK202000169,2026-03-09,Jeep,Wrangler,SX AT,2020,Diesel,Automatic,SUV,2198,19.8,Pearl White,5,94064,Very Good,Ahmedabad,Gujarat,Individual,14.22,13.77,12.94,0.6,5.0,77,3,26,Full,No,93,86,Sold
CDK201800335,2026-03-09,Tata,Harrier,Top MT,2018,Diesel,Automatic,Sedan,1199,17.7,Pearl White,1,142637,Fair,Mumbai,Maharashtra,Dealer,1.8,1.82,1.0,0.14,3.4,70,12,26,Partial,No,89,86,Available
CDK202300825,2026-03-09,Tata,Punch,SX,2023,Diesel,Manual,Sedan,3996,25.0,Fiery Red,4,45580,Fair,Jaipur,Rajasthan,Individual,7.54,7.73,6.32,0.69,4.3,89,6,23,Full,No,89,87,Available
CDK201700854,2026-03-10,Tata,Safari,Base AT,2017,Electric,Automatic,MPV,0,3.6,Fiery Red,3,178550,Good,Kolkata,West Bengal,Certified Used Car Outlet,2.77,2.65,2.19,0.24,4.5,74,36,12,Partial,No,51,99,Sold
CDK202300518,2026-03-10,Toyota,Fortuner,Base AT,2023,Electric,Automatic,MPV,0,5.0,Titanium Bronze,3,83799,Good,Kolkata,West Bengal,Dealer,10.87,10.37,9.29,0.67,3.1,55,3,17,Full,No,49,59,Sold
CDK202400680,2026-03-10,Toyota,Urban Cruiser Hyryder,SX MT,2024,Diesel,Manual,SUV,1199,22.1,Midnight Black,1,61780,Good,Delhi,Delhi,Certified Used Car Outlet,17.93,16.87,15.13,1.37,4.1,57,18,36,Partial,No,74,73,Sold
CDK201701249,2026-03-10,Kia,Seltos,Top AT,2017,Diesel,CVT,MUV,2998,10.2,Forest Green,3,158551,Good,Kolkata,West Bengal,Certified Used Car Outlet,2.81,2.71,2.12,0.15,3.6,91,18,29,Full,No,80,49,Sold
CDK202301413,2026-03-11,Maruti Suzuki,Ciaz,ZX,2023,Petrol,Manual,SUV,998,24.9,Metallic Silver,2,66208,Fair,Visakhapatnam,Andhra Pradesh,Dealer,12.74,12.84,10.94,1.38,4.7,61,18,29,Partial,No,47,71,Available
CDK202101441,2026-03-11,Renault,Duster,V AT,2021,Diesel,AMT,Sedan,1199,16.5,Metallic Silver,1,108642,Good,Gurugram,Haryana,Individual,6.36,6.58,5.37,0.56,4.1,64,12,14,Full,No,75,72,Reserved
CDK202101253,2026-03-11,Maruti Suzuki,Brezza,SX MT,2021,Diesel,DCT,Coupe,1197,17.0,Titanium Bronze,1,76976,Good,Pune,Maharashtra,Individual,6.15,6.09,5.31,0.3,3.0,99,0,6,Partial,No,71,88,Sold
CDK202201461,2026-03-11,Kia,EV6,Sport,2022,Petrol,Automatic,MUV,1197,22.1,Graphite Grey,1,69879,Very Good,Chennai,Tamil Nadu,Certified Used Car Outlet,11.44,10.87,9.27,1.04,3.0,50,18,18,Partial,Major,69,85,Available
CDK201900436,2026-03-11,Kia,Carens,Sport AT,2019,Petrol,Manual,MPV,998,15.8,Forest Green,1,106182,Very Good,Visakhapatnam,Andhra Pradesh,Dealer,5.56,5.4,4.51,0.23,4.5,61,24,34,Full,No,60,90,Sold
CDK202200018,2026-03-12,Hyundai,i20,Sport,2022,Diesel,Manual,Hatchback,3996,21.1,Forest Green,3,42874,Very Good,Visakhapatnam,Andhra Pradesh,Dealer,5.06,4.99,3.81,0.47,3.8,43,12,25,Partial,Minor,53,48,Available
CDK202100409,2026-03-12,Mahindra,XUV 3XO,Premium MT,2021,Electric,Automatic,MUV,0,5.6,Graphite Grey,1,90377,Excellent,Delhi,Delhi,Certified Used Car Outlet,16.66,16.44,15.13,1.11,3.6,52,3,29,Partial,No,65,88,Sold
CDK202400251,2026-03-12,Renault,Duster,V AT,2024,Hybrid,DCT,Hatchback,2998,21.9,Midnight Black,5,43932,Good,Kochi,Kerala,Individual,9.45,8.9,7.59,0.61,3.3,92,6,19,Partial,No,92,93,Sold
CDK202600828,2026-03-12,Mahindra,Scorpio Classic,ZX MT,2026,CNG,Automatic,Sedan,2198,13.4,Ocean Blue,1,33198,Good,Gurugram,Haryana,Dealer,15.51,15.77,14.85,0.75,3.7,69,6,24,Partial,No,48,99,Available
CDK202401114,2026-03-12,Toyota,Glanza,ZX,2024,Electric,Automatic,Hatchback,0,4.0,Metallic Silver,1,39020,Good,Delhi,Delhi,Dealer,11.58,11.93,10.65,0.9,4.1,67,36,16,Full,No,62,66,Sold
CDK201900707,2026-03-12,Toyota,Urban Cruiser Hyryder,Premium,2019,CNG,Manual,Hatchback,1598,17.9,Midnight Black,2,101762,Fair,Kolkata,West Bengal,Dealer,2.64,2.55,2.22,0.15,3.6,51,12,14,Partial,No,67,66,Available
CDK202400215,2026-03-13,BYD,e6,SX AT,2024,Petrol,Manual,Sedan,2198,11.2,Midnight Black,1,42968,Good,Vijayawada,Andhra Pradesh,Dealer,13.22,12.63,10.6,1.32,4.6,53,36,5,Full,Minor,48,48,Sold
CDK201700481,2026-03-13,Volvo,XC60,ZX AT,2017,Electric,Automatic,MPV,0,3.6,Royal Purple,2,143024,Excellent,Kolkata,West Bengal,Dealer,6.01,6.16,5.42,0.51,3.6,49,3,19,Full,No,88,66,Available
CDK202100023,2026-03-13,Renault,Kiger,Base AT,2021,Diesel,DCT,SUV,2998,16.1,Titanium Bronze,2,72890,Very Good,Ahmedabad,Gujarat,Dealer,9.39,9.15,8.38,0.45,3.2,68,6,10,Partial,No,83,98,Available
CDK201800203,2026-03-14,Kia,Seltos,ZX,2018,Petrol,Manual,SUV,2998,18.3,Forest Green,2,121322,Excellent,Pune,Maharashtra,Individual,6.73,6.5,5.49,0.62,3.8,77,36,36,Partial,No,80,92,Sold
CDK202301261,2026-03-14,Tata,Curvv,Premium AT,2023,Electric,Automatic,Hatchback,0,4.6,Titanium Bronze,1,19347,Very Good,Mumbai,Maharashtra,Dealer,4.4,4.55,3.83,0.18,4.1,69,18,1,Unavailable,No,92,64,Sold
CDK201800403,2026-03-14,Volkswagen,Virtus,Premium MT,2018,Petrol,AMT,SUV,1798,21.1,Forest Green,1,121712,Very Good,Noida,Uttar Pradesh,Dealer,9.43,9.13,7.78,0.66,4.3,85,36,2,Full,Major,61,58,Available
CDK202501473,2026-03-14,Kia,Carens,ZX MT,2025,Petrol,CVT,SUV,2198,25.5,Metallic Silver,3,11634,Good,Hyderabad,Telangana,Individual,19.58,19.79,17.72,1.39,3.9,31,12,36,Full,No,92,68,Available
CDK201901088,2026-03-14,Tata,Safari,V AT,2019,Petrol,AMT,Coupe,1497,16.0,Forest Green,4,127330,Good,Kolkata,West Bengal,Dealer,11.81,11.19,10.18,0.76,3.9,75,6,19,Full,No,92,43,Available
CDK202600926,2026-03-14,Hyundai,Alcazar,SX AT,2026,Petrol,AMT,Hatchback,3996,18.9,Ocean Blue,3,18233,Very Good,Visakhapatnam,Andhra Pradesh,Dealer,9.8,10.1,8.58,0.99,4.3,77,24,1,Partial,No,71,91,Sold
CDK202501320,2026-03-14,Tata,Tigor,Top,2025,Petrol,Manual,Sedan,2998,16.2,Fiery Red,2,11402,Good,Vijayawada,Andhra Pradesh,Dealer,6.0,5.87,4.75,0.54,4.9,60,24,16,Partial,No,59,55,Under Inspection
CDK201900872,2026-03-14,Mahindra,Thar,Sport MT,2019,Diesel,AMT,Hatchback,1598,16.9,Fiery Red,5,110695,Very Good,Gurugram,Haryana,Individual,4.84,4.83,4.05,0.19,4.1,59,24,12,Partial,No,68,68,Under Inspection
CDK202500501,2026-03-15,Toyota,Glanza,SX AT,2025,Diesel,AMT,Sedan,1598,19.3,Sunset Orange,3,34136,Excellent,Bengaluru,Karnataka,Individual,12.44,12.07,11.19,0.66,4.8,72,36,6,Full,No,86,92,Sold
CDK201900712,2026-03-15,Tata,Curvv,Sport,2019,Petrol,DCT,MUV,1598,17.9,Sunset Orange,1,147833,Excellent,Coimbatore,Tamil Nadu,Individual,3.43,3.38,2.49,0.14,4.1,75,3,18,Full,No,64,87,Sold
CDK201901094,2026-03-15,MG,Comet EV,SX MT,2019,Electric,Automatic,Sedan,0,3.9,Ocean Blue,5,107311,Good,Hyderabad,Telangana,Dealer,4.53,4.35,3.42,0.47,4.6,86,24,18,Unavailable,No,57,59,Sold
CDK201701037,2026-03-15,Hyundai,Venue,SX AT,2017,Petrol,AMT,Sedan,1598,13.5,Pearl White,1,128768,Very Good,Pune,Maharashtra,Dealer,2.07,2.09,1.5,0.08,3.6,82,36,14,Full,Major,75,51,Sold
CDK201700846,2026-03-16,Volkswagen,Tiguan,Top AT,2017,Petrol,Manual,MUV,1497,26.3,Metallic Silver,1,151337,Very Good,Kochi,Kerala,Dealer,4.73,4.65,3.9,0.49,4.3,65,36,10,Partial,No,90,59,Available
CDK202201309,2026-03-16,Hyundai,Venue,ZX MT,2022,Hybrid,Manual,SUV,1798,22.3,Royal Purple,5,75012,Very Good,Hyderabad,Telangana,Dealer,7.86,7.53,6.96,0.39,4.6,86,12,19,Full,Major,97,88,Reserved
CDK202100675,2026-03-16,Hyundai,Grand i10 Nios,SX,2021,Petrol,Manual,Hatchback,1598,25.8,Ocean Blue,1,112030,Good,Coimbatore,Tamil Nadu,Dealer,6.51,6.3,5.1,0.49,3.5,67,6,34,Partial,No,94,79,Sold
CDK202001307,2026-03-17,Skoda,Kushaq,V,2020,Petrol,Manual,SUV,3996,27.2,Titanium Bronze,2,109706,Very Good,Mumbai,Maharashtra,Individual,7.74,7.36,6.09,0.68,3.3,99,24,17,Full,Minor,94,70,Available
CDK201900237,2026-03-17,Renault,Kiger,V,2019,Petrol,Automatic,Hatchback,998,16.2,Metallic Silver,1,112487,Good,Hyderabad,Telangana,Certified Used Car Outlet,2.2,2.23,1.87,0.12,3.8,52,18,7,Full,No,70,78,Available
CDK202500404,2026-03-17,Maruti Suzuki,Fronx,Top,2025,Petrol,Manual,MPV,3996,18.6,Royal Purple,3,11121,Very Good,Visakhapatnam,Andhra Pradesh,Dealer,14.75,14.45,12.7,1.18,4.0,53,18,3,Full,No,65,81,Sold
CDK202300992,2026-03-17,Renault,Duster,Base MT,2023,Electric,Automatic,Sedan,0,6.8,Fiery Red,5,48247,Very Good,Delhi,Delhi,Individual,4.37,4.21,3.75,0.32,3.4,62,18,31,Full,Minor,52,83,Reserved
CDK202000338,2026-03-17,Kia,Sonet,Premium,2020,Diesel,Automatic,Sedan,998,19.7,Royal Purple,3,105295,Excellent,Jaipur,Rajasthan,Individual,9.69,9.66,8.57,0.63,4.8,56,24,29,Partial,No,87,92,Sold
CDK202401009,2026-03-17,Mahindra,Bolero,SX MT,2024,CNG,Manual,Hatchback,1598,19.1,Midnight Black,3,55992,Fair,Pune,Maharashtra,Dealer,7.0,6.94,5.89,0.42,5.0,94,3,31,Partial,No,89,73,Available
CDK202500519,2026-03-17,Hyundai,Exter,SX AT,2025,Petrol,Automatic,Sedan,3996,14.2,Midnight Black,3,34975,Very Good,Gurugram,Haryana,Certified Used Car Outlet,12.41,12.89,11.51,0.96,4.5,95,6,17,Full,No,96,70,Available
CDK202501386,2026-03-17,Honda,Elevate,ZX AT,2025,Electric,Automatic,Sedan,0,5.0,Midnight Black,3,57631,Good,Vijayawada,Andhra Pradesh,Individual,12.26,12.42,10.58,1.31,3.4,69,12,23,Full,No,73,94,Sold
CDK202600630,2026-03-17,BMW,X3,Premium,2026,Petrol,Automatic,Hatchback,1199,12.3,Sunset Orange,4,4303,Excellent,Mumbai,Maharashtra,Dealer,52.27,51.59,46.83,4.62,4.0,72,12,23,Partial,No,59,85,Sold
CDK202500606,2026-03-18,Volkswagen,Taigun,Premium AT,2025,Petrol,Automatic,MUV,1290,14.1,Titanium Bronze,2,27455,Fair,Coimbatore,Tamil Nadu,Dealer,16.42,15.73,13.91,1.49,3.9,63,24,23,Partial,No,52,49,Available
CDK202400126,2026-03-18,Nissan,X-Trail,Plus MT,2024,Petrol,Manual,Sedan,3996,20.0,Midnight Black,3,46668,Very Good,Jaipur,Rajasthan,Dealer,11.48,11.36,10.45,0.43,4.4,45,3,25,Full,No,90,60,Sold
CDK202301209,2026-03-18,Maruti Suzuki,Grand Vitara,ZX MT,2023,Hybrid,Automatic,SUV,1197,24.8,Metallic Silver,2,60273,Very Good,Bengaluru,Karnataka,Dealer,12.57,12.37,10.74,1.23,4.1,78,12,3,Partial,Minor,66,92,Available
CDK201901470,2026-03-18,Volvo,XC40,S MT,2019,Petrol,Manual,Coupe,998,26.6,Midnight Black,2,130491,Very Good,Jaipur,Rajasthan,Dealer,39.1,40.28,37.21,2.81,4.0,69,18,3,Unavailable,No,79,48,Sold
CDK202100878,2026-03-19,Tata,Safari,ZX,2021,Petrol,Automatic,Sedan,2998,15.4,Fiery Red,1,108237,Good,Ahmedabad,Gujarat,Certified Used Car Outlet,6.51,6.21,5.54,0.46,4.5,90,12,32,Partial,No,81,51,Available
CDK201801463,2026-03-19,Volkswagen,Tiguan,V AT,2018,Petrol,Automatic,Sedan,2198,27.3,Midnight Black,2,124739,Fair,Coimbatore,Tamil Nadu,Certified Used Car Outlet,2.56,2.65,2.28,0.21,3.8,40,12,28,Partial,Minor,74,42,Sold
CDK202300039,2026-03-19,Maruti Suzuki,Ertiga,V,2023,Petrol,Manual,SUV,1497,24.3,Pearl White,2,66936,Very Good,Gurugram,Haryana,Dealer,15.16,14.25,12.49,1.56,3.8,68,12,14,Unavailable,No,67,83,Sold
CDK202100148,2026-03-19,Maruti Suzuki,Baleno,Plus,2021,Petrol,AMT,Convertible,998,22.3,Graphite Grey,2,89206,Good,Visakhapatnam,Andhra Pradesh,Dealer,7.03,6.8,5.88,0.41,3.8,39,18,10,Full,No,60,99,Available
CDK201800283,2026-03-19,Skoda,Kushaq,ZX AT,2018,Petrol,Manual,SUV,1798,17.2,Titanium Bronze,1,120514,Good,Kochi,Kerala,Individual,7.04,6.65,6.06,0.25,4.5,77,36,5,Full,No,59,44,Sold
CDK202600964,2026-03-20,Maruti Suzuki,Brezza,SX AT,2026,Diesel,Automatic,Hatchback,1798,11.5,Ocean Blue,3,9673,Good,Noida,Uttar Pradesh,Individual,6.38,6.02,5.25,0.46,3.6,67,12,28,Full,No,49,51,Sold
CDK202000941,2026-03-20,Maruti Suzuki,Dzire,Premium,2020,Petrol,Manual,MPV,1290,14.4,Graphite Grey,3,87943,Good,Visakhapatnam,Andhra Pradesh,Individual,8.54,8.59,7.41,0.89,4.0,62,0,7,Full,No,82,53,Sold
CDK201800579,2026-03-20,Tata,Harrier,S,2018,Petrol,DCT,Hatchback,2198,14.2,Fiery Red,1,118738,Good,Gurugram,Haryana,Dealer,1.89,1.93,1.07,0.21,3.2,94,18,27,Unavailable,No,75,57,Available
CDK202200894,2026-03-20,MG,Gloster,Sport AT,2022,Petrol,Automatic,Hatchback,2494,17.3,Royal Purple,1,76000,Good,Visakhapatnam,Andhra Pradesh,Individual,10.44,10.19,9.5,0.47,4.1,66,6,3,Full,No,77,60,Sold
CDK201800620,2026-03-20,Mahindra,Bolero,Plus MT,2018,Diesel,Manual,SUV,1199,10.1,Titanium Bronze,2,154985,Very Good,Visakhapatnam,Andhra Pradesh,Individual,4.17,4.33,3.42,0.47,3.7,57,36,4,Full,No,74,91,Sold
CDK202501231,2026-03-20,Skoda,Slavia,SX AT,2025,Electric,Automatic,SUV,0,6.1,Metallic Silver,2,6738,Very Good,Hyderabad,Telangana,Dealer,25.49,24.32,21.7,2.06,4.2,67,12,6,Partial,No,60,59,Available
CDK202001021,2026-03-21,Mahindra,Bolero,ZX MT,2020,Diesel,Manual,SUV,1598,18.4,Graphite Grey,1,100235,Good,Pune,Maharashtra,Individual,3.88,3.94,2.97,0.23,4.9,98,24,34,Partial,Minor,97,83,Under Inspection
CDK202101475,2026-03-21,Honda,City,Premium AT,2021,Petrol,DCT,SUV,1798,24.1,Pearl White,1,63814,Good,Chennai,Tamil Nadu,Dealer,8.15,7.95,6.74,0.84,4.7,36,12,5,Full,Minor,50,47,Sold
CDK202601192,2026-03-21,Hyundai,i20,Sport,2026,Petrol,Automatic,Hatchback,2494,20.5,Royal Purple,3,7712,Excellent,Pune,Maharashtra,Certified Used Car Outlet,8.69,8.89,7.63,0.57,4.0,93,3,25,Partial,No,67,94,Available
CDK202601012,2026-03-22,Tata,Tiago,S MT,2026,Petrol,CVT,MUV,1598,24.6,Fiery Red,1,19300,Very Good,Hyderabad,Telangana,Dealer,12.81,12.28,11.47,0.43,5.0,97,3,26,Unavailable,No,80,53,Sold
CDK201900644,2026-03-22,Skoda,Kushaq,Plus,2019,Petrol,Manual,SUV,1598,18.9,Fiery Red,2,95397,Good,Chennai,Tamil Nadu,Dealer,4.3,4.17,3.17,0.39,4.3,81,36,23,Full,No,85,99,Sold
CDK201900103,2026-03-22,Kia,Sonet,S AT,2019,Electric,Automatic,MUV,0,5.8,Fiery Red,2,101834,Fair,Coimbatore,Tamil Nadu,Dealer,4.98,4.9,4.13,0.51,4.8,68,12,33,Full,No,66,73,Reserved
CDK202600798,2026-03-22,Maruti Suzuki,Grand Vitara,ZX,2026,Diesel,DCT,Sedan,1197,15.0,Graphite Grey,1,50820,Fair,Coimbatore,Tamil Nadu,Dealer,10.92,10.93,9.88,0.88,3.1,82,12,1,Full,No,96,61,Reserved
CDK202201414,2026-03-22,Kia,Carens,ZX,2022,Petrol,CVT,Sedan,1598,10.9,Graphite Grey,2,57253,Very Good,Bengaluru,Karnataka,Dealer,7.25,7.21,6.05,0.63,4.6,81,36,29,Partial,No,72,58,Under Inspection
CDK202200418,2026-03-22,Maruti Suzuki,Baleno,S MT,2022,Diesel,Manual,MPV,1497,14.1,Royal Purple,1,47651,Very Good,Kolkata,West Bengal,Certified Used Car Outlet,10.52,10.67,9.53,0.95,4.6,57,6,27,Partial,No,60,58,Available
CDK202101244,2026-03-22,MG,ZS EV,Sport MT,2021,Petrol,DCT,MPV,1290,19.0,Fiery Red,3,89030,Very Good,Bengaluru,Karnataka,Dealer,8.38,8.61,7.29,0.91,3.9,49,6,3,Full,No,93,79,Available
CDK202101099,2026-03-23,Tata,Tiago,Top AT,2021,Petrol,Manual,Convertible,1199,21.1,Fiery Red,2,83384,Very Good,Visakhapatnam,Andhra Pradesh,Individual,18.97,19.14,17.79,0.93,3.2,61,12,4,Unavailable,No,80,68,Available
CDK202600329,2026-03-23,Kia,Sonet,Top AT,2026,CNG,Manual,SUV,998,20.8,Ocean Blue,1,23348,Very Good,Hyderabad,Telangana,Individual,26.79,26.6,23.96,1.93,3.7,78,0,3,Partial,No,84,98,Sold
CDK202100758,2026-03-23,Hyundai,i20,Top,2021,Petrol,Manual,Hatchback,1598,20.8,Ocean Blue,1,103614,Very Good,Pune,Maharashtra,Dealer,2.55,2.47,1.8,0.19,2.6,65,12,26,Unavailable,No,98,86,Available
CDK202100975,2026-03-23,Mahindra,XUV700,V,2021,Petrol,Manual,Coupe,2998,25.1,Sunset Orange,1,82853,Fair,Bengaluru,Karnataka,Dealer,8.36,8.01,6.61,0.77,4.2,71,12,18,Partial,No,49,74,Available
CDK201700622,2026-03-23,Tata,Tiago,Base AT,2017,Petrol,DCT,Hatchback,3996,15.1,Pearl White,1,139030,Very Good,Delhi,Delhi,Dealer,1.8,1.71,1.04,0.1,3.6,99,6,27,Partial,No,82,40,Available
CDK201900070,2026-03-23,Tata,Nexon,Sport MT,2019,Diesel,DCT,Sedan,1197,20.2,Royal Purple,2,145069,Good,Kochi,Kerala,Dealer,5.26,5.3,4.67,0.46,4.5,53,12,30,Full,Minor,85,67,Available
CDK202001366,2026-03-23,Toyota,Innova Crysta,Sport,2020,Petrol,Manual,Hatchback,2998,25.9,Royal Purple,1,98916,Good,Kochi,Kerala,Dealer,3.27,3.14,2.54,0.12,4.0,54,12,4,Full,No,60,47,Sold
CDK202400873,2026-03-23,Hyundai,Tucson,Plus MT,2024,Diesel,Manual,Sedan,1998,23.2,Fiery Red,1,69507,Good,Chennai,Tamil Nadu,Certified Used Car Outlet,11.22,11.41,10.62,0.43,3.3,72,18,17,Full,No,71,78,Sold
CDK202200741,2026-03-23,Nissan,Magnite,ZX MT,2022,Petrol,Manual,Coupe,2998,16.5,Royal Purple,1,71188,Fair,Visakhapatnam,Andhra Pradesh,Dealer,13.92,13.25,12.1,0.96,3.4,90,0,31,Full,Minor,76,70,Available
CDK201800460,2026-03-24,Maruti Suzuki,Baleno,V,2018,Diesel,Manual,MUV,998,20.8,Metallic Silver,1,131134,Very Good,Kochi,Kerala,Individual,2.38,2.34,1.67,0.16,3.6,63,0,22,Unavailable,Minor,63,95,Sold
CDK202501224,2026-03-24,Kia,Seltos,Base,2025,Petrol,CVT,MUV,998,11.1,Pearl White,1,48941,Good,Bengaluru,Karnataka,Dealer,10.73,10.54,9.44,0.81,3.3,82,6,11,Full,No,76,75,Sold
CDK202301227,2026-03-24,Tata,Punch,Base,2023,Petrol,Automatic,MPV,1598,18.3,Royal Purple,1,70113,Very Good,Visakhapatnam,Andhra Pradesh,Certified Used Car Outlet,9.57,9.83,8.5,0.87,4.5,46,3,20,Full,No,72,75,Sold
CDK202200595,2026-03-24,Kia,EV6,Base MT,2022,Electric,Automatic,MPV,0,3.4,Metallic Silver,1,89784,Very Good,Pune,Maharashtra,Individual,20.23,20.77,19.43,1.15,3.6,51,36,12,Partial,No,56,79,Sold
CDK201800516,2026-03-24,Mahindra,Thar,Plus MT,2018,Petrol,Manual,SUV,1598,25.6,Graphite Grey,1,149508,Excellent,Pune,Maharashtra,Individual,4.29,4.4,3.38,0.43,3.9,99,24,27,Partial,No,63,52,Sold
CDK201800019,2026-03-24,Tata,Curvv,SX AT,2018,Petrol,Manual,SUV,1197,15.5,Fiery Red,2,129560,Very Good,Ahmedabad,Gujarat,Dealer,5.02,4.88,4.21,0.18,4.2,62,12,23,Partial,No,58,87,Available
CDK202300839,2026-03-25,Hyundai,Alcazar,ZX,2023,CNG,Manual,Sedan,1798,18.7,Metallic Silver,1,24255,Excellent,Chennai,Tamil Nadu,Individual,8.15,7.75,7.0,0.32,3.0,99,3,35,Partial,No,80,96,Sold
CDK202401472,2026-03-25,Maruti Suzuki,Fronx,S MT,2024,Hybrid,AMT,Hatchback,2494,27.8,Forest Green,4,17659,Good,Jaipur,Rajasthan,Dealer,6.52,6.4,5.13,0.64,4.3,70,18,25,Partial,No,79,52,Sold
CDK202200081,2026-03-25,Tata,Harrier,ZX AT,2022,Hybrid,Manual,SUV,2198,10.6,Graphite Grey,1,66136,Very Good,Pune,Maharashtra,Certified Used Car Outlet,11.7,11.41,9.91,1.01,4.3,71,6,15,Full,No,63,73,Sold
CDK202101486,2026-03-25,Maruti Suzuki,Grand Vitara,ZX AT,2021,Petrol,Automatic,Hatchback,1998,21.4,Metallic Silver,2,58047,Good,Chennai,Tamil Nadu,Individual,3.15,3.19,2.31,0.26,3.3,99,12,17,Unavailable,No,82,85,Sold
CDK201801001,2026-03-26,Renault,Kwid,Sport MT,2018,Electric,Automatic,MPV,0,6.7,Ocean Blue,1,119821,Good,Pune,Maharashtra,Dealer,4.13,4.09,3.37,0.15,3.0,59,18,15,Unavailable,No,65,96,Sold
CDK202201376,2026-03-27,Renault,Kiger,Premium AT,2022,Petrol,CVT,Sedan,1199,10.1,Titanium Bronze,2,80965,Excellent,Ahmedabad,Gujarat,Dealer,9.23,8.77,7.21,0.88,4.4,73,36,3,Partial,No,57,76,Available
CDK202400005,2026-03-27,Skoda,Kushaq,Sport MT,2024,Petrol,Manual,SUV,1598,26.2,Forest Green,1,53385,Good,Visakhapatnam,Andhra Pradesh,Individual,10.68,10.81,9.9,0.73,4.1,73,3,18,Full,No,81,46,Available
CDK202300742,2026-03-27,Honda,Elevate,V,2023,Electric,Automatic,SUV,0,4.0,Ocean Blue,1,60973,Very Good,Mumbai,Maharashtra,Individual,15.5,15.34,13.26,1.55,4.3,56,36,36,Full,Minor,73,70,Sold
CDK201901497,2026-03-27,Maruti Suzuki,Swift,Top AT,2019,Petrol,Manual,SUV,2998,24.9,Midnight Black,1,138620,Excellent,Kolkata,West Bengal,Certified Used Car Outlet,9.17,9.34,8.26,0.52,4.6,79,24,0,Partial,No,51,64,Available
CDK202200229,2026-03-27,Maruti Suzuki,Dzire,Sport AT,2022,Diesel,Manual,SUV,1197,14.8,Midnight Black,3,69268,Good,Noida,Uttar Pradesh,Individual,6.31,6.4,5.4,0.37,4.0,62,0,36,Full,No,77,54,Sold
CDK202300159,2026-03-28,Toyota,Fortuner,V AT,2023,Electric,Automatic,SUV,0,4.3,Sunset Orange,2,79826,Fair,Delhi,Delhi,Individual,8.64,8.91,7.82,0.66,4.1,76,36,21,Partial,No,73,69,Under Inspection
CDK202500352,2026-03-28,Hyundai,i20,Plus,2025,Petrol,Manual,MPV,1998,20.0,Ocean Blue,1,28969,Very Good,Mumbai,Maharashtra,Certified Used Car Outlet,17.57,16.87,15.36,1.16,3.2,44,0,16,Partial,No,52,74,Available
CDK202400985,2026-03-28,Honda,City,V MT,2024,Hybrid,Manual,SUV,1197,11.4,Ocean Blue,1,59988,Good,Ahmedabad,Gujarat,Dealer,12.02,12.31,11.37,0.79,4.5,60,12,19,Partial,Minor,45,93,Available
CDK202401070,2026-03-28,Maruti Suzuki,Baleno,Base,2024,Diesel,Manual,SUV,1497,16.7,Sunset Orange,5,28485,Fair,Jaipur,Rajasthan,Certified Used Car Outlet,7.22,7.49,6.33,0.53,3.5,21,12,9,Unavailable,No,72,64,Reserved
CDK202400672,2026-03-28,Volvo,S90,ZX MT,2024,Diesel,DCT,Hatchback,1798,27.0,Fiery Red,1,34027,Good,Jaipur,Rajasthan,Individual,12.82,12.83,11.68,0.71,3.5,83,24,34,Partial,No,45,69,Reserved
CDK202100665,2026-03-28,Maruti Suzuki,Ertiga,Plus MT,2021,Electric,Automatic,SUV,0,3.5,Graphite Grey,2,104832,Fair,Visakhapatnam,Andhra Pradesh,Certified Used Car Outlet,5.23,5.18,4.42,0.28,2.9,73,3,0,Unavailable,No,93,53,Sold
CDK202300988,2026-03-28,Mahindra,Thar,Premium,2023,Petrol,Manual,MPV,1798,25.8,Graphite Grey,1,72834,Excellent,Kochi,Kerala,Dealer,15.97,15.09,14.22,0.62,3.3,50,18,10,Partial,No,47,48,Available
CDK202600009,2026-03-28,Maruti Suzuki,Brezza,Top AT,2026,Diesel,Manual,SUV,2198,24.5,Metallic Silver,2,18520,Excellent,Ahmedabad,Gujarat,Certified Used Car Outlet,20.88,20.65,18.76,1.75,4.1,73,24,3,Full,No,45,97,Available
CDK202501086,2026-03-28,Maruti Suzuki,Ciaz,S MT,2025,Diesel,Manual,MPV,1998,21.7,Metallic Silver,1,31948,Fair,Gurugram,Haryana,Individual,8.16,8.24,6.96,0.72,3.7,86,18,20,Full,No,57,95,Reserved
CDK201700879,2026-03-29,Kia,Carens,S,2017,Petrol,DCT,Hatchback,1497,17.1,Metallic Silver,2,175584,Fair,Noida,Uttar Pradesh,Dealer,2.19,2.12,1.4,0.17,3.3,76,0,5,Full,No,70,59,Available
CDK202300193,2026-03-29,MG,Gloster,V,2023,Petrol,Manual,SUV,1290,16.0,Midnight Black,1,54345,Excellent,Mumbai,Maharashtra,Dealer,8.51,8.3,7.3,0.66,4.3,50,12,24,Partial,No,95,42,Sold
CDK202000387,2026-03-30,Maruti Suzuki,Swift,Premium MT,2020,Hybrid,Manual,SUV,1798,23.1,Titanium Bronze,1,106629,Fair,Delhi,Delhi,Dealer,3.15,3.05,2.03,0.27,3.0,68,3,6,Full,Minor,94,52,Available
CDK202200448,2026-03-30,Hyundai,i20,Top,2022,Diesel,Automatic,SUV,1798,16.0,Graphite Grey,3,47342,Good,Vijayawada,Andhra Pradesh,Dealer,7.64,7.5,6.82,0.4,4.0,58,24,26,Full,Minor,97,47,Sold
CDK201901141,2026-03-30,Mahindra,Bolero,ZX MT,2019,Diesel,CVT,Coupe,2998,12.9,Midnight Black,5,127291,Excellent,Delhi,Delhi,Dealer,11.49,11.57,10.26,1.1,3.2,98,36,6,Full,No,71,71,Available
CDK202200822,2026-03-30,Maruti Suzuki,Ciaz,Base MT,2022,Petrol,Manual,Sedan,3996,12.3,Metallic Silver,1,63159,Very Good,Kolkata,West Bengal,Dealer,7.27,7.14,6.02,0.77,4.3,67,18,15,Full,No,97,52,Sold
CDK201700694,2026-03-30,Tata,Harrier,Plus MT,2017,Hybrid,Manual,Hatchback,998,18.9,Ocean Blue,2,149787,Good,Kolkata,West Bengal,Dealer,2.45,2.36,1.88,0.21,4.0,60,24,27,Full,No,78,99,Sold
CDK201901384,2026-03-30,MG,Astor,Sport,2019,Petrol,Automatic,MUV,3996,24.1,Pearl White,1,73129,Very Good,Visakhapatnam,Andhra Pradesh,Dealer,4.62,4.37,3.67,0.27,5.0,80,18,22,Full,No,48,70,Available
CDK202300668,2026-03-31,Hyundai,Tucson,Base,2023,Petrol,AMT,SUV,1598,16.2,Ocean Blue,2,31791,Excellent,Chennai,Tamil Nadu,Dealer,13.72,12.91,11.76,0.72,4.8,72,24,27,Partial,Minor,51,68,Sold
CDK201800526,2026-03-31,Toyota,Innova Crysta,Premium,2018,CNG,AMT,Sedan,3996,24.8,Titanium Bronze,2,148167,Excellent,Gurugram,Haryana,Dealer,4.98,5.0,4.12,0.18,4.5,32,6,10,Unavailable,No,82,88,Under Inspection
CDK202401197,2026-03-31,Mahindra,Scorpio Classic,Base,2024,Electric,Automatic,SUV,0,6.0,Titanium Bronze,1,51471,Very Good,Mumbai,Maharashtra,Individual,16.08,15.78,14.04,1.41,3.8,35,24,34,Full,No,89,99,Available
CDK202000147,2026-03-31,Maruti Suzuki,Ciaz,Base MT,2020,Diesel,Manual,Hatchback,2198,10.4,Forest Green,2,99585,Good,Gurugram,Haryana,Dealer,4.71,4.43,3.99,0.22,4.2,70,3,22,Partial,No,95,90,Available
CDK201900720,2026-03-31,Maruti Suzuki,Ertiga,Sport,2019,Petrol,Automatic,MPV,1598,22.9,Forest Green,4,105781,Good,Vijayawada,Andhra Pradesh,Individual,2.82,2.74,2.41,0.1,3.4,66,24,21,Full,No,70,65,Sold
CDK202101136,2026-03-31,Mahindra,XUV400,V,2021,Petrol,Manual,SUV,2998,16.6,Titanium Bronze,2,63404,Good,Coimbatore,Tamil Nadu,Dealer,13.29,12.51,11.67,0.55,4.3,58,0,17,Full,No,85,51,Sold
CDK202600554,2026-04-01,Skoda,Slavia,S,2026,Petrol,Automatic,SUV,3996,23.0,Titanium Bronze,2,11599,Good,Ahmedabad,Gujarat,Dealer,24.48,24.57,22.87,1.44,5.0,47,18,1,Full,No,67,65,Available
CDK201900391,2026-04-01,Jeep,Meridian,Base MT,2019,Petrol,Manual,MPV,1497,15.9,Midnight Black,1,105146,Fair,Coimbatore,Tamil Nadu,Dealer,6.7,6.35,5.71,0.33,4.0,80,18,4,Full,Minor,86,46,Available
CDK202601440,2026-04-01,Nissan,X-Trail,Premium,2026,Petrol,Manual,Hatchback,2998,20.5,Royal Purple,1,15751,Very Good,Kochi,Kerala,Individual,7.05,7.12,6.01,0.41,3.7,65,24,11,Partial,Minor,58,44,Under Inspection
CDK202400238,2026-04-01,Toyota,Fortuner,V,2024,Electric,Automatic,Coupe,0,5.8,Midnight Black,2,21830,Very Good,Kochi,Kerala,Individual,28.78,27.17,25.88,0.96,4.6,67,18,31,Partial,No,80,98,Available
CDK201900588,2026-04-01,Skoda,Kushaq,Plus AT,2019,Petrol,Manual,Sedan,1290,15.9,Graphite Grey,2,115809,Fair,Visakhapatnam,Andhra Pradesh,Dealer,3.38,3.21,2.47,0.2,3.8,53,24,18,Partial,No,61,54,Available
CDK202300719,2026-04-02,Toyota,Camry,V,2023,Petrol,Manual,Sedan,2998,23.9,Fiery Red,5,62320,Very Good,Bengaluru,Karnataka,Dealer,6.84,6.44,5.89,0.38,4.4,76,3,11,Full,No,66,95,Sold
CDK202000113,2026-04-02,Tata,Safari,S,2020,Hybrid,Manual,MPV,1197,21.7,Metallic Silver,1,114440,Good,Gurugram,Haryana,Certified Used Car Outlet,8.1,8.16,7.46,0.56,3.5,98,12,0,Full,No,77,43,Available
CDK202200865,2026-04-02,Kia,Sonet,Plus,2022,Petrol,Manual,SUV,1199,14.0,Ocean Blue,1,79721,Excellent,Hyderabad,Telangana,Dealer,19.54,19.77,17.25,2.06,3.7,72,18,22,Full,No,92,96,Available
CDK201800525,2026-04-02,Mahindra,Bolero,SX MT,2018,Petrol,DCT,MPV,1197,11.1,Titanium Bronze,2,136007,Good,Bengaluru,Karnataka,Individual,2.75,2.67,2.05,0.17,3.4,44,18,8,Partial,No,87,87,Available
CDK202100893,2026-04-02,Tata,Nexon,Top MT,2021,CNG,Manual,SUV,2998,21.1,Sunset Orange,1,96950,Good,Jaipur,Rajasthan,Certified Used Car Outlet,7.6,7.44,6.66,0.35,3.4,88,12,13,Full,No,92,44,Sold
CDK202401190,2026-04-03,Maruti Suzuki,Dzire,Base MT,2024,Petrol,Manual,SUV,1598,23.1,Fiery Red,2,54966,Very Good,Bengaluru,Karnataka,Individual,10.73,10.58,9.74,0.45,3.9,85,0,24,Full,No,63,67,Sold
CDK201800559,2026-04-03,Toyota,Glanza,Sport MT,2018,Petrol,Automatic,SUV,2998,22.7,Midnight Black,2,111238,Good,Bengaluru,Karnataka,Individual,10.87,11.03,10.12,0.57,4.3,90,3,36,Full,No,80,95,Sold
CDK202401390,2026-04-03,Jeep,Compass,V AT,2024,Diesel,Manual,SUV,2198,27.9,Forest Green,1,38171,Excellent,Kolkata,West Bengal,Dealer,21.06,21.34,19.63,1.54,3.3,41,36,2,Full,No,58,60,Available
CDK202300438,2026-04-03,Maruti Suzuki,Baleno,Sport AT,2023,Petrol,Manual,Convertible,1598,19.2,Titanium Bronze,1,45315,Good,Chennai,Tamil Nadu,Dealer,10.84,10.85,9.55,1.16,2.6,99,6,18,Full,No,72,56,Sold
CDK202500067,2026-04-03,BMW,X3,Plus,2025,Petrol,Automatic,SUV,1199,20.9,Royal Purple,3,27229,Very Good,Ahmedabad,Gujarat,Dealer,60.45,57.15,52.94,3.49,3.7,41,0,19,Partial,Minor,91,57,Available
CDK201801347,2026-04-03,Maruti Suzuki,Swift,Premium AT,2018,Diesel,Manual,Coupe,1290,27.6,Ocean Blue,2,127777,Good,Ahmedabad,Gujarat,Dealer,3.66,3.81,2.94,0.3,4.2,31,0,32,Full,No,45,78,Available
CDK202201382,2026-04-03,Mahindra,XUV700,ZX MT,2022,Petrol,DCT,SUV,2198,18.8,Pearl White,2,74331,Excellent,Chennai,Tamil Nadu,Dealer,9.32,9.32,7.93,0.7,3.7,99,18,0,Full,No,60,83,Sold
CDK201901398,2026-04-03,Maruti Suzuki,Dzire,SX AT,2019,Diesel,Manual,Hatchback,1290,17.5,Sunset Orange,2,143613,Very Good,Visakhapatnam,Andhra Pradesh,Dealer,3.0,2.96,2.2,0.29,4.1,63,6,22,Full,No,60,63,Sold
CDK202300303,2026-04-04,Hyundai,Exter,Premium MT,2023,CNG,Manual,Hatchback,1199,24.5,Ocean Blue,4,45997,Excellent,Noida,Uttar Pradesh,Certified Used Car Outlet,9.23,8.92,7.83,0.79,4.3,60,18,3,Full,No,94,57,Sold
CDK202301230,2026-04-04,Hyundai,Grand i10 Nios,Plus AT,2023,Petrol,DCT,SUV,1290,17.6,Metallic Silver,3,44169,Excellent,Gurugram,Haryana,Dealer,11.48,11.52,10.45,0.92,3.8,96,12,17,Full,Minor,72,49,Available
CDK202300181,2026-04-04,Nissan,X-Trail,Premium,2023,Petrol,Manual,SUV,1197,15.1,Titanium Bronze,1,7758,Excellent,Pune,Maharashtra,Dealer,6.92,6.54,5.64,0.6,4.2,88,24,26,Full,No,67,83,Reserved
CDK202200482,2026-04-05,Honda,Elevate,V MT,2022,Electric,Automatic,SUV,0,4.0,Midnight Black,3,72454,Good,Visakhapatnam,Andhra Pradesh,Dealer,10.63,10.89,9.62,1.02,2.9,43,18,7,Full,No,65,81,Available
CDK202401120,2026-04-05,Maruti Suzuki,Swift,Base MT,2024,Electric,Automatic,Hatchback,0,5.2,Forest Green,1,61611,Very Good,Hyderabad,Telangana,Certified Used Car Outlet,7.72,7.79,6.68,0.55,4.4,81,0,3,Full,No,74,75,Available
CDK201701234,2026-04-05,Honda,City,Sport AT,2017,Petrol,Manual,MPV,998,22.3,Graphite Grey,1,143452,Very Good,Coimbatore,Tamil Nadu,Dealer,4.78,4.62,3.87,0.41,4.5,72,18,7,Full,Major,52,65,Available
CDK201800913,2026-04-05,Maruti Suzuki,Baleno,Base,2018,Petrol,Manual,SUV,1798,16.0,Forest Green,1,114716,Very Good,Pune,Maharashtra,Individual,5.5,5.51,4.8,0.46,3.9,51,3,31,Full,Minor,61,79,Available
CDK202000431,2026-04-05,Renault,Triber,S AT,2020,Petrol,Manual,SUV,1598,15.3,Metallic Silver,1,98003,Good,Gurugram,Haryana,Individual,4.31,4.35,3.91,0.2,3.7,65,3,32,Full,No,86,51,Available
CDK202600843,2026-04-05,Tata,Safari,Sport AT,2026,Diesel,CVT,Sedan,1598,17.5,Royal Purple,1,43117,Excellent,Kolkata,West Bengal,Individual,11.34,11.25,9.83,0.77,3.8,60,24,36,Unavailable,No,89,66,Available
CDK202200888,2026-04-05,Honda,City,V AT,2022,Diesel,Manual,SUV,2494,11.2,Royal Purple,1,73508,Excellent,Jaipur,Rajasthan,Individual,9.08,8.92,7.7,0.59,2.8,96,18,28,Partial,No,92,88,Sold
CDK202400995,2026-04-05,Mahindra,XUV400,V AT,2024,Petrol,Manual,Sedan,1598,25.7,Midnight Black,1,15623,Good,Noida,Uttar Pradesh,Certified Used Car Outlet,12.87,12.21,10.96,1.12,3.9,55,24,31,Unavailable,No,94,63,Available
CDK201700781,2026-04-05,Honda,Elevate,Plus,2017,Petrol,Automatic,SUV,1998,26.4,Midnight Black,3,129871,Good,Noida,Uttar Pradesh,Dealer,2.18,2.25,1.6,0.1,4.9,45,24,25,Partial,No,71,71,Available
CDK201900062,2026-04-06,Tata,Curvv,Premium MT,2019,Diesel,CVT,Sedan,1598,20.0,Metallic Silver,1,89360,Excellent,Kochi,Kerala,Dealer,7.08,7.14,6.09,0.35,4.1,55,24,36,Full,No,88,60,Sold
CDK201900086,2026-04-06,Nissan,Magnite,V MT,2019,Diesel,Automatic,Hatchback,1290,18.0,Ocean Blue,1,138119,Very Good,Chennai,Tamil Nadu,Dealer,5.16,5.33,4.39,0.57,3.3,76,36,9,Partial,No,76,42,Available
CDK202401194,2026-04-06,Volkswagen,Tiguan,Sport MT,2024,Petrol,Automatic,Hatchback,1199,25.6,Metallic Silver,4,19128,Excellent,Bengaluru,Karnataka,Certified Used Car Outlet,12.35,12.48,10.91,0.95,4.1,68,36,3,Unavailable,No,59,99,Sold
CDK201700777,2026-04-06,Mahindra,XUV 3XO,Base MT,2017,Petrol,CVT,Hatchback,2494,15.8,Midnight Black,5,113975,Good,Delhi,Delhi,Individual,2.15,2.16,1.25,0.19,4.1,79,36,29,Partial,No,63,62,Sold
CDK201900125,2026-04-06,Maruti Suzuki,Ertiga,ZX MT,2019,Petrol,Manual,Sedan,1497,16.0,Fiery Red,3,114063,Good,Kochi,Kerala,Dealer,1.82,1.74,1.15,0.15,3.2,57,0,4,Unavailable,No,58,61,Sold
CDK202101476,2026-04-06,Toyota,Glanza,Base AT,2021,Diesel,CVT,Hatchback,1497,25.7,Sunset Orange,2,93726,Very Good,Delhi,Delhi,Certified Used Car Outlet,5.33,5.5,4.85,0.26,4.0,99,0,9,Partial,No,60,61,Under Inspection
CDK201801361,2026-04-06,Mahindra,Scorpio-N,V AT,2018,Petrol,Automatic,Hatchback,1497,24.4,Fiery Red,2,129139,Very Good,Bengaluru,Karnataka,Dealer,5.13,5.21,4.56,0.29,4.4,70,36,32,Full,No,82,52,Sold
CDK202300026,2026-04-07,Nissan,Magnite,SX,2023,Petrol,DCT,Sedan,1798,25.4,Forest Green,2,54721,Very Good,Vijayawada,Andhra Pradesh,Dealer,9.87,9.61,8.38,0.85,3.9,81,36,6,Partial,No,98,43,Reserved
CDK202300266,2026-04-07,Kia,Seltos,Premium,2023,Diesel,AMT,SUV,1197,14.1,Royal Purple,1,54156,Good,Ahmedabad,Gujarat,Dealer,9.3,9.11,7.96,0.87,2.9,69,36,10,Full,No,78,85,Sold
CDK201800337,2026-04-07,Mahindra,Thar,ZX,2018,Petrol,Manual,Hatchback,1199,22.9,Metallic Silver,3,105019,Excellent,Jaipur,Rajasthan,Individual,2.37,2.35,1.67,0.09,4.1,77,12,32,Full,No,98,97,Sold
CDK202200507,2026-04-07,Maruti Suzuki,Dzire,Base,2022,Petrol,Manual,SUV,2494,13.0,Pearl White,2,47721,Good,Chennai,Tamil Nadu,Dealer,12.49,11.9,10.93,0.79,3.5,64,0,35,Partial,No,84,51,Available
CDK202500816,2026-04-07,Renault,Duster,Plus MT,2025,Petrol,Manual,MUV,2198,12.1,Royal Purple,2,38782,Good,Delhi,Delhi,Dealer,10.13,9.87,8.44,0.75,3.8,71,36,29,Partial,No,84,46,Sold
CDK201801256,2026-04-08,Volkswagen,Taigun,Top AT,2018,Petrol,Manual,Sedan,998,13.2,Pearl White,4,125681,Excellent,Jaipur,Rajasthan,Individual,5.01,5.15,4.26,0.21,4.0,65,24,7,Full,No,92,43,Sold
CDK202600085,2026-04-08,Tata,Safari,Sport AT,2026,Hybrid,Automatic,Coupe,1290,27.4,Royal Purple,1,22231,Very Good,Coimbatore,Tamil Nadu,Dealer,28.2,29.13,27.36,1.27,4.5,63,12,18,Full,No,65,47,Under Inspection
CDK201801471,2026-04-08,Mercedes-Benz,A-Class,Sport AT,2018,Petrol,Manual,SUV,1199,27.6,Royal Purple,1,91156,Excellent,Kolkata,West Bengal,Dealer,21.37,20.5,18.96,0.93,3.5,62,36,13,Unavailable,No,94,77,Available
CDK201801078,2026-04-08,Mahindra,Scorpio Classic,V,2018,Hybrid,Automatic,MUV,2494,12.3,Sunset Orange,3,140938,Fair,Kolkata,West Bengal,Certified Used Car Outlet,2.57,2.6,1.87,0.27,4.3,56,6,20,Partial,No,71,53,Sold
CDK202000479,2026-04-08,Maruti Suzuki,Fronx,ZX MT,2020,Petrol,Automatic,MUV,2494,17.6,Royal Purple,1,88737,Very Good,Gurugram,Haryana,Dealer,5.07,5.15,4.67,0.32,4.0,94,12,13,Full,No,79,80,Available
CDK201800994,2026-04-09,Honda,Elevate,Premium AT,2018,Petrol,Automatic,Convertible,3996,22.8,Forest Green,2,150120,Fair,Coimbatore,Tamil Nadu,Dealer,2.75,2.73,2.13,0.29,3.9,43,18,15,Full,No,61,96,Reserved
CDK202101268,2026-04-09,Maruti Suzuki,Fronx,Base,2021,Diesel,Automatic,Convertible,1199,26.5,Titanium Bronze,1,82471,Very Good,Ahmedabad,Gujarat,Dealer,19.03,18.71,16.61,1.44,3.7,81,24,28,Partial,No,58,56,Available
CDK201801299,2026-04-09,Kia,Carens,ZX MT,2018,Petrol,Manual,SUV,2494,18.7,Forest Green,4,122667,Fair,Hyderabad,Telangana,Dealer,4.61,4.57,3.39,0.47,4.3,53,0,29,Full,Minor,57,70,Available
CDK202100724,2026-04-10,Kia,Carens,Plus AT,2021,CNG,AMT,Hatchback,2998,18.1,Sunset Orange,2,110550,Good,Mumbai,Maharashtra,Individual,6.37,6.09,5.27,0.64,3.3,75,36,8,Full,No,47,93,Sold
CDK202600496,2026-04-10,Tata,Harrier,Premium AT,2026,Electric,Automatic,SUV,0,4.3,Midnight Black,1,8946,Excellent,Gurugram,Haryana,Dealer,22.68,23.29,21.75,1.09,3.7,73,36,10,Full,Minor,79,57,Available
CDK202500661,2026-04-10,Skoda,Kodiaq,S,2025,Petrol,Automatic,MPV,1497,17.6,Titanium Bronze,3,32029,Very Good,Visakhapatnam,Andhra Pradesh,Certified Used Car Outlet,14.19,13.47,11.48,1.4,4.9,73,0,18,Unavailable,No,91,54,Reserved
CDK201801084,2026-04-10,Skoda,Superb,SX AT,2018,CNG,Manual,Coupe,1798,26.8,Titanium Bronze,2,120694,Very Good,Kochi,Kerala,Certified Used Car Outlet,8.2,8.42,7.14,0.73,3.8,83,12,15,Full,No,62,81,Sold
CDK202400349,2026-04-10,Tata,Tigor,SX AT,2024,Electric,Automatic,MPV,0,4.3,Titanium Bronze,3,55033,Good,Vijayawada,Andhra Pradesh,Dealer,12.78,12.04,10.87,0.49,4.4,49,12,33,Partial,No,60,42,Sold
CDK202601401,2026-04-10,Volkswagen,Tiguan,Base MT,2026,Petrol,DCT,Hatchback,2494,10.6,Sunset Orange,1,12166,Good,Pune,Maharashtra,Dealer,7.9,7.47,6.11,0.67,3.6,78,3,9,Partial,Minor,76,45,Reserved
CDK201800534,2026-04-10,Hyundai,Venue,Premium,2018,CNG,Manual,SUV,1290,20.0,Forest Green,1,139959,Very Good,Vijayawada,Andhra Pradesh,Certified Used Car Outlet,3.13,3.16,2.45,0.27,4.3,73,0,29,Unavailable,Minor,81,58,Reserved
CDK202401060,2026-04-11,Renault,Kiger,Sport AT,2024,Diesel,Manual,MUV,3996,20.1,Sunset Orange,5,30724,Very Good,Jaipur,Rajasthan,Individual,13.32,12.82,11.35,1.28,4.4,41,3,36,Full,Minor,48,58,Sold
CDK202100989,2026-04-11,Tata,Safari,Base MT,2021,Electric,Automatic,MUV,0,4.1,Metallic Silver,1,104607,Excellent,Visakhapatnam,Andhra Pradesh,Individual,13.51,12.87,11.69,1.03,4.0,84,3,26,Partial,No,78,44,Sold
CDK202400234,2026-04-11,Mahindra,XUV400,Base,2024,Hybrid,AMT,SUV,2494,17.0,Midnight Black,1,41924,Good,Hyderabad,Telangana,Individual,13.56,13.06,11.94,0.48,4.0,72,36,14,Full,No,89,59,Reserved
CDK202400354,2026-04-12,Maruti Suzuki,Baleno,S AT,2024,Petrol,AMT,Sedan,998,12.0,Pearl White,1,44772,Fair,Noida,Uttar Pradesh,Certified Used Car Outlet,6.42,6.1,5.24,0.32,3.3,85,6,7,Partial,No,66,94,Sold
CDK201901435,2026-04-12,Toyota,Fortuner,Top,2019,Petrol,Automatic,Hatchback,1290,13.6,Forest Green,1,111556,Very Good,Delhi,Delhi,Individual,3.34,3.2,2.43,0.11,5.0,99,18,10,Partial,Major,75,78,Available
CDK202301196,2026-04-12,Honda,Amaze,Sport,2023,CNG,AMT,SUV,1197,13.6,Royal Purple,3,37378,Very Good,Visakhapatnam,Andhra Pradesh,Dealer,16.46,15.52,13.64,1.57,4.1,66,24,23,Full,No,53,89,Sold
CDK202500548,2026-04-12,Toyota,Camry,Plus AT,2025,CNG,Manual,MUV,1998,19.9,Royal Purple,2,28364,Good,Vijayawada,Andhra Pradesh,Dealer,14.99,14.43,13.22,1.04,2.9,46,24,15,Full,Minor,75,72,Sold
CDK202400657,2026-04-12,Maruti Suzuki,Ciaz,Premium AT,2024,Electric,Automatic,Coupe,0,6.6,Fiery Red,1,53127,Excellent,Delhi,Delhi,Dealer,21.55,21.26,19.07,1.65,3.7,77,36,0,Unavailable,No,77,52,Available
CDK201800290,2026-04-12,Maruti Suzuki,Baleno,SX,2018,Hybrid,Automatic,MPV,3996,11.9,Forest Green,2,157696,Good,Hyderabad,Telangana,Individual,5.65,5.72,4.71,0.28,4.8,84,0,21,Partial,No,61,43,Available
CDK201701221,2026-04-12,Toyota,Innova Crysta,Sport,2017,Electric,Automatic,Coupe,0,5.0,Midnight Black,2,125536,Good,Jaipur,Rajasthan,Dealer,4.3,4.09,3.11,0.27,5.0,73,0,6,Partial,No,50,49,Under Inspection
CDK201801232,2026-04-12,Renault,Triber,S,2018,Petrol,CVT,SUV,1598,24.4,Sunset Orange,5,99357,Good,Mumbai,Maharashtra,Dealer,2.97,2.85,2.27,0.12,4.3,36,24,15,Partial,No,61,44,Sold
CDK202501394,2026-04-12,Tata,Tigor,Top MT,2025,Diesel,CVT,Hatchback,2998,18.0,Titanium Bronze,1,23302,Excellent,Ahmedabad,Gujarat,Certified Used Car Outlet,6.98,6.64,5.76,0.46,4.3,54,0,12,Full,No,69,58,Reserved
CDK202500869,2026-04-12,Maruti Suzuki,Baleno,Base MT,2025,Petrol,DCT,Convertible,1497,21.7,Fiery Red,1,40089,Very Good,Hyderabad,Telangana,Dealer,34.28,33.0,30.31,2.03,4.4,69,6,0,Unavailable,No,81,78,Available
CDK202300955,2026-04-13,Maruti Suzuki,Baleno,S,2023,Petrol,AMT,Hatchback,998,19.1,Titanium Bronze,2,37854,Good,Kochi,Kerala,Individual,8.51,8.05,6.71,0.72,4.6,88,3,16,Partial,No,70,54,Reserved
CDK201701287,2026-04-13,Skoda,Kodiaq,V AT,2017,Electric,Automatic,MUV,0,6.3,Fiery Red,1,165415,Fair,Visakhapatnam,Andhra Pradesh,Dealer,6.34,6.34,5.5,0.26,4.3,53,36,3,Partial,No,67,83,Under Inspection
CDK202101025,2026-04-13,Audi,Q5,Premium,2021,CNG,AMT,SUV,2998,10.2,Titanium Bronze,1,116918,Very Good,Vijayawada,Andhra Pradesh,Dealer,25.79,25.94,23.05,2.43,4.6,60,6,9,Full,No,54,81,Sold
CDK202500194,2026-04-13,Volkswagen,Tiguan,Plus AT,2025,Petrol,Manual,Sedan,2198,19.6,Sunset Orange,2,17828,Very Good,Vijayawada,Andhra Pradesh,Individual,13.79,13.57,11.63,1.41,5.0,92,12,11,Partial,No,50,40,Reserved
CDK202601430,2026-04-13,Kia,Seltos,ZX AT,2026,Petrol,AMT,SUV,2998,20.4,Fiery Red,3,29734,Good,Kolkata,West Bengal,Certified Used Car Outlet,17.29,17.07,15.55,0.85,3.5,99,18,31,Unavailable,No,94,52,Under Inspection
CDK202500765,2026-04-13,Kia,EV6,SX MT,2025,Petrol,DCT,MUV,1598,15.9,Fiery Red,1,20303,Excellent,Hyderabad,Telangana,Dealer,18.93,18.1,16.4,1.04,3.5,85,0,28,Full,No,59,91,Reserved
CDK201801062,2026-04-13,Maruti Suzuki,Grand Vitara,ZX,2018,Petrol,AMT,Sedan,1197,24.4,Ocean Blue,1,84396,Very Good,Noida,Uttar Pradesh,Individual,2.87,2.87,2.41,0.2,4.2,65,6,35,Partial,No,50,60,Under Inspection
CDK201800485,2026-04-14,Toyota,Glanza,ZX AT,2018,Petrol,Automatic,Sedan,1199,18.5,Ocean Blue,4,122772,Good,Visakhapatnam,Andhra Pradesh,Individual,3.83,3.81,3.0,0.16,4.2,99,12,24,Partial,No,66,98,Available
CDK201900214,2026-04-14,Mahindra,Thar,Premium AT,2019,Diesel,Manual,Sedan,1598,26.5,Metallic Silver,1,125943,Good,Mumbai,Maharashtra,Individual,2.65,2.59,1.98,0.25,4.0,50,18,20,Partial,No,47,73,Sold
CDK202600764,2026-04-14,Toyota,Glanza,Top,2026,Petrol,Manual,Hatchback,2494,24.4,Pearl White,1,1500,Good,Kochi,Kerala,Certified Used Car Outlet,13.35,13.56,12.67,0.51,4.1,22,3,9,Partial,No,58,73,Available
CDK202400912,2026-04-14,Nissan,X-Trail,Base AT,2024,Diesel,CVT,Sedan,1598,22.1,Fiery Red,1,62780,Very Good,Chennai,Tamil Nadu,Dealer,10.11,10.38,9.78,0.38,5.0,76,0,28,Partial,No,84,90,Sold
CDK202500508,2026-04-14,Tata,Tigor,S MT,2025,Petrol,Automatic,SUV,3996,21.5,Metallic Silver,1,36640,Good,Gurugram,Haryana,Individual,10.17,10.51,9.49,0.45,4.0,60,18,27,Full,No,69,97,Sold
CDK202400183,2026-04-15,Mahindra,Scorpio-N,Premium,2024,Diesel,Manual,Coupe,1290,16.1,Graphite Grey,1,79846,Very Good,Jaipur,Rajasthan,Dealer,16.85,16.24,14.36,1.68,4.0,85,0,8,Partial,No,74,44,Sold
CDK201701133,2026-04-15,Tata,Altroz,Plus AT,2017,Petrol,AMT,Coupe,998,21.3,Graphite Grey,1,152731,Excellent,Kochi,Kerala,Dealer,5.13,4.87,3.81,0.46,3.3,99,3,31,Unavailable,Minor,63,95,Sold
CDK201701295,2026-04-15,Maruti Suzuki,Swift,S AT,2017,Petrol,Manual,MPV,1998,20.5,Forest Green,1,138398,Fair,Pune,Maharashtra,Individual,2.04,2.05,1.66,0.19,4.9,74,0,1,Full,No,87,50,Available
CDK202200316,2026-04-16,Tata,Punch,Top,2022,Petrol,Manual,SUV,3996,22.1,Graphite Grey,5,100839,Very Good,Jaipur,Rajasthan,Individual,13.06,12.98,11.99,0.53,4.1,68,18,35,Full,No,85,72,Under Inspection
CDK202101465,2026-04-16,Maruti Suzuki,Brezza,V,2021,Electric,Automatic,SUV,0,5.0,Forest Green,3,104968,Good,Ahmedabad,Gujarat,Dealer,9.28,8.83,8.03,0.66,3.7,51,12,7,Partial,No,73,68,Sold
CDK202601319,2026-04-16,Maruti Suzuki,Fronx,S MT,2026,Petrol,CVT,Hatchback,1197,24.2,Titanium Bronze,3,36035,Good,Vijayawada,Andhra Pradesh,Dealer,7.94,7.54,6.54,0.78,3.7,74,12,21,Partial,Minor,49,71,Available
CDK202100333,2026-04-16,Tata,Harrier,Premium,2021,Petrol,Manual,Sedan,1998,23.4,Midnight Black,1,91052,Good,Noida,Uttar Pradesh,Individual,6.8,6.83,5.58,0.53,3.8,86,18,25,Full,No,91,58,Reserved
CDK201800466,2026-04-16,Maruti Suzuki,Ertiga,Top AT,2018,CNG,Automatic,SUV,2198,19.7,Fiery Red,2,126251,Excellent,Vijayawada,Andhra Pradesh,Dealer,2.7,2.64,1.78,0.27,3.1,81,12,4,Full,No,62,80,Sold
CDK202100954,2026-04-16,Mahindra,Bolero,Base AT,2021,Petrol,DCT,SUV,1497,14.5,Fiery Red,1,110194,Very Good,Coimbatore,Tamil Nadu,Certified Used Car Outlet,12.37,12.86,11.12,1.22,4.0,84,3,11,Full,No,66,81,Available
CDK202400375,2026-04-16,Hyundai,Creta,SX,2024,Petrol,Automatic,SUV,1497,18.4,Forest Green,1,23842,Excellent,Kolkata,West Bengal,Individual,8.82,8.56,7.67,0.38,3.5,76,36,2,Partial,No,91,79,Sold
CDK202200186,2026-04-17,Renault,Triber,Top AT,2022,Petrol,Manual,Coupe,1598,18.3,Fiery Red,2,70684,Good,Kochi,Kerala,Dealer,11.0,11.09,10.01,0.81,4.0,84,36,20,Partial,No,70,79,Available
CDK201700997,2026-04-17,Maruti Suzuki,Dzire,Plus AT,2017,Petrol,Manual,Coupe,1197,24.1,Pearl White,4,152530,Good,Bengaluru,Karnataka,Certified Used Car Outlet,3.04,2.99,2.58,0.26,4.3,73,24,1,Full,No,72,87,Sold
CDK201700134,2026-04-17,Tata,Curvv,V,2017,Diesel,Manual,MPV,2198,10.6,Royal Purple,3,127594,Fair,Coimbatore,Tamil Nadu,Individual,1.8,1.83,1.26,0.07,3.7,50,24,35,Full,No,87,73,Sold
CDK202101106,2026-04-17,Honda,City,Plus AT,2021,Electric,Automatic,SUV,0,6.2,Graphite Grey,2,91040,Excellent,Kolkata,West Bengal,Dealer,12.24,12.59,11.73,0.5,3.9,87,6,25,Partial,No,50,68,Available
CDK202201228,2026-04-17,Hyundai,Creta,Base MT,2022,Petrol,Manual,SUV,2494,14.2,Fiery Red,1,56673,Very Good,Visakhapatnam,Andhra Pradesh,Dealer,9.18,8.83,7.87,0.41,4.8,53,18,20,Unavailable,No,67,84,Available
CDK202000029,2026-04-17,Kia,Seltos,Base AT,2020,Petrol,Manual,SUV,1998,11.1,Metallic Silver,1,111495,Very Good,Kochi,Kerala,Dealer,9.55,9.8,9.06,0.34,3.8,51,12,19,Full,No,59,94,Available
CDK202100635,2026-04-18,Kia,Sonet,Premium AT,2021,Petrol,Manual,SUV,998,23.7,Royal Purple,1,88956,Good,Chennai,Tamil Nadu,Certified Used Car Outlet,13.85,13.69,11.94,1.18,4.9,60,0,30,Full,No,83,61,Sold
CDK201700051,2026-04-18,Tata,Harrier,Plus AT,2017,Petrol,Automatic,SUV,3996,13.9,Midnight Black,2,142036,Good,Ahmedabad,Gujarat,Individual,3.65,3.45,2.97,0.37,3.7,99,36,33,Full,No,75,49,Available
CDK202000629,2026-04-18,Hyundai,Tucson,SX,2020,Diesel,Manual,Hatchback,1798,24.7,Metallic Silver,2,125616,Excellent,Kochi,Kerala,Certified Used Car Outlet,4.22,4.01,2.9,0.39,3.7,88,0,36,Partial,No,60,98,Reserved
CDK202401127,2026-04-18,Maruti Suzuki,Baleno,Premium MT,2024,Petrol,Manual,Sedan,1197,27.4,Midnight Black,2,43847,Good,Kolkata,West Bengal,Certified Used Car Outlet,8.66,8.25,7.3,0.54,5.0,75,3,23,Unavailable,No,92,76,Reserved
CDK202400423,2026-04-18,Hyundai,Grand i10 Nios,V,2024,CNG,AMT,MUV,2998,12.2,Graphite Grey,2,46111,Fair,Vijayawada,Andhra Pradesh,Individual,12.6,12.42,10.7,1.31,4.8,69,36,36,Full,No,95,40,Under Inspection
CDK202600540,2026-04-18,Renault,Duster,Base MT,2026,Diesel,Manual,Hatchback,1199,23.5,Metallic Silver,4,37395,Good,Coimbatore,Tamil Nadu,Individual,8.46,8.31,7.28,0.72,3.9,61,24,32,Partial,No,54,67,Under Inspection
CDK202500209,2026-04-19,Kia,Sonet,Premium AT,2025,Petrol,AMT,Sedan,3996,17.4,Ocean Blue,1,21471,Excellent,Delhi,Delhi,Dealer,16.46,15.71,14.25,1.2,4.5,75,0,28,Full,No,82,83,Sold
CDK202500262,2026-04-19,Toyota,Glanza,V AT,2025,Petrol,DCT,SUV,1290,16.3,Pearl White,1,9146,Good,Hyderabad,Telangana,Individual,16.19,15.79,14.23,1.41,4.0,69,6,3,Partial,No,69,54,Sold
CDK202500830,2026-04-19,Volkswagen,Tiguan,S,2025,Petrol,Manual,SUV,1998,25.1,Graphite Grey,1,32290,Very Good,Chennai,Tamil Nadu,Individual,9.52,9.69,8.21,0.87,4.1,69,3,13,Partial,No,50,95,Available
CDK202400967,2026-04-20,MG,Comet EV,Plus AT,2024,Electric,Automatic,Hatchback,0,5.4,Fiery Red,2,34597,Very Good,Delhi,Delhi,Dealer,12.4,12.9,11.81,0.94,3.3,47,24,36,Full,No,66,86,Sold
CDK202500890,2026-04-20,MG,Gloster,Base,2025,Petrol,Manual,SUV,2198,16.1,Titanium Bronze,1,18085,Excellent,Hyderabad,Telangana,Dealer,23.11,23.69,21.78,1.62,3.1,50,36,1,Partial,No,96,76,Reserved
CDK202300402,2026-04-20,Kia,EV6,Top AT,2023,Petrol,Manual,Coupe,1598,26.2,Fiery Red,4,47794,Good,Visakhapatnam,Andhra Pradesh,Dealer,20.82,21.2,19.25,1.81,4.0,68,3,11,Unavailable,No,61,80,Sold
CDK202400699,2026-04-20,Skoda,Kushaq,ZX AT,2024,Petrol,DCT,MUV,2998,23.2,Midnight Black,1,42912,Fair,Chennai,Tamil Nadu,Dealer,11.54,11.26,10.11,0.72,4.4,80,24,27,Partial,Major,93,76,Under Inspection
CDK202200457,2026-04-20,Hyundai,Tucson,Sport MT,2022,Petrol,CVT,SUV,3996,28.0,Graphite Grey,2,79593,Very Good,Coimbatore,Tamil Nadu,Dealer,6.63,6.45,5.43,0.61,4.6,61,0,4,Full,No,49,66,Sold
CDK202000780,2026-04-20,Maruti Suzuki,Ertiga,Plus AT,2020,Petrol,Manual,SUV,1998,26.6,Ocean Blue,1,143857,Good,Kochi,Kerala,Dealer,5.15,5.24,4.54,0.31,4.1,70,6,28,Full,No,77,73,Sold
CDK202101452,2026-04-21,Maruti Suzuki,Dzire,S MT,2021,Diesel,Manual,MPV,1497,22.9,Pearl White,3,78096,Good,Mumbai,Maharashtra,Dealer,7.55,7.18,5.82,0.73,4.1,39,3,28,Partial,No,63,82,Sold
CDK202000782,2026-04-21,Tata,Nexon,Premium,2020,CNG,Manual,MPV,1798,12.5,Pearl White,3,82156,Good,Bengaluru,Karnataka,Certified Used Car Outlet,7.73,7.76,6.36,0.8,4.4,52,24,26,Partial,Minor,77,42,Available
CDK201901456,2026-04-22,Maruti Suzuki,Ertiga,SX AT,2019,Petrol,CVT,Hatchback,2494,26.8,Metallic Silver,2,119863,Very Good,Kolkata,West Bengal,Dealer,6.38,6.63,5.83,0.57,3.9,91,6,24,Full,No,70,80,Sold
CDK201700379,2026-04-22,Toyota,Innova Crysta,Plus MT,2017,Petrol,Manual,SUV,1199,10.9,Fiery Red,2,166696,Very Good,Coimbatore,Tamil Nadu,Individual,4.76,4.69,4.1,0.43,3.6,57,6,7,Full,No,46,45,Available
CDK201701315,2026-04-22,BMW,5 Series,Base AT,2017,Petrol,DCT,SUV,1197,10.9,Metallic Silver,3,138475,Excellent,Visakhapatnam,Andhra Pradesh,Dealer,16.27,16.23,14.42,1.24,4.1,93,0,1,Full,No,86,79,Available
CDK202600889,2026-04-22,Tata,Tiago,SX MT,2026,Diesel,Manual,Sedan,1497,12.9,Metallic Silver,2,17493,Very Good,Delhi,Delhi,Individual,5.89,5.78,5.04,0.48,4.1,53,36,35,Unavailable,No,46,58,Available
CDK202300810,2026-04-23,Tata,Tiago,Plus AT,2023,Petrol,Manual,Hatchback,998,20.7,Sunset Orange,2,60684,Good,Coimbatore,Tamil Nadu,Individual,8.92,8.8,7.69,0.39,3.6,64,36,6,Unavailable,No,91,55,Available
CDK202300802,2026-04-23,Mahindra,Scorpio Classic,Premium AT,2023,CNG,Manual,MPV,1290,23.9,Forest Green,1,63174,Very Good,Jaipur,Rajasthan,Dealer,9.97,10.02,8.74,0.66,4.1,98,36,31,Full,No,89,55,Sold
CDK202000206,2026-04-23,Tata,Harrier,S AT,2020,Petrol,DCT,Hatchback,998,15.9,Forest Green,2,82080,Excellent,Chennai,Tamil Nadu,Individual,3.83,3.96,3.41,0.27,3.8,45,24,10,Partial,No,86,56,Sold
CDK201701353,2026-04-23,Kia,Seltos,SX,2017,Petrol,Automatic,SUV,1598,16.3,Midnight Black,1,177902,Good,Bengaluru,Karnataka,Individual,2.9,2.95,2.1,0.11,4.1,98,6,19,Partial,No,74,66,Available
CDK201700829,2026-04-23,Maruti Suzuki,Fronx,SX,2017,Diesel,CVT,MPV,2494,18.5,Metallic Silver,3,136668,Good,Delhi,Delhi,Individual,3.15,3.21,2.74,0.21,4.2,92,36,27,Full,Minor,76,62,Sold
CDK201800903,2026-04-23,Kia,Seltos,Premium AT,2018,Diesel,Manual,SUV,1290,10.7,Forest Green,1,132112,Fair,Bengaluru,Karnataka,Dealer,3.94,3.75,3.02,0.39,2.8,81,12,28,Partial,No,74,43,Available
CDK201700845,2026-04-23,Mercedes-Benz,GLC,Plus AT,2017,Diesel,Manual,Hatchback,1197,12.7,Midnight Black,1,142016,Good,Chennai,Tamil Nadu,Individual,12.38,12.47,11.12,0.68,4.8,99,12,35,Unavailable,No,84,66,Available
CDK202001416,2026-04-23,Tata,Nexon,Sport MT,2020,Diesel,Manual,Sedan,1197,25.4,Sunset Orange,1,112298,Very Good,Bengaluru,Karnataka,Dealer,2.86,2.82,2.01,0.2,4.3,99,3,13,Full,No,83,48,Sold
CDK202100158,2026-04-23,Toyota,Innova Crysta,V AT,2021,Petrol,Manual,SUV,2494,21.7,Pearl White,1,77425,Very Good,Vijayawada,Andhra Pradesh,Dealer,8.1,8.06,6.98,0.84,4.6,65,18,21,Full,No,90,52,Available
CDK201700497,2026-04-24,Audi,Q5,S MT,2017,Electric,Automatic,Hatchback,0,4.0,Titanium Bronze,2,131470,Good,Jaipur,Rajasthan,Individual,4.16,4.32,3.97,0.2,3.6,62,36,6,Partial,Minor,75,89,Sold
CDK202600735,2026-04-24,Toyota,Glanza,ZX,2026,Electric,Automatic,SUV,0,4.9,Sunset Orange,2,31496,Excellent,Coimbatore,Tamil Nadu,Dealer,35.7,35.55,31.71,3.3,4.4,79,18,18,Partial,No,76,85,Available
CDK201700586,2026-04-24,Kia,Carens,Sport MT,2017,Petrol,Automatic,MPV,1497,20.1,Metallic Silver,1,152773,Very Good,Visakhapatnam,Andhra Pradesh,Individual,2.32,2.26,1.76,0.24,4.9,65,36,2,Full,No,62,51,Sold
CDK201801469,2026-04-24,BYD,Seal,Base MT,2018,Diesel,Automatic,Hatchback,1290,13.1,Forest Green,1,115044,Very Good,Chennai,Tamil Nadu,Individual,2.36,2.45,1.83,0.1,3.2,80,18,18,Full,No,92,42,Sold
CDK202601100,2026-04-24,Hyundai,Alcazar,SX MT,2026,Electric,Automatic,MUV,0,4.2,Titanium Bronze,3,1500,Good,Kochi,Kerala,Dealer,21.12,21.04,18.92,1.63,3.7,70,18,19,Full,No,57,83,Sold
CDK202300573,2026-04-24,Maruti Suzuki,Swift,ZX AT,2023,Petrol,Automatic,SUV,1290,23.2,Royal Purple,1,49014,Excellent,Visakhapatnam,Andhra Pradesh,Certified Used Car Outlet,17.44,16.41,15.27,0.69,3.1,82,12,21,Full,Minor,58,68,Available
CDK201901185,2026-04-25,Nissan,Magnite,Top,2019,Petrol,Manual,Hatchback,1497,21.1,Graphite Grey,2,112661,Good,Noida,Uttar Pradesh,Dealer,5.47,5.6,4.78,0.27,3.6,72,18,16,Partial,Minor,54,65,Sold
CDK201901200,2026-04-25,Kia,Carens,Sport AT,2019,Petrol,AMT,MUV,1497,10.6,Titanium Bronze,2,131003,Good,Chennai,Tamil Nadu,Dealer,4.16,4.12,3.41,0.37,3.8,91,3,3,Full,No,55,62,Reserved
CDK202401285,2026-04-25,Maruti Suzuki,Ciaz,Base,2024,Petrol,AMT,SUV,2998,22.1,Titanium Bronze,1,51878,Excellent,Mumbai,Maharashtra,Dealer,9.34,9.16,8.52,0.37,3.0,90,12,7,Full,Major,85,76,Available
CDK201900392,2026-04-25,Renault,Kiger,SX,2019,CNG,Automatic,Hatchback,1199,16.5,Graphite Grey,1,136963,Very Good,Jaipur,Rajasthan,Dealer,2.12,2.0,1.23,0.08,3.7,99,12,12,Full,No,49,87,Sold
CDK201700998,2026-04-25,Skoda,Slavia,Base,2017,Petrol,Automatic,Sedan,3996,24.4,Pearl White,1,130073,Good,Pune,Maharashtra,Certified Used Car Outlet,4.78,4.93,3.89,0.46,4.0,76,24,1,Partial,No,90,90,Available
CDK201701045,2026-04-25,Toyota,Glanza,Base MT,2017,Petrol,Manual,Hatchback,3996,26.1,Royal Purple,1,140097,Good,Hyderabad,Telangana,Individual,2.62,2.64,1.8,0.26,4.3,59,36,20,Full,No,73,44,Sold
CDK202500523,2026-04-25,Hyundai,Tucson,Plus AT,2025,Petrol,Manual,SUV,998,20.3,Midnight Black,3,25457,Very Good,Bengaluru,Karnataka,Dealer,12.81,12.17,10.95,0.98,4.1,98,24,0,Partial,Minor,69,53,Reserved
CDK202300265,2026-04-26,Tata,Curvv,Sport MT,2023,Petrol,Manual,MPV,998,13.6,Metallic Silver,5,34187,Good,Mumbai,Maharashtra,Dealer,9.01,8.68,7.47,0.52,3.3,81,0,17,Full,No,73,81,Available
CDK202001346,2026-04-26,Kia,Carens,Plus AT,2020,Electric,Automatic,SUV,0,4.8,Midnight Black,2,131806,Good,Coimbatore,Tamil Nadu,Dealer,9.18,8.93,7.3,0.94,4.3,82,12,8,Full,No,54,85,Available
CDK202600094,2026-04-26,Tata,Altroz,Plus MT,2026,Diesel,CVT,SUV,1598,19.7,Midnight Black,1,37029,Good,Jaipur,Rajasthan,Individual,7.88,7.56,6.7,0.7,3.6,70,36,9,Partial,No,85,92,Sold
CDK202000399,2026-04-26,Renault,Duster,Premium AT,2020,Diesel,CVT,SUV,1199,24.5,Pearl White,1,72112,Very Good,Delhi,Delhi,Individual,3.78,3.69,3.19,0.38,4.6,63,24,19,Unavailable,No,77,56,Available
CDK202101464,2026-04-26,Maruti Suzuki,Grand Vitara,V MT,2021,Diesel,CVT,Sedan,1798,26.6,Pearl White,2,103430,Fair,Kolkata,West Bengal,Individual,2.62,2.56,2.17,0.21,3.3,93,24,23,Partial,Major,82,64,Sold
CDK202200753,2026-04-27,Hyundai,i20,V AT,2022,Electric,Automatic,MPV,0,4.6,Titanium Bronze,2,87143,Excellent,Vijayawada,Andhra Pradesh,Individual,14.27,13.56,11.79,1.46,3.9,75,18,16,Full,No,61,91,Available
CDK202601246,2026-04-27,Mahindra,XUV400,SX,2026,CNG,Manual,Sedan,1598,19.8,Ocean Blue,1,24552,Very Good,Delhi,Delhi,Individual,15.38,14.76,12.83,1.58,3.2,78,18,20,Partial,No,89,55,Reserved
CDK202000911,2026-04-27,Mahindra,XUV 3XO,Top MT,2020,Diesel,AMT,MPV,1497,22.4,Metallic Silver,1,100475,Good,Gurugram,Haryana,Individual,9.96,10.24,8.7,0.92,3.4,85,3,5,Partial,No,95,60,Sold
CDK202401011,2026-04-27,Nissan,X-Trail,Plus AT,2024,Petrol,DCT,Hatchback,1598,16.9,Metallic Silver,2,77265,Very Good,Pune,Maharashtra,Individual,8.11,7.73,6.86,0.45,4.1,49,3,34,Full,No,70,51,Available
CDK202201071,2026-04-27,Honda,Amaze,S,2022,Diesel,Manual,Convertible,1497,13.5,Fiery Red,2,102509,Very Good,Pune,Maharashtra,Dealer,30.66,31.77,28.73,2.67,3.2,99,18,0,Full,No,83,83,Under Inspection
CDK201900572,2026-04-27,Volkswagen,Tiguan,Sport MT,2019,Electric,Automatic,SUV,0,3.2,Royal Purple,2,91980,Good,Delhi,Delhi,Individual,5.54,5.7,4.61,0.41,4.6,71,18,24,Full,No,54,89,Available
CDK202201033,2026-04-28,Toyota,Innova Crysta,SX AT,2022,Electric,Automatic,MUV,0,5.6,Metallic Silver,1,73042,Good,Coimbatore,Tamil Nadu,Dealer,10.2,9.88,8.44,0.91,3.4,89,24,26,Full,No,49,77,Available
CDK202100239,2026-04-28,BMW,5 Series,Base,2021,Petrol,AMT,SUV,2494,27.8,Pearl White,1,112479,Very Good,Delhi,Delhi,Dealer,17.7,17.81,16.41,0.89,3.3,83,24,7,Full,No,52,86,Sold
CDK202300938,2026-04-28,Renault,Triber,S,2023,Diesel,Manual,SUV,2198,11.6,Pearl White,1,72011,Good,Pune,Maharashtra,Individual,10.51,10.5,9.25,1.09,4.1,95,3,25,Partial,No,69,79,Available
CDK202100957,2026-04-28,Toyota,Glanza,Plus AT,2021,Diesel,Manual,Hatchback,1598,22.8,Sunset Orange,1,137218,Very Good,Coimbatore,Tamil Nadu,Dealer,6.26,6.25,5.38,0.4,4.3,63,3,26,Full,No,85,57,Available
CDK202400397,2026-04-29,Hyundai,Tucson,Base,2024,Petrol,Manual,Sedan,1598,24.2,Titanium Bronze,2,18469,Good,Pune,Maharashtra,Individual,7.89,8.0,6.79,0.56,4.6,36,18,7,Full,Minor,55,93,Available
CDK202501085,2026-04-29,MG,Astor,Plus MT,2025,Petrol,Manual,Coupe,1798,21.5,Fiery Red,2,28873,Excellent,Coimbatore,Tamil Nadu,Dealer,21.51,20.44,18.47,1.48,3.8,99,6,5,Partial,No,96,93,Available
CDK202301381,2026-04-29,Hyundai,Grand i10 Nios,Premium,2023,Diesel,AMT,MUV,3996,26.9,Midnight Black,3,69362,Very Good,Visakhapatnam,Andhra Pradesh,Dealer,14.79,14.15,12.88,0.59,4.2,55,12,4,Partial,No,69,86,Sold
CDK202200650,2026-04-29,Honda,Amaze,S AT,2022,Diesel,AMT,SUV,1199,18.8,Forest Green,1,48454,Good,Gurugram,Haryana,Certified Used Car Outlet,6.56,6.2,5.03,0.52,4.4,90,36,27,Unavailable,No,80,92,Available
CDK202500818,2026-04-29,Jeep,Meridian,SX,2025,CNG,AMT,Coupe,1998,10.7,Pearl White,1,19188,Good,Hyderabad,Telangana,Certified Used Car Outlet,35.5,36.65,34.36,1.59,4.3,79,12,10,Full,No,49,82,Sold
CDK201701177,2026-04-29,MG,Astor,Sport,2017,Diesel,AMT,Sedan,3996,11.9,Metallic Silver,2,143414,Fair,Noida,Uttar Pradesh,Individual,2.68,2.53,2.04,0.12,4.9,99,18,5,Full,Minor,57,82,Sold
CDK202600088,2026-04-29,Kia,Carens,Sport AT,2026,CNG,Manual,MPV,2198,22.6,Titanium Bronze,1,48231,Good,Bengaluru,Karnataka,Individual,10.9,11.04,9.28,1.11,3.4,74,18,3,Full,Minor,75,85,Sold
CDK202100616,2026-04-30,Tata,Altroz,Premium,2021,Electric,Automatic,Sedan,0,5.5,Pearl White,2,96181,Excellent,Kolkata,West Bengal,Individual,9.92,10.21,9.34,0.36,3.0,85,36,25,Full,No,56,78,Available
CDK201700638,2026-04-30,Tata,Tiago,Base AT,2017,Diesel,Manual,MPV,2494,27.5,Metallic Silver,2,166035,Good,Coimbatore,Tamil Nadu,Individual,1.93,1.92,1.13,0.16,3.5,71,6,31,Full,No,59,83,Sold
CDK201900593,2026-04-30,Kia,Sonet,Plus AT,2019,Petrol,Manual,SUV,998,23.1,Graphite Grey,1,105846,Fair,Kochi,Kerala,Dealer,5.01,5.0,4.25,0.27,3.3,68,3,22,Full,Minor,74,74,Sold
CDK202300117,2026-05-01,Maruti Suzuki,Grand Vitara,V AT,2023,Petrol,Manual,Sedan,1998,23.5,Ocean Blue,3,63861,Good,Kochi,Kerala,Individual,5.94,5.64,4.89,0.34,3.4,79,6,5,Full,Minor,45,76,Sold
CDK202001000,2026-05-01,Maruti Suzuki,Baleno,V MT,2020,Petrol,Automatic,Sedan,2198,25.9,Graphite Grey,1,81918,Good,Jaipur,Rajasthan,Individual,5.98,6.04,5.25,0.34,3.6,55,0,12,Partial,No,56,88,Sold
CDK201701064,2026-05-01,Maruti Suzuki,Grand Vitara,S,2017,CNG,Manual,Hatchback,998,23.2,Metallic Silver,1,122965,Very Good,Chennai,Tamil Nadu,Individual,2.12,2.02,1.69,0.12,3.8,55,24,15,Full,No,57,77,Sold
CDK202000254,2026-05-01,Mahindra,Scorpio Classic,V AT,2020,Petrol,CVT,SUV,1998,22.4,Midnight Black,2,78513,Good,Ahmedabad,Gujarat,Individual,9.07,9.07,7.73,0.61,3.8,41,12,35,Partial,No,77,60,Sold
CDK201700739,2026-05-01,Honda,City,Plus MT,2017,Petrol,AMT,Sedan,1598,10.6,Metallic Silver,1,128273,Good,Chennai,Tamil Nadu,Dealer,4.35,4.38,3.7,0.33,3.9,19,12,3,Full,No,98,57,Available
CDK202600095,2026-05-01,Honda,Amaze,Premium AT,2026,Diesel,Automatic,MPV,1497,23.6,Ocean Blue,1,1500,Good,Chennai,Tamil Nadu,Individual,14.12,13.84,12.23,1.09,3.6,54,18,28,Full,No,50,98,Available
CDK202200984,2026-05-01,Volkswagen,Taigun,SX AT,2022,Electric,Automatic,MUV,0,6.4,Forest Green,3,51068,Good,Noida,Uttar Pradesh,Dealer,15.74,15.31,13.64,1.38,4.1,99,6,8,Full,No,46,59,Sold
CDK202501130,2026-05-02,BMW,3 Series,Sport MT,2025,Petrol,Manual,Sedan,1197,26.2,Metallic Silver,1,31049,Good,Jaipur,Rajasthan,Dealer,36.79,34.7,31.79,2.79,3.8,48,3,10,Full,No,88,84,Reserved
CDK202600563,2026-05-02,Nissan,Magnite,S AT,2026,Diesel,Manual,Hatchback,1798,11.6,Ocean Blue,1,6478,Very Good,Hyderabad,Telangana,Dealer,11.73,11.06,9.27,1.08,3.3,79,6,26,Partial,No,56,48,Sold
CDK201900145,2026-05-02,BMW,X1,Plus MT,2019,CNG,Automatic,Hatchback,2494,13.8,Royal Purple,3,112041,Excellent,Mumbai,Maharashtra,Dealer,20.17,19.58,18.01,0.98,3.4,38,12,17,Full,Minor,59,54,Under Inspection
CDK202500373,2026-05-02,Volkswagen,Virtus,Plus MT,2025,Petrol,DCT,SUV,2998,19.0,Fiery Red,2,12280,Very Good,Chennai,Tamil Nadu,Dealer,22.26,22.42,19.49,2.23,3.8,87,6,28,Full,Minor,73,44,Available
CDK202200939,2026-05-02,Hyundai,Tucson,ZX,2022,CNG,AMT,SUV,1197,19.5,Royal Purple,1,40040,Very Good,Jaipur,Rajasthan,Dealer,6.27,6.3,5.36,0.44,4.5,46,6,30,Full,No,97,76,Available
CDK202500862,2026-05-02,Toyota,Urban Cruiser Hyryder,V,2025,Petrol,AMT,MUV,998,27.5,Metallic Silver,3,23649,Fair,Mumbai,Maharashtra,Dealer,19.99,19.6,18.41,0.93,3.8,94,18,30,Full,Major,49,85,Reserved
CDK202000574,2026-05-02,Renault,Kwid,SX MT,2020,Electric,Automatic,SUV,0,4.7,Fiery Red,3,111026,Good,Bengaluru,Karnataka,Dealer,5.34,5.31,4.59,0.21,4.3,60,6,28,Full,No,56,65,Available
CDK202000133,2026-05-03,Toyota,Innova Crysta,V AT,2020,Diesel,Manual,MPV,1197,25.8,Pearl White,3,88302,Good,Kolkata,West Bengal,Individual,12.22,12.18,11.16,0.73,3.5,78,36,13,Unavailable,No,46,80,Available
CDK201800983,2026-05-03,Maruti Suzuki,Brezza,Sport,2018,Diesel,Automatic,SUV,2198,25.3,Ocean Blue,3,95320,Good,Bengaluru,Karnataka,Individual,2.48,2.46,1.94,0.16,3.8,87,6,27,Partial,No,56,88,Under Inspection
CDK202500930,2026-05-03,Skoda,Superb,SX AT,2025,Petrol,CVT,SUV,1290,14.4,Royal Purple,1,73780,Very Good,Mumbai,Maharashtra,Dealer,15.18,14.94,13.41,1.09,3.8,79,0,29,Partial,No,68,61,Sold
CDK202101023,2026-05-03,Jeep,Compass,Sport MT,2021,Electric,Automatic,Hatchback,0,4.9,Ocean Blue,2,77774,Excellent,Kochi,Kerala,Dealer,13.85,13.68,12.14,1.07,4.0,64,3,14,Unavailable,Major,68,60,Sold
CDK201900412,2026-05-03,Skoda,Kushaq,ZX,2019,Petrol,Automatic,Hatchback,1290,24.7,Metallic Silver,1,121128,Good,Pune,Maharashtra,Dealer,5.16,4.91,3.97,0.43,4.3,58,24,4,Full,No,54,80,Sold
CDK202001082,2026-05-03,Hyundai,Creta,V,2020,Electric,Automatic,Hatchback,0,4.4,Sunset Orange,1,89231,Fair,Delhi,Delhi,Individual,5.22,5.04,4.41,0.33,3.9,99,18,7,Full,No,73,53,Reserved
CDK202501480,2026-05-04,Renault,Duster,ZX AT,2025,Diesel,Manual,Hatchback,1598,12.9,Metallic Silver,1,49511,Excellent,Hyderabad,Telangana,Dealer,9.5,9.17,8.22,0.43,3.4,89,18,18,Partial,No,88,73,Available
CDK202300205,2026-05-04,Toyota,Glanza,ZX AT,2023,Electric,Automatic,MUV,0,5.6,Midnight Black,2,43739,Very Good,Pune,Maharashtra,Individual,16.25,16.27,14.07,1.46,4.2,50,0,35,Full,No,60,98,Available
CDK202200104,2026-05-04,Maruti Suzuki,Ertiga,V MT,2022,Petrol,Automatic,SUV,1798,17.2,Pearl White,2,73871,Very Good,Kochi,Kerala,Dealer,10.85,11.07,9.39,1.1,4.8,55,18,6,Full,Minor,58,63,Reserved
CDK201900795,2026-05-04,Toyota,Fortuner,Plus AT,2019,Petrol,Manual,SUV,2198,18.0,Fiery Red,1,115105,Excellent,Mumbai,Maharashtra,Dealer,5.57,5.68,4.87,0.25,3.2,41,18,3,Full,No,72,96,Available
CDK201701080,2026-05-04,Kia,Carens,ZX AT,2017,Petrol,Manual,SUV,1497,16.8,Forest Green,2,145139,Good,Vijayawada,Andhra Pradesh,Certified Used Car Outlet,5.28,5.05,4.25,0.45,4.5,75,18,28,Full,No,64,43,Available
CDK201800372,2026-05-04,Maruti Suzuki,Baleno,Sport,2018,Petrol,Automatic,Hatchback,998,23.0,Royal Purple,2,107403,Good,Kolkata,West Bengal,Certified Used Car Outlet,2.06,2.01,1.53,0.21,3.4,66,6,0,Partial,Minor,79,76,Sold
CDK202000228,2026-05-04,BYD,Seal,ZX,2020,Petrol,Manual,Hatchback,998,25.2,Pearl White,4,87169,Good,Ahmedabad,Gujarat,Individual,12.5,11.9,10.59,1.17,4.1,61,24,17,Unavailable,No,52,77,Sold
CDK202000080,2026-05-05,Maruti Suzuki,Grand Vitara,Base MT,2020,Hybrid,Manual,Sedan,998,25.2,Forest Green,1,132212,Very Good,Kochi,Kerala,Certified Used Car Outlet,4.2,4.06,3.32,0.3,3.6,72,6,32,Partial,No,72,47,Reserved
CDK201800082,2026-05-05,Volkswagen,Virtus,Sport AT,2018,Electric,Automatic,SUV,0,6.6,Pearl White,2,111420,Fair,Delhi,Delhi,Certified Used Car Outlet,5.75,5.71,5.15,0.28,3.8,44,24,8,Full,No,64,56,Sold
CDK202000242,2026-05-05,Toyota,Camry,S AT,2020,Electric,Automatic,SUV,0,3.9,Pearl White,1,107225,Fair,Mumbai,Maharashtra,Individual,11.6,11.19,9.65,1.13,4.8,46,3,29,Full,No,88,67,Sold
CDK202100001,2026-05-05,Volkswagen,Taigun,V MT,2021,Diesel,Manual,MUV,2998,27.6,Forest Green,3,87714,Very Good,Kolkata,West Bengal,Dealer,8.69,8.88,7.64,0.61,4.0,66,18,13,Unavailable,Minor,81,86,Sold
CDK202200465,2026-05-05,MG,Hector,SX,2022,Petrol,Manual,Hatchback,1497,15.8,Midnight Black,2,43035,Fair,Ahmedabad,Gujarat,Dealer,6.64,6.37,5.19,0.52,4.0,77,3,26,Partial,No,84,81,Under Inspection
CDK202000434,2026-05-05,Maruti Suzuki,Ciaz,Premium MT,2020,Petrol,AMT,Sedan,2998,23.8,Pearl White,2,78812,Very Good,Bengaluru,Karnataka,Certified Used Car Outlet,3.43,3.47,3.02,0.3,4.8,99,3,21,Full,No,84,84,Sold
CDK202300301,2026-05-06,Maruti Suzuki,Ertiga,Premium,2023,Diesel,AMT,MPV,3996,13.6,Sunset Orange,1,79483,Good,Bengaluru,Karnataka,Individual,6.81,6.66,5.68,0.72,4.5,69,24,6,Full,No,53,84,Sold
CDK202200271,2026-05-06,Nissan,X-Trail,ZX AT,2022,Diesel,DCT,Hatchback,2198,24.6,Forest Green,1,79907,Excellent,Ahmedabad,Gujarat,Dealer,9.81,9.46,7.97,1.02,2.6,15,0,29,Full,No,63,52,Available
CDK202600770,2026-05-06,Kia,Carens,Top AT,2026,Petrol,Automatic,SUV,2494,25.0,Graphite Grey,2,28930,Very Good,Kochi,Kerala,Dealer,17.86,17.16,15.14,1.3,4.9,63,36,15,Full,Minor,80,53,Available
CDK201900155,2026-05-06,Tata,Safari,SX MT,2019,Petrol,Manual,Hatchback,2998,16.1,Metallic Silver,2,90556,Good,Hyderabad,Telangana,Dealer,2.25,2.22,1.89,0.1,4.2,64,18,15,Partial,No,75,88,Sold
CDK202401237,2026-05-07,Mercedes-Benz,E-Class,ZX AT,2024,Petrol,Automatic,SUV,1598,18.3,Fiery Red,2,40682,Fair,Chennai,Tamil Nadu,Dealer,56.84,53.86,51.01,2.44,4.1,44,36,6,Full,No,88,51,Under Inspection
CDK201900331,2026-05-07,Toyota,Fortuner,SX,2019,CNG,Automatic,SUV,2494,12.6,Sunset Orange,2,103125,Good,Vijayawada,Andhra Pradesh,Dealer,7.3,7.05,6.02,0.47,4.1,69,24,34,Partial,No,68,97,Available
CDK202001213,2026-05-07,Skoda,Kodiaq,Premium MT,2020,Diesel,Manual,Sedan,1798,24.8,Titanium Bronze,1,100832,Good,Delhi,Delhi,Individual,8.75,8.45,7.17,0.85,4.3,52,0,31,Partial,No,68,67,Sold
CDK202401158,2026-05-08,Honda,Elevate,Premium MT,2024,Petrol,Manual,SUV,998,23.8,Ocean Blue,3,45344,Good,Mumbai,Maharashtra,Individual,9.64,9.07,7.89,0.94,3.5,99,0,36,Partial,No,53,84,Sold
CDK202200564,2026-05-09,Mercedes-Benz,A-Class,Plus AT,2022,Petrol,Manual,Sedan,1290,18.7,Ocean Blue,2,95936,Excellent,Noida,Uttar Pradesh,Individual,21.97,21.68,19.56,1.83,4.1,58,18,34,Unavailable,No,58,94,Sold
CDK201701216,2026-05-09,Toyota,Innova Crysta,Plus MT,2017,Diesel,AMT,Hatchback,2198,22.3,Midnight Black,2,151475,Good,Jaipur,Rajasthan,Dealer,1.85,1.82,1.55,0.09,4.5,79,24,21,Full,No,98,46,Available
CDK201800736,2026-05-09,Tata,Safari,Top,2018,Petrol,DCT,SUV,1199,21.9,Ocean Blue,3,128358,Excellent,Hyderabad,Telangana,Certified Used Car Outlet,5.23,5.26,4.25,0.48,4.0,90,24,12,Partial,No,76,60,Available
CDK202200150,2026-05-09,Tata,Harrier,SX,2022,Petrol,Automatic,Sedan,2198,16.7,Forest Green,1,105022,Fair,Pune,Maharashtra,Individual,6.16,5.8,5.01,0.39,3.9,40,36,3,Unavailable,No,90,70,Available
CDK202300021,2026-05-09,Maruti Suzuki,Baleno,S,2023,Petrol,CVT,MUV,1197,27.9,Midnight Black,1,67906,Good,Vijayawada,Andhra Pradesh,Individual,8.25,7.93,6.6,0.59,3.5,54,24,36,Full,No,90,63,Sold
CDK202300416,2026-05-09,Hyundai,Creta,Sport MT,2023,Petrol,Automatic,SUV,1798,25.1,Forest Green,4,68405,Very Good,Noida,Uttar Pradesh,Individual,15.74,15.8,14.28,0.9,4.2,50,12,6,Partial,No,67,44,Reserved
CDK202301241,2026-05-09,Hyundai,Tucson,S,2023,Petrol,Manual,Convertible,1290,22.2,Fiery Red,1,90632,Good,Vijayawada,Andhra Pradesh,Certified Used Car Outlet,27.29,25.85,24.57,1.05,4.1,91,24,0,Full,No,59,53,Available
CDK201900360,2026-05-09,Tata,Nexon,SX,2019,Diesel,Manual,MPV,2494,25.2,Sunset Orange,1,111507,Very Good,Bengaluru,Karnataka,Individual,6.45,6.17,5.34,0.65,3.2,73,6,16,Partial,No,52,84,Available
CDK201701172,2026-05-09,Jeep,Compass,Base,2017,Diesel,Automatic,MPV,3996,18.6,Midnight Black,1,151117,Excellent,Noida,Uttar Pradesh,Dealer,3.8,3.81,3.37,0.17,3.8,59,6,24,Full,No,63,91,Available
CDK201901395,2026-05-10,Kia,EV6,S AT,2019,CNG,Automatic,SUV,1998,18.6,Royal Purple,1,112768,Excellent,Noida,Uttar Pradesh,Dealer,7.79,7.58,6.79,0.62,4.0,61,0,24,Full,No,66,87,Sold
CDK201800925,2026-05-10,Honda,Amaze,Base,2018,Diesel,Manual,SUV,1290,17.7,Titanium Bronze,2,141014,Fair,Vijayawada,Andhra Pradesh,Dealer,4.02,3.86,3.06,0.2,4.4,70,36,21,Unavailable,Major,92,54,Sold
CDK202401305,2026-05-10,Volkswagen,Virtus,Plus,2024,CNG,Automatic,MUV,1497,16.3,Midnight Black,2,57028,Very Good,Mumbai,Maharashtra,Certified Used Car Outlet,11.39,11.41,9.85,1.03,3.9,72,12,25,Full,No,66,56,Available
CDK202200824,2026-05-10,Hyundai,Tucson,Plus MT,2022,Electric,Automatic,SUV,0,5.2,Fiery Red,4,92165,Good,Pune,Maharashtra,Dealer,6.86,6.63,5.98,0.5,4.1,87,6,14,Full,No,64,58,Sold
CDK202300750,2026-05-10,Tata,Curvv,S AT,2023,CNG,Manual,SUV,1998,25.3,Fiery Red,2,58172,Good,Noida,Uttar Pradesh,Dealer,11.3,10.98,9.96,0.63,3.5,75,0,3,Partial,No,82,79,Under Inspection
CDK202500343,2026-05-11,Tata,Punch,Top,2025,Diesel,Manual,SUV,1798,11.6,Pearl White,1,42241,Good,Noida,Uttar Pradesh,Dealer,18.23,17.18,15.75,0.99,4.8,90,18,29,Full,No,79,86,Sold
CDK202000127,2026-05-11,Hyundai,Grand i10 Nios,Base MT,2020,Petrol,CVT,SUV,3996,20.7,Metallic Silver,2,94889,Good,Kochi,Kerala,Dealer,6.44,6.12,5.36,0.52,4.0,68,0,15,Full,No,70,61,Available
CDK202000483,2026-05-11,Kia,EV6,Top MT,2020,Electric,Automatic,Hatchback,0,5.5,Graphite Grey,3,140105,Good,Noida,Uttar Pradesh,Individual,4.35,4.19,3.52,0.15,4.7,65,12,14,Full,No,66,94,Sold
CDK202600623,2026-05-11,Hyundai,Alcazar,Sport AT,2026,Petrol,Manual,Sedan,3996,27.1,Metallic Silver,1,25424,Very Good,Mumbai,Maharashtra,Dealer,17.77,17.25,15.61,1.08,4.7,75,18,31,Partial,Minor,66,95,Sold
CDK202600176,2026-05-11,Maruti Suzuki,Swift,Premium AT,2026,Petrol,CVT,Sedan,998,18.9,Metallic Silver,1,1500,Very Good,Delhi,Delhi,Individual,12.22,12.32,11.29,0.43,3.3,77,6,26,Unavailable,No,45,56,Available
CDK202101217,2026-05-12,Maruti Suzuki,Ertiga,V,2021,Diesel,Manual,Convertible,1497,14.6,Forest Green,2,81923,Good,Noida,Uttar Pradesh,Certified Used Car Outlet,7.82,8.03,7.17,0.72,3.7,99,18,12,Full,No,66,94,Available
CDK202200451,2026-05-12,Toyota,Camry,SX MT,2022,Petrol,CVT,SUV,1998,23.9,Graphite Grey,1,75584,Good,Delhi,Delhi,Dealer,14.11,13.91,12.12,1.19,4.0,40,6,10,Unavailable,No,89,61,Sold
CDK202000444,2026-05-12,Maruti Suzuki,Brezza,V MT,2020,Petrol,DCT,Convertible,998,24.4,Royal Purple,2,131846,Excellent,Hyderabad,Telangana,Dealer,16.47,17.06,15.21,1.71,3.9,78,6,25,Full,No,70,99,Available
CDK202300904,2026-05-12,Honda,Amaze,ZX MT,2023,Petrol,CVT,Sedan,2998,11.3,Ocean Blue,2,63223,Very Good,Hyderabad,Telangana,Dealer,4.72,4.74,3.64,0.37,3.6,78,18,27,Partial,Major,80,67,Reserved
CDK202400327,2026-05-12,Maruti Suzuki,Grand Vitara,Sport AT,2024,Electric,Automatic,Hatchback,0,3.5,Graphite Grey,5,43164,Excellent,Pune,Maharashtra,Individual,12.85,12.78,10.92,1.33,4.0,72,0,18,Partial,No,61,66,Available
CDK202500734,2026-05-12,Volkswagen,Tiguan,Sport AT,2025,Petrol,AMT,Hatchback,1798,12.6,Pearl White,1,24316,Very Good,Jaipur,Rajasthan,Dealer,7.12,7.19,6.08,0.48,5.0,82,24,12,Full,No,91,72,Available
CDK202100898,2026-05-13,BYD,e6,Plus,2021,Petrol,Manual,Hatchback,2998,15.8,Pearl White,1,103464,Good,Gurugram,Haryana,Dealer,6.73,6.43,5.3,0.48,4.3,39,18,4,Partial,No,67,41,Sold
CDK201800761,2026-05-13,Tata,Tiago,Top MT,2018,Petrol,DCT,Sedan,3996,18.2,Sunset Orange,1,143090,Very Good,Delhi,Delhi,Dealer,5.15,5.0,3.98,0.51,4.7,87,24,5,Full,Minor,60,68,Sold
CDK201901418,2026-05-13,Maruti Suzuki,Swift,Sport AT,2019,Hybrid,AMT,Sedan,3996,19.6,Midnight Black,1,96347,Good,Pune,Maharashtra,Certified Used Car Outlet,5.18,5.37,4.32,0.59,4.4,83,0,21,Partial,Minor,77,96,Available
CDK201900958,2026-05-13,Maruti Suzuki,Dzire,Plus MT,2019,Petrol,Automatic,SUV,1798,10.7,Metallic Silver,2,121869,Very Good,Coimbatore,Tamil Nadu,Dealer,2.64,2.51,1.85,0.11,4.2,88,36,0,Partial,No,71,49,Sold
CDK202500774,2026-05-13,Hyundai,i20,Sport MT,2025,Electric,Automatic,Convertible,0,5.1,Forest Green,2,35765,Good,Jaipur,Rajasthan,Individual,41.94,41.93,38.99,2.77,3.1,93,18,13,Full,No,45,53,Sold
CDK202400407,2026-05-13,Volkswagen,Virtus,Top AT,2024,Electric,Automatic,MPV,0,4.8,Midnight Black,2,68052,Good,Hyderabad,Telangana,Individual,18.48,18.69,17.37,0.87,4.3,63,18,9,Full,No,70,80,Reserved
CDK202200944,2026-05-13,Tata,Tiago,V AT,2022,Petrol,Automatic,Sedan,2198,22.0,Ocean Blue,1,77047,Excellent,Visakhapatnam,Andhra Pradesh,Dealer,4.86,4.58,3.96,0.5,4.0,90,12,27,Full,No,97,74,Sold
CDK202400389,2026-05-14,Tata,Punch,SX MT,2024,Hybrid,DCT,Hatchback,1197,24.6,Ocean Blue,2,38355,Very Good,Kochi,Kerala,Dealer,10.78,10.7,9.0,1.1,4.3,57,24,0,Partial,No,83,98,Sold
CDK201800137,2026-05-14,Mahindra,Thar,SX,2018,Petrol,DCT,Hatchback,3996,10.9,Royal Purple,1,141971,Good,Visakhapatnam,Andhra Pradesh,Certified Used Car Outlet,4.61,4.4,3.89,0.25,3.3,45,12,15,Unavailable,No,70,54,Reserved
CDK202401279,2026-05-14,Maruti Suzuki,Dzire,Top AT,2024,Diesel,AMT,SUV,2998,21.1,Pearl White,1,48875,Good,Coimbatore,Tamil Nadu,Dealer,15.36,15.6,13.36,1.63,3.4,34,3,22,Unavailable,No,55,60,Sold
CDK202301065,2026-05-15,Hyundai,Exter,Premium AT,2023,Diesel,AMT,SUV,1798,10.9,Metallic Silver,3,86688,Fair,Kolkata,West Bengal,Individual,10.58,10.12,8.67,1.05,4.1,74,36,32,Unavailable,Minor,77,95,Sold
CDK201800241,2026-05-15,Kia,Sonet,Plus,2018,Diesel,Manual,SUV,2998,15.6,Pearl White,1,116189,Very Good,Hyderabad,Telangana,Individual,8.8,8.34,7.26,0.55,3.3,63,24,6,Full,No,87,55,Under Inspection
CDK201800320,2026-05-15,MG,Gloster,Base AT,2018,CNG,Manual,MPV,2998,12.8,Fiery Red,2,128993,Very Good,Noida,Uttar Pradesh,Dealer,3.47,3.37,2.95,0.24,4.3,78,6,14,Full,No,94,98,Under Inspection
CDK201701010,2026-05-16,Tata,Tiago,Base MT,2017,Petrol,Manual,SUV,1290,14.3,Sunset Orange,1,165748,Fair,Pune,Maharashtra,Certified Used Car Outlet,2.67,2.59,2.08,0.19,4.0,90,36,31,Full,No,84,44,Sold
CDK202101343,2026-05-16,Nissan,X-Trail,V MT,2021,Diesel,Manual,SUV,2198,12.1,Pearl White,1,92366,Very Good,Chennai,Tamil Nadu,Dealer,10.11,10.47,9.33,0.72,4.4,79,18,2,Full,No,92,82,Sold
CDK202600437,2026-05-16,Maruti Suzuki,Dzire,ZX MT,2026,Electric,Automatic,MPV,0,5.8,Titanium Bronze,2,15960,Good,Jaipur,Rajasthan,Dealer,21.9,22.28,20.27,1.74,4.1,44,36,35,Full,No,75,96,Sold
CDK201900905,2026-05-16,Maruti Suzuki,Swift,Top,2019,Petrol,AMT,SUV,1598,19.7,Pearl White,3,89817,Very Good,Bengaluru,Karnataka,Individual,5.93,5.76,5.23,0.2,3.6,47,36,15,Full,No,86,41,Sold
CDK201701468,2026-05-16,Honda,City,ZX MT,2017,Electric,Automatic,Sedan,0,4.5,Pearl White,1,146903,Good,Coimbatore,Tamil Nadu,Dealer,2.42,2.35,1.45,0.15,3.7,62,18,28,Full,Minor,52,96,Sold
CDK202300430,2026-05-16,Tata,Tiago,V MT,2023,Petrol,Automatic,Hatchback,1197,19.0,Ocean Blue,1,65977,Good,Ahmedabad,Gujarat,Dealer,8.88,8.41,7.34,0.9,3.7,46,6,10,Full,Major,64,86,Under Inspection
CDK202400683,2026-05-16,Kia,Seltos,SX MT,2024,Petrol,AMT,SUV,1197,16.0,Metallic Silver,3,53287,Good,Gurugram,Haryana,Dealer,8.38,8.49,7.47,0.67,4.6,74,18,27,Full,No,54,60,Sold
CDK201901108,2026-05-16,Kia,Seltos,S,2019,Electric,Automatic,SUV,0,3.5,Royal Purple,1,103761,Fair,Visakhapatnam,Andhra Pradesh,Dealer,9.73,9.99,9.36,0.48,3.7,46,3,6,Unavailable,No,68,60,Sold
CDK201900874,2026-05-16,Mahindra,Bolero,SX,2019,Hybrid,Manual,Hatchback,1290,16.8,Sunset Orange,1,119658,Good,Gurugram,Haryana,Individual,2.33,2.39,2.16,0.09,3.8,55,36,36,Full,No,74,54,Available
CDK202100640,2026-05-16,Maruti Suzuki,Ciaz,V,2021,Petrol,Manual,MPV,2998,17.4,Fiery Red,1,120250,Fair,Coimbatore,Tamil Nadu,Dealer,6.27,6.48,5.59,0.47,4.9,41,3,31,Full,No,52,71,Sold
CDK202100071,2026-05-16,Mahindra,XUV 3XO,ZX AT,2021,Diesel,CVT,SUV,3996,19.5,Forest Green,2,101756,Good,Jaipur,Rajasthan,Dealer,7.3,7.2,6.25,0.77,4.0,74,3,13,Partial,No,86,52,Sold
CDK202201362,2026-05-17,Nissan,Magnite,Premium AT,2022,Petrol,Automatic,SUV,1290,10.6,Forest Green,4,84603,Good,Hyderabad,Telangana,Dealer,10.17,10.01,8.72,0.95,3.0,83,0,6,Partial,No,89,82,Available
CDK201900495,2026-05-17,Skoda,Kodiaq,ZX AT,2019,Diesel,Manual,Hatchback,1199,10.0,Pearl White,2,134538,Good,Hyderabad,Telangana,Certified Used Car Outlet,2.94,2.79,1.97,0.13,3.2,66,3,20,Partial,No,83,92,Sold
CDK202400295,2026-05-17,Honda,Elevate,ZX AT,2024,Electric,Automatic,MUV,0,4.4,Royal Purple,1,47893,Very Good,Chennai,Tamil Nadu,Certified Used Car Outlet,11.28,10.66,9.13,1.04,4.6,70,18,18,Unavailable,No,71,62,Sold
CDK202300420,2026-05-17,Hyundai,Alcazar,ZX AT,2023,Diesel,Automatic,MUV,1197,17.0,Sunset Orange,1,30509,Good,Mumbai,Maharashtra,Individual,9.51,9.6,8.28,1.04,4.6,86,3,1,Full,No,57,47,Sold
CDK202401132,2026-05-18,Volvo,XC60,S,2024,Diesel,CVT,Sedan,2998,16.1,Sunset Orange,3,29828,Good,Hyderabad,Telangana,Dealer,29.98,28.53,26.72,1.39,3.1,99,3,0,Full,Minor,93,47,Available
CDK202201327,2026-05-19,Maruti Suzuki,Ertiga,ZX AT,2022,Petrol,AMT,Hatchback,1290,12.8,Graphite Grey,3,99917,Good,Bengaluru,Karnataka,Dealer,7.68,7.34,5.99,0.64,3.6,75,18,36,Unavailable,No,81,64,Available
CDK201801387,2026-05-19,Skoda,Kushaq,Sport AT,2018,Electric,Automatic,Hatchback,0,3.5,Royal Purple,4,133283,Very Good,Chennai,Tamil Nadu,Dealer,5.54,5.67,4.86,0.42,3.6,58,18,30,Partial,No,90,88,Sold
CDK202101149,2026-05-19,Maruti Suzuki,Ciaz,ZX,2021,Petrol,Automatic,MPV,998,23.6,Forest Green,2,76133,Fair,Jaipur,Rajasthan,Individual,5.99,6.08,4.96,0.56,4.2,80,24,9,Full,No,64,65,Sold
CDK201801174,2026-05-19,Maruti Suzuki,Ciaz,SX MT,2018,Petrol,Automatic,Hatchback,1197,21.8,Pearl White,4,122247,Very Good,Bengaluru,Karnataka,Dealer,2.43,2.49,1.83,0.1,3.9,80,3,29,Full,No,87,69,Available
CDK201801262,2026-05-20,Maruti Suzuki,Dzire,Top AT,2018,Diesel,Automatic,MUV,2494,27.1,Pearl White,1,146709,Good,Jaipur,Rajasthan,Certified Used Car Outlet,4.58,4.49,3.51,0.33,3.6,74,24,8,Unavailable,No,56,58,Available
CDK201800240,2026-05-20,Skoda,Slavia,ZX,2018,Petrol,CVT,SUV,998,19.0,Ocean Blue,1,120873,Good,Vijayawada,Andhra Pradesh,Individual,5.05,5.18,4.71,0.19,4.2,81,6,12,Full,No,82,64,Sold
CDK201800658,2026-05-20,Toyota,Innova Crysta,Base,2018,Hybrid,AMT,MUV,1199,13.4,Royal Purple,1,126420,Very Good,Bengaluru,Karnataka,Dealer,5.46,5.48,4.4,0.53,2.7,35,24,1,Full,Minor,82,47,Sold
CDK202400225,2026-05-20,Volkswagen,Tiguan,Premium MT,2024,Petrol,Automatic,Hatchback,2494,19.2,Sunset Orange,2,18021,Good,Visakhapatnam,Andhra Pradesh,Individual,11.53,11.24,10.27,0.74,4.8,80,12,25,Full,No,72,87,Available
CDK201900841,2026-05-20,Mahindra,Thar,Top AT,2019,Petrol,AMT,SUV,1598,26.2,Pearl White,1,131124,Very Good,Kochi,Kerala,Certified Used Car Outlet,2.69,2.72,2.35,0.18,5.0,88,24,29,Full,No,46,75,Sold
CDK201800253,2026-05-20,Mahindra,Bolero,Top MT,2018,Petrol,Automatic,MPV,998,23.4,Metallic Silver,1,141644,Good,Ahmedabad,Gujarat,Dealer,2.01,2.01,1.18,0.18,3.7,77,36,5,Partial,No,65,75,Sold
CDK202501291,2026-05-20,Skoda,Kushaq,ZX,2025,Diesel,Automatic,MPV,2494,22.2,Fiery Red,1,25476,Fair,Pune,Maharashtra,Dealer,12.95,12.22,11.32,0.47,4.1,85,24,28,Full,Minor,48,66,Available
CDK201900610,2026-05-20,Hyundai,Exter,Base,2019,Petrol,Manual,SUV,2198,27.9,Graphite Grey,2,117954,Very Good,Hyderabad,Telangana,Dealer,2.31,2.34,1.68,0.25,4.5,81,3,36,Partial,No,74,41,Available
CDK202400325,2026-05-20,Kia,Seltos,S AT,2024,Hybrid,Automatic,SUV,1598,13.1,Ocean Blue,3,32069,Good,Visakhapatnam,Andhra Pradesh,Dealer,11.14,11.23,10.09,0.97,3.3,77,18,34,Full,No,91,53,Reserved
CDK202200151,2026-05-20,Kia,Seltos,Premium MT,2022,Electric,Automatic,Sedan,0,5.4,Sunset Orange,1,72319,Very Good,Visakhapatnam,Andhra Pradesh,Certified Used Car Outlet,6.87,6.82,5.93,0.43,4.9,64,0,17,Partial,No,74,63,Sold
CDK202101252,2026-05-20,BMW,3 Series,SX,2021,Petrol,Automatic,Hatchback,1199,12.7,Royal Purple,4,81072,Very Good,Kolkata,West Bengal,Individual,22.88,22.78,20.28,1.99,4.4,47,12,0,Full,No,46,53,Under Inspection
CDK202501493,2026-05-21,Volkswagen,Tiguan,ZX MT,2025,Electric,Automatic,MUV,0,6.0,Forest Green,1,41232,Good,Coimbatore,Tamil Nadu,Certified Used Car Outlet,27.21,26.82,24.75,1.77,5.0,79,3,6,Full,Minor,63,88,Sold
CDK202600747,2026-05-21,Honda,Amaze,Sport MT,2026,Electric,Automatic,MPV,0,6.5,Fiery Red,1,32347,Very Good,Jaipur,Rajasthan,Dealer,20.1,20.54,18.18,1.93,3.7,98,18,11,Full,No,70,74,Sold
CDK202000971,2026-05-21,Toyota,Urban Cruiser Hyryder,Plus AT,2020,Petrol,DCT,Hatchback,1598,15.8,Fiery Red,2,99845,Good,Chennai,Tamil Nadu,Dealer,8.83,8.49,7.78,0.47,4.8,68,0,27,Full,No,78,79,Available
CDK201901112,2026-05-22,Toyota,Urban Cruiser Hyryder,Base MT,2019,Petrol,Automatic,Sedan,1197,24.1,Midnight Black,1,120296,Good,Pune,Maharashtra,Dealer,4.5,4.44,3.64,0.48,3.9,57,12,25,Full,No,49,58,Available
CDK202101397,2026-05-23,Maruti Suzuki,Baleno,ZX MT,2021,Hybrid,CVT,SUV,3996,14.5,Pearl White,2,78971,Fair,Visakhapatnam,Andhra Pradesh,Certified Used Car Outlet,5.44,5.59,4.49,0.53,4.1,82,24,21,Full,No,90,97,Available
CDK202100603,2026-05-23,Volkswagen,Taigun,S,2021,Hybrid,Manual,SUV,1290,20.5,Royal Purple,1,115841,Good,Ahmedabad,Gujarat,Dealer,5.49,5.21,4.8,0.29,3.7,99,18,23,Full,No,80,60,Available
CDK202300856,2026-05-23,MG,Comet EV,Sport,2023,Petrol,DCT,MUV,3996,11.1,Sunset Orange,3,85975,Good,Chennai,Tamil Nadu,Individual,8.83,8.5,7.43,0.58,4.1,99,24,19,Full,No,49,44,Sold
CDK202400922,2026-05-23,Maruti Suzuki,Swift,S AT,2024,Petrol,Manual,MUV,1497,10.5,Midnight Black,1,54786,Good,Mumbai,Maharashtra,Dealer,12.3,11.61,10.06,1.2,4.2,59,18,9,Full,No,67,82,Sold
CDK201700681,2026-05-23,Honda,City,ZX MT,2017,Diesel,DCT,Hatchback,1197,16.1,Sunset Orange,4,139371,Very Good,Ahmedabad,Gujarat,Dealer,2.98,2.83,2.16,0.11,3.5,64,0,19,Full,No,60,60,Available
CDK202200628,2026-05-23,Toyota,Glanza,Sport AT,2022,Petrol,AMT,SUV,1998,24.8,Midnight Black,1,88314,Good,Jaipur,Rajasthan,Dealer,7.72,7.91,6.88,0.39,3.3,18,36,36,Partial,Minor,96,73,Sold
CDK201701051,2026-05-24,BMW,X1,Base AT,2017,Petrol,Manual,Hatchback,1199,24.5,Graphite Grey,3,157443,Fair,Hyderabad,Telangana,Dealer,4.5,4.68,3.98,0.39,2.8,88,24,30,Full,Minor,84,72,Sold
CDK202301076,2026-05-24,Maruti Suzuki,Baleno,Premium MT,2023,Petrol,Automatic,SUV,2198,13.2,Titanium Bronze,2,36398,Very Good,Vijayawada,Andhra Pradesh,Individual,6.94,7.13,6.16,0.7,4.0,41,18,22,Partial,No,71,81,Sold
CDK202601345,2026-05-24,Skoda,Kushaq,Base MT,2026,Electric,Automatic,SUV,0,6.2,Ocean Blue,1,8328,Good,Bengaluru,Karnataka,Dealer,19.09,17.99,16.59,1.16,4.0,54,0,25,Unavailable,No,70,91,Available
CDK202400078,2026-05-24,Tata,Nexon,ZX MT,2024,Electric,Automatic,MPV,0,4.8,Fiery Red,2,36037,Good,Coimbatore,Tamil Nadu,Dealer,11.79,11.89,11.05,0.46,3.9,64,0,15,Partial,No,46,59,Sold
CDK202100111,2026-05-25,Tata,Tigor,Base AT,2021,Electric,Automatic,MUV,0,4.4,Fiery Red,4,79222,Very Good,Pune,Maharashtra,Dealer,12.64,12.54,11.42,0.74,3.5,54,3,1,Partial,No,45,41,Sold
CDK202001066,2026-05-25,Maruti Suzuki,Fronx,Base AT,2020,Hybrid,Automatic,Hatchback,1290,25.5,Pearl White,4,82421,Excellent,Noida,Uttar Pradesh,Dealer,6.62,6.42,5.46,0.33,4.1,79,12,22,Full,Major,77,64,Sold
CDK202400350,2026-05-25,Maruti Suzuki,Dzire,Sport MT,2024,Petrol,Manual,SUV,1998,14.8,Titanium Bronze,5,54938,Excellent,Delhi,Delhi,Dealer,13.67,13.99,11.88,1.46,4.7,78,12,17,Partial,No,64,76,Sold
CDK202600619,2026-05-25,Hyundai,Tucson,ZX,2026,Diesel,Manual,Sedan,2198,18.3,Graphite Grey,4,8723,Good,Chennai,Tamil Nadu,Dealer,12.2,11.88,10.54,1.08,3.9,53,24,29,Full,No,89,82,Sold
CDK202501438,2026-05-26,Skoda,Superb,Base AT,2025,CNG,Automatic,Hatchback,1290,26.4,Graphite Grey,3,36817,Very Good,Vijayawada,Andhra Pradesh,Certified Used Car Outlet,13.32,13.38,12.72,0.52,4.1,82,24,0,Unavailable,No,73,81,Sold
CDK201700161,2026-05-26,Honda,Elevate,Plus MT,2017,Petrol,AMT,SUV,1497,17.9,Ocean Blue,2,142326,Fair,Kolkata,West Bengal,Individual,1.8,1.79,1.41,0.1,3.9,67,6,19,Full,Major,55,82,Under Inspection
CDK202501444,2026-05-26,Skoda,Slavia,S,2025,CNG,Manual,SUV,1497,27.4,Ocean Blue,4,46283,Good,Jaipur,Rajasthan,Individual,12.5,12.73,10.75,1.34,3.3,51,18,10,Unavailable,No,77,83,Available
CDK202100099,2026-05-26,Kia,Seltos,ZX,2021,Petrol,Manual,MPV,1197,16.8,Titanium Bronze,1,101021,Very Good,Hyderabad,Telangana,Dealer,10.38,10.75,9.73,0.61,4.3,91,0,22,Partial,No,81,80,Sold
CDK202100165,2026-05-27,Maruti Suzuki,Baleno,Premium AT,2021,Electric,Automatic,Hatchback,0,3.5,Ocean Blue,1,65425,Very Good,Chennai,Tamil Nadu,Individual,6.81,6.95,5.73,0.6,4.0,56,6,25,Full,No,91,70,Reserved
CDK202100654,2026-05-27,MG,Gloster,Base,2021,Petrol,Manual,Sedan,1197,25.5,Titanium Bronze,1,106474,Good,Gurugram,Haryana,Dealer,6.35,6.21,5.5,0.42,4.1,70,24,11,Full,No,51,57,Available
CDK202501005,2026-05-27,Hyundai,Venue,V MT,2025,Petrol,Manual,MPV,1798,18.0,Sunset Orange,3,44880,Very Good,Pune,Maharashtra,Certified Used Car Outlet,20.9,19.76,18.68,0.85,3.4,44,3,32,Full,No,62,97,Sold
CDK202200815,2026-05-27,Mahindra,XUV400,Top AT,2022,Petrol,Manual,Coupe,1497,14.0,Royal Purple,2,61009,Very Good,Bengaluru,Karnataka,Individual,25.21,23.93,21.08,2.51,4.3,68,12,29,Full,No,53,63,Sold
CDK202500119,2026-05-27,Toyota,Innova Crysta,Top MT,2025,Petrol,Automatic,Sedan,1199,18.0,Sunset Orange,3,72633,Very Good,Chennai,Tamil Nadu,Individual,13.59,13.39,12.24,0.48,3.9,61,0,22,Partial,No,57,53,Sold
CDK202200347,2026-05-28,Maruti Suzuki,Fronx,Plus AT,2022,Petrol,DCT,SUV,2494,25.6,Sunset Orange,3,62350,Very Good,Noida,Uttar Pradesh,Individual,6.93,7.01,5.8,0.57,3.1,38,12,18,Unavailable,No,60,46,Reserved
CDK202201153,2026-05-28,Toyota,Fortuner,Base,2022,CNG,Manual,Coupe,1497,15.4,Royal Purple,1,83199,Good,Visakhapatnam,Andhra Pradesh,Dealer,14.74,14.25,12.63,0.96,3.7,56,6,30,Partial,No,68,54,Sold
CDK202300892,2026-05-28,Kia,Seltos,SX,2023,Diesel,Manual,Sedan,3996,18.0,Ocean Blue,2,103329,Good,Bengaluru,Karnataka,Certified Used Car Outlet,9.89,9.68,8.15,0.92,2.6,75,3,21,Full,No,72,47,Reserved
CDK202000887,2026-05-28,Kia,Sonet,V MT,2020,Petrol,Manual,Hatchback,998,16.5,Midnight Black,4,77961,Excellent,Delhi,Delhi,Individual,9.01,8.62,7.27,0.91,5.0,56,24,14,Full,No,83,84,Available
CDK202301067,2026-05-29,Mahindra,XUV 3XO,Base AT,2023,Petrol,Manual,Sedan,2198,22.5,Titanium Bronze,1,86882,Very Good,Bengaluru,Karnataka,Individual,11.14,10.81,9.41,0.87,3.9,54,6,34,Partial,No,58,87,Available
CDK202401478,2026-05-29,Tata,Tiago,Premium,2024,Electric,Automatic,Sedan,0,6.2,Forest Green,2,42292,Good,Gurugram,Haryana,Dealer,9.01,8.73,7.53,0.87,4.5,49,24,26,Full,No,51,93,Available
CDK202100288,2026-05-29,Mahindra,Scorpio Classic,V AT,2021,Petrol,DCT,Coupe,1497,25.8,Ocean Blue,2,80855,Excellent,Bengaluru,Karnataka,Dealer,16.42,16.21,14.55,1.16,3.2,78,12,27,Partial,No,64,79,Available
CDK202201238,2026-05-29,Maruti Suzuki,Baleno,Premium,2022,Petrol,Automatic,SUV,1598,27.8,Royal Purple,1,67919,Good,Mumbai,Maharashtra,Individual,6.15,6.23,5.73,0.26,3.6,99,36,23,Unavailable,No,91,53,Available
CDK202601292,2026-05-30,Toyota,Innova Crysta,SX MT,2026,Hybrid,CVT,Sedan,1197,10.8,Royal Purple,1,11630,Excellent,Coimbatore,Tamil Nadu,Dealer,14.33,14.8,13.16,0.95,3.6,86,12,27,Full,No,84,47,Sold
CDK202301442,2026-05-30,Hyundai,Creta,Premium AT,2023,Electric,Automatic,Convertible,0,6.2,Graphite Grey,2,26804,Good,Delhi,Delhi,Dealer,33.5,31.57,28.35,2.68,4.3,26,0,22,Full,No,77,71,Sold
CDK202000716,2026-05-30,MG,Astor,V AT,2020,CNG,Automatic,SUV,1497,12.1,Ocean Blue,2,101431,Very Good,Jaipur,Rajasthan,Individual,6.31,6.25,5.0,0.68,3.1,65,18,11,Full,No,52,95,Sold
CDK202001145,2026-05-30,Renault,Kwid,ZX,2020,Hybrid,Manual,MPV,1598,20.8,Midnight Black,1,81336,Fair,Delhi,Delhi,Dealer,3.87,3.86,2.95,0.27,2.9,49,0,35,Full,No,67,52,Available
CDK201700597,2026-05-30,Tata,Safari,Premium,2017,Diesel,Manual,SUV,1998,10.3,Graphite Grey,1,142767,Good,Bengaluru,Karnataka,Dealer,1.8,1.81,1.28,0.19,4.1,53,3,35,Full,Minor,78,47,Sold
CDK201700746,2026-05-30,Hyundai,Alcazar,V MT,2017,Petrol,Manual,SUV,1199,20.4,Metallic Silver,1,144499,Very Good,Jaipur,Rajasthan,Certified Used Car Outlet,2.42,2.39,1.76,0.13,4.1,65,0,31,Full,No,60,50,Reserved
CDK202101077,2026-05-30,Honda,Elevate,Base,2021,Diesel,Manual,Sedan,2998,18.4,Royal Purple,1,86533,Excellent,Pune,Maharashtra,Dealer,7.49,7.78,6.71,0.77,3.6,82,36,5,Unavailable,No,90,55,Available
CDK201801494,2026-05-30,Kia,Carens,Sport,2018,Petrol,Manual,SUV,1998,17.0,Royal Purple,1,115757,Good,Pune,Maharashtra,Certified Used Car Outlet,3.9,3.68,3.4,0.15,2.6,91,6,32,Full,No,47,91,Sold
CDK202500220,2026-05-30,Volkswagen,Taigun,Plus MT,2025,Petrol,Manual,SUV,2998,20.5,Royal Purple,1,41528,Very Good,Delhi,Delhi,Dealer,22.11,21.01,19.24,1.58,4.2,46,18,1,Partial,No,90,43,Available
CDK201700669,2026-05-30,Maruti Suzuki,Brezza,Top MT,2017,Electric,Automatic,Hatchback,0,6.7,Metallic Silver,3,160374,Good,Chennai,Tamil Nadu,Dealer,2.35,2.36,1.52,0.12,4.3,78,3,10,Full,No,89,63,Available
CDK201800821,2026-05-30,Toyota,Camry,V AT,2018,Petrol,Automatic,SUV,3996,26.8,Fiery Red,1,122998,Good,Gurugram,Haryana,Dealer,2.21,2.13,1.43,0.08,4.2,65,24,16,Full,No,48,56,Available
CDK201900769,2026-05-30,Renault,Duster,Sport,2019,Electric,Automatic,SUV,0,5.2,Midnight Black,2,111832,Very Good,Pune,Maharashtra,Dealer,3.18,3.19,2.9,0.15,4.8,87,12,3,Full,No,85,57,Sold
CDK201800751,2026-05-31,Volkswagen,Tiguan,Base AT,2018,Electric,Automatic,Hatchback,0,6.2,Titanium Bronze,2,146411,Good,Jaipur,Rajasthan,Dealer,2.33,2.25,1.4,0.19,3.1,84,6,30,Unavailable,No,94,63,Available
CDK202101162,2026-05-31,Kia,EV6,Plus MT,2021,Petrol,Manual,MPV,3996,17.6,Midnight Black,1,93098,Very Good,Vijayawada,Andhra Pradesh,Individual,12.81,13.0,11.59,0.91,4.6,74,18,19,Full,No,80,52,Sold
CDK202601355,2026-05-31,BYD,Atto 3,Sport,2026,Diesel,Automatic,SUV,1598,23.7,Graphite Grey,1,36811,Good,Chennai,Tamil Nadu,Dealer,23.55,22.7,20.02,2.31,2.8,64,18,5,Full,No,76,69,Available
CDK202000378,2026-05-31,Maruti Suzuki,Dzire,S AT,2020,CNG,Automatic,Hatchback,1497,24.0,Pearl White,1,94083,Good,Gurugram,Haryana,Dealer,5.7,5.74,5.08,0.3,3.3,65,18,22,Full,No,57,90,Sold
CDK202201427,2026-06-01,Jeep,Meridian,S MT,2022,Petrol,DCT,Hatchback,1199,10.7,Graphite Grey,2,57414,Good,Visakhapatnam,Andhra Pradesh,Individual,10.7,10.08,8.39,1.08,4.9,61,24,19,Partial,No,87,42,Available
CDK202600529,2026-06-01,Nissan,X-Trail,Top MT,2026,Petrol,Manual,SUV,1290,27.9,Titanium Bronze,1,1659,Excellent,Pune,Maharashtra,Dealer,9.66,9.78,8.83,0.58,4.4,71,12,21,Full,No,82,98,Sold
CDK202500098,2026-06-01,Hyundai,i20,V AT,2025,Petrol,Manual,Hatchback,2998,13.9,Forest Green,2,43253,Good,Pune,Maharashtra,Individual,13.11,13.51,11.64,1.31,3.8,99,18,33,Partial,No,76,59,Available
CDK202301183,2026-06-01,BYD,Atto 3,ZX,2023,Petrol,Automatic,SUV,3996,18.2,Fiery Red,2,61632,Good,Kochi,Kerala,Dealer,18.15,18.71,17.04,1.25,4.4,55,18,25,Partial,No,57,96,Available
CDK202200013,2026-06-02,Hyundai,Venue,ZX,2022,Petrol,Manual,Sedan,1497,22.3,Graphite Grey,4,83905,Very Good,Delhi,Delhi,Dealer,6.95,6.98,5.74,0.67,3.4,84,12,31,Full,No,79,45,Available
CDK202101159,2026-06-02,Kia,Carens,Base,2021,Petrol,Automatic,Coupe,1290,26.7,Metallic Silver,2,79873,Good,Gurugram,Haryana,Individual,13.4,12.6,10.94,1.21,4.9,67,0,2,Full,No,58,44,Sold
CDK202600427,2026-06-02,Renault,Duster,Premium MT,2026,Diesel,AMT,MPV,1197,25.3,Graphite Grey,1,1500,Very Good,Mumbai,Maharashtra,Dealer,15.37,15.14,13.52,0.95,3.8,53,0,33,Full,No,84,79,Sold
CDK202500900,2026-06-02,Toyota,Innova Crysta,S,2025,CNG,Automatic,MPV,1497,14.8,Royal Purple,3,1500,Very Good,Noida,Uttar Pradesh,Dealer,26.09,24.59,21.92,2.0,5.0,99,6,29,Partial,No,76,60,Sold
CDK202400539,2026-06-02,Tata,Altroz,Sport,2024,Diesel,DCT,SUV,3996,20.5,Forest Green,2,42820,Good,Chennai,Tamil Nadu,Dealer,10.16,10.33,9.08,0.63,3.3,60,3,32,Full,Minor,96,51,Reserved
CDK202401210,2026-06-02,MG,Gloster,Sport MT,2024,Petrol,Manual,SUV,1598,21.0,Fiery Red,5,30392,Excellent,Ahmedabad,Gujarat,Dealer,17.37,17.3,15.86,1.07,4.4,72,18,30,Full,No,63,82,Sold
CDK201800537,2026-06-03,Hyundai,Grand i10 Nios,Top AT,2018,Petrol,Automatic,SUV,2494,13.5,Sunset Orange,1,130500,Good,Pune,Maharashtra,Dealer,4.19,4.0,3.36,0.42,4.0,72,12,12,Full,No,79,60,Available
CDK202500500,2026-06-03,Kia,Seltos,SX AT,2025,Petrol,Automatic,Hatchback,3996,26.6,Ocean Blue,1,3259,Excellent,Jaipur,Rajasthan,Individual,12.92,12.91,11.18,0.99,4.2,62,12,13,Partial,No,62,55,Sold
CDK201900609,2026-06-03,Audi,A6,Base AT,2019,Petrol,Automatic,MUV,1798,25.1,Midnight Black,1,106605,Excellent,Kolkata,West Bengal,Dealer,22.21,22.56,20.18,1.82,3.8,65,3,29,Full,No,79,68,Sold
CDK201900025,2026-06-03,Skoda,Kodiaq,Premium,2019,Electric,Automatic,Coupe,0,6.5,Ocean Blue,1,87344,Excellent,Bengaluru,Karnataka,Dealer,7.74,7.87,6.82,0.79,4.8,62,24,16,Full,No,45,71,Sold
CDK201901271,2026-06-03,Mahindra,XUV400,Base,2019,Petrol,Manual,Hatchback,1199,15.4,Titanium Bronze,1,134827,Good,Coimbatore,Tamil Nadu,Dealer,2.78,2.69,2.13,0.24,3.0,85,18,26,Partial,No,68,61,Sold
CDK202501091,2026-06-03,Tata,Harrier,V,2025,Petrol,Manual,SUV,2198,10.4,Forest Green,2,36243,Good,Delhi,Delhi,Dealer,14.27,14.8,13.21,0.97,3.8,80,24,22,Partial,No,71,92,Sold
CDK202400263,2026-06-03,Tata,Tigor,Premium AT,2024,Diesel,Automatic,Hatchback,1199,23.9,Pearl White,2,51762,Very Good,Bengaluru,Karnataka,Dealer,8.88,9.13,7.67,0.85,3.9,59,36,2,Full,No,63,63,Available
CDK201900990,2026-06-03,Hyundai,Verna,Premium AT,2019,Petrol,AMT,Sedan,1497,10.2,Graphite Grey,1,136078,Good,Pune,Maharashtra,Certified Used Car Outlet,4.12,4.03,3.16,0.2,3.2,78,0,17,Full,No,77,95,Sold
CDK201701236,2026-06-03,Hyundai,Verna,ZX MT,2017,Electric,Automatic,Sedan,0,4.2,Sunset Orange,1,140467,Good,Noida,Uttar Pradesh,Individual,2.68,2.6,2.09,0.28,3.1,49,3,23,Full,No,59,72,Sold
CDK201900490,2026-06-03,Jeep,Compass,V AT,2019,Hybrid,Manual,Hatchback,1998,22.6,Titanium Bronze,1,132111,Good,Delhi,Delhi,Dealer,2.94,3.04,2.72,0.14,4.2,99,6,19,Unavailable,No,75,98,Sold
CDK201700163,2026-06-04,Maruti Suzuki,Dzire,Sport MT,2017,Petrol,Automatic,MUV,2494,23.4,Midnight Black,1,153494,Very Good,Mumbai,Maharashtra,Individual,2.04,2.01,1.76,0.09,3.5,76,12,6,Full,No,71,49,Sold
CDK202500927,2026-06-04,Toyota,Glanza,Premium MT,2025,Petrol,Manual,Sedan,998,11.9,Titanium Bronze,2,35066,Good,Kochi,Kerala,Individual,7.49,7.76,6.66,0.59,3.9,89,6,8,Partial,Minor,71,73,Available
CDK202000948,2026-06-04,Tata,Harrier,Base AT,2020,Petrol,DCT,Hatchback,2998,27.4,Royal Purple,2,83615,Very Good,Bengaluru,Karnataka,Individual,3.71,3.57,2.95,0.18,3.3,31,3,17,Unavailable,No,65,69,Available
CDK202300953,2026-06-05,Volkswagen,Taigun,Sport MT,2023,Hybrid,AMT,SUV,1290,20.9,Fiery Red,1,81762,Very Good,Bengaluru,Karnataka,Individual,11.36,10.8,10.18,0.48,3.2,55,12,19,Partial,No,70,44,Sold
CDK202400987,2026-06-05,Hyundai,i20,Premium,2024,Petrol,Manual,SUV,1290,23.4,Graphite Grey,5,42891,Excellent,Delhi,Delhi,Dealer,9.59,9.56,7.98,0.91,3.7,95,24,13,Unavailable,Minor,74,65,Reserved
CDK201700937,2026-06-05,Renault,Triber,Premium MT,2017,Petrol,DCT,Hatchback,1199,18.6,Midnight Black,1,166990,Very Good,Gurugram,Haryana,Individual,2.69,2.68,2.27,0.27,4.0,56,6,30,Partial,No,45,82,Available
CDK202600943,2026-06-05,Kia,Sonet,SX,2026,Petrol,CVT,Hatchback,2998,26.3,Ocean Blue,2,23361,Good,Pune,Maharashtra,Dealer,5.86,5.6,4.83,0.49,4.0,69,18,27,Full,No,90,46,Sold
CDK201800686,2026-06-05,Honda,Amaze,Premium,2018,Diesel,Manual,MPV,1290,27.3,Fiery Red,1,125548,Excellent,Pune,Maharashtra,Individual,8.99,9.34,8.69,0.41,4.5,78,12,32,Full,No,72,95,Available
CDK202400627,2026-06-05,Mercedes-Benz,C-Class,SX MT,2024,Diesel,Automatic,Hatchback,1290,14.6,Royal Purple,1,29740,Good,Chennai,Tamil Nadu,Dealer,24.36,24.2,21.04,2.57,4.0,48,18,17,Partial,No,45,88,Sold
CDK202200860,2026-06-05,Maruti Suzuki,Swift,SX AT,2022,Diesel,Manual,Sedan,1497,24.0,Metallic Silver,3,80004,Good,Kochi,Kerala,Individual,4.17,4.08,3.71,0.22,3.6,81,6,10,Full,No,68,41,Under Inspection
CDK202500131,2026-06-05,Nissan,X-Trail,Premium,2025,Petrol,AMT,Hatchback,2998,17.6,Forest Green,4,67050,Fair,Hyderabad,Telangana,Certified Used Car Outlet,5.21,5.19,4.53,0.26,3.9,72,6,25,Unavailable,No,58,84,Under Inspection
CDK202501167,2026-06-05,Hyundai,Grand i10 Nios,SX,2025,Petrol,Automatic,Sedan,1290,15.5,Ocean Blue,2,20072,Very Good,Hyderabad,Telangana,Certified Used Car Outlet,12.65,12.75,11.21,0.88,4.1,73,12,19,Partial,No,77,64,Sold
CDK202300297,2026-06-05,Tata,Safari,ZX AT,2023,Hybrid,Manual,SUV,1798,26.8,Sunset Orange,1,56425,Very Good,Vijayawada,Andhra Pradesh,Dealer,16.05,16.69,14.62,1.42,3.0,86,18,13,Full,No,49,65,Sold
CDK202100966,2026-06-06,Maruti Suzuki,Ertiga,SX,2021,Petrol,Manual,SUV,3996,24.9,Graphite Grey,2,92804,Good,Ahmedabad,Gujarat,Dealer,5.33,5.03,4.21,0.25,4.4,86,6,33,Partial,No,63,69,Sold
CDK201800745,2026-06-06,Honda,City,Sport MT,2018,Petrol,Manual,Sedan,1197,17.0,Metallic Silver,1,118015,Good,Hyderabad,Telangana,Certified Used Car Outlet,6.07,6.05,4.82,0.51,4.4,62,0,31,Full,No,46,58,Sold
CDK202500639,2026-06-06,Skoda,Superb,Plus AT,2025,Diesel,Manual,Hatchback,1199,15.0,Midnight Black,1,28677,Excellent,Pune,Maharashtra,Individual,13.61,13.46,12.16,1.14,3.3,67,36,7,Full,No,48,42,Available
CDK201700748,2026-06-06,BYD,Seal,Premium AT,2017,Petrol,Manual,MUV,2998,27.9,Graphite Grey,2,129449,Very Good,Hyderabad,Telangana,Dealer,11.83,12.23,10.64,1.21,3.1,68,3,16,Partial,No,72,88,Available
CDK202001352,2026-06-06,Tata,Nexon,Base,2020,Petrol,Automatic,SUV,1497,18.1,Forest Green,1,76392,Very Good,Kochi,Kerala,Dealer,4.38,4.46,3.82,0.33,2.9,95,12,8,Full,No,87,42,Sold
CDK202400233,2026-06-06,Toyota,Urban Cruiser Hyryder,Top MT,2024,Petrol,DCT,MPV,998,23.4,Midnight Black,5,39842,Excellent,Bengaluru,Karnataka,Dealer,23.73,22.66,21.26,0.99,5.0,91,6,32,Unavailable,No,84,53,Sold
CDK202400549,2026-06-07,Mahindra,Scorpio-N,ZX AT,2024,Electric,Automatic,MUV,0,3.4,Titanium Bronze,2,41331,Fair,Coimbatore,Tamil Nadu,Certified Used Car Outlet,18.06,18.66,16.59,1.49,3.9,86,24,28,Unavailable,No,96,53,Available
CDK202001375,2026-06-07,Maruti Suzuki,Dzire,Plus,2020,Petrol,AMT,Hatchback,1998,26.5,Ocean Blue,1,103550,Good,Jaipur,Rajasthan,Dealer,4.19,4.35,3.85,0.22,3.9,65,18,17,Partial,No,74,43,Under Inspection
CDK202101370,2026-06-07,Kia,Seltos,S AT,2021,Petrol,Automatic,SUV,1598,11.2,Forest Green,2,90507,Fair,Bengaluru,Karnataka,Dealer,6.5,6.46,6.02,0.25,4.2,59,36,0,Partial,Major,55,41,Sold
CDK201801107,2026-06-07,Nissan,Magnite,Sport,2018,Petrol,Automatic,MUV,1199,18.6,Fiery Red,1,144788,Good,Kolkata,West Bengal,Dealer,2.98,3.02,2.42,0.19,4.1,66,18,27,Partial,No,77,55,Available
CDK202200791,2026-06-07,Renault,Kwid,ZX MT,2022,Petrol,DCT,MPV,998,21.3,Forest Green,1,73309,Good,Vijayawada,Andhra Pradesh,Dealer,8.65,8.89,7.68,0.84,3.9,81,3,31,Full,Minor,80,68,Sold
CDK202101405,2026-06-07,Maruti Suzuki,Dzire,S AT,2021,Petrol,CVT,SUV,1497,24.9,Royal Purple,4,75385,Good,Kochi,Kerala,Dealer,9.49,9.69,9.1,0.44,4.0,74,18,17,Partial,No,69,82,Sold
CDK202500725,2026-06-07,Nissan,X-Trail,SX MT,2025,Petrol,Manual,Sedan,3996,22.4,Midnight Black,1,33318,Excellent,Gurugram,Haryana,Dealer,9.17,9.46,8.51,0.62,4.8,58,0,0,Full,No,62,69,Sold
CDK202301058,2026-06-08,Nissan,Magnite,V AT,2023,Petrol,DCT,MPV,1798,23.1,Metallic Silver,5,58799,Excellent,Ahmedabad,Gujarat,Individual,10.86,10.67,9.46,0.84,4.2,53,36,30,Full,No,72,63,Available
CDK201801030,2026-06-08,Honda,Elevate,ZX AT,2018,Diesel,Manual,MUV,1598,28.0,Ocean Blue,2,122911,Fair,Ahmedabad,Gujarat,Dealer,3.73,3.59,2.67,0.31,4.1,61,24,16,Full,No,88,99,Available
CDK201900298,2026-06-08,Hyundai,Verna,SX AT,2019,Petrol,DCT,SUV,1998,12.0,Graphite Grey,1,118691,Good,Mumbai,Maharashtra,Dealer,6.43,6.16,5.12,0.43,3.7,96,3,10,Full,No,57,89,Available
CDK202401103,2026-06-08,Skoda,Superb,V,2024,Petrol,Automatic,Sedan,1798,13.1,Ocean Blue,1,57890,Good,Mumbai,Maharashtra,Dealer,12.3,11.99,10.97,0.48,4.0,47,0,0,Full,No,77,92,Available
CDK202501265,2026-06-08,Maruti Suzuki,Dzire,ZX AT,2025,Diesel,Automatic,Sedan,1290,21.1,Ocean Blue,4,24153,Fair,Delhi,Delhi,Dealer,9.74,9.18,8.19,0.54,3.9,79,6,17,Full,No,72,78,Available
CDK202300849,2026-06-08,Hyundai,Grand i10 Nios,Base,2023,Diesel,Manual,Sedan,3996,16.4,Midnight Black,2,75716,Very Good,Coimbatore,Tamil Nadu,Dealer,8.44,8.1,6.85,0.77,3.1,76,18,15,Partial,No,84,89,Under Inspection
CDK202601487,2026-06-09,Tata,Curvv,V,2026,Petrol,AMT,Coupe,1497,17.1,Fiery Red,1,1500,Excellent,Bengaluru,Karnataka,Dealer,19.39,19.43,17.24,1.93,4.6,82,24,30,Full,No,50,93,Available
CDK202400917,2026-06-09,Maruti Suzuki,Dzire,Sport AT,2024,Diesel,Manual,Sedan,1497,27.3,Royal Purple,4,6881,Very Good,Jaipur,Rajasthan,Individual,10.26,10.36,9.2,0.81,3.7,69,3,21,Full,No,71,86,Sold
CDK202000993,2026-06-09,Kia,Sonet,Plus MT,2020,Diesel,AMT,Hatchback,998,20.9,Metallic Silver,2,69455,Good,Ahmedabad,Gujarat,Dealer,6.44,6.3,5.17,0.58,4.2,71,12,15,Full,No,93,48,Available
CDK202100714,2026-06-09,Mahindra,Scorpio Classic,SX AT,2021,Petrol,Manual,SUV,1598,26.8,Ocean Blue,3,90230,Fair,Bengaluru,Karnataka,Dealer,10.68,10.6,9.4,0.59,3.6,67,6,3,Partial,No,85,66,Available
CDK202400533,2026-06-09,Toyota,Camry,V MT,2024,Petrol,AMT,Hatchback,2998,25.2,Midnight Black,2,42798,Fair,Ahmedabad,Gujarat,Individual,11.43,11.55,10.26,0.89,3.7,72,3,23,Full,No,58,42,Sold
CDK202600227,2026-06-09,Kia,Sonet,S AT,2026,Diesel,Manual,MUV,1290,21.6,Midnight Black,2,37505,Good,Jaipur,Rajasthan,Dealer,21.73,21.81,20.16,1.24,4.6,83,0,26,Full,No,56,53,Available
CDK202501154,2026-06-09,Tata,Safari,V,2025,Diesel,AMT,SUV,1598,27.5,Metallic Silver,1,39592,Good,Mumbai,Maharashtra,Dealer,12.11,12.2,11.17,0.75,4.1,74,24,10,Unavailable,No,65,48,Available
CDK202000257,2026-06-10,Maruti Suzuki,Ciaz,Top AT,2020,Petrol,Manual,Sedan,2494,24.7,Graphite Grey,1,101188,Excellent,Visakhapatnam,Andhra Pradesh,Dealer,4.24,4.11,3.32,0.35,4.0,56,24,35,Partial,No,67,59,Reserved
CDK202201134,2026-06-10,MG,Astor,V AT,2022,Petrol,Manual,SUV,1497,17.9,Forest Green,1,98198,Very Good,Mumbai,Maharashtra,Dealer,14.97,15.24,13.78,1.3,3.9,95,3,36,Full,No,79,57,Reserved
CDK201800659,2026-06-10,MG,Hector,SX AT,2018,Electric,Automatic,Hatchback,0,5.9,Titanium Bronze,2,120645,Very Good,Mumbai,Maharashtra,Dealer,3.12,2.98,2.57,0.27,3.9,57,24,34,Partial,No,50,96,Available
CDK201900332,2026-06-10,Maruti Suzuki,Dzire,Base AT,2019,Petrol,Automatic,SUV,1998,16.5,Sunset Orange,1,148696,Very Good,Mumbai,Maharashtra,Dealer,3.47,3.48,3.05,0.26,3.8,56,24,24,Full,No,91,72,Sold
CDK202500920,2026-06-10,Hyundai,Exter,Top MT,2025,Diesel,Manual,Sedan,2494,14.8,Forest Green,3,26696,Very Good,Hyderabad,Telangana,Dealer,9.68,9.28,8.49,0.57,4.2,51,0,9,Partial,No,65,60,Under Inspection
CDK202500245,2026-06-11,Toyota,Fortuner,Premium AT,2025,Diesel,Manual,SUV,2998,14.5,Sunset Orange,4,32580,Very Good,Chennai,Tamil Nadu,Certified Used Car Outlet,23.5,22.88,21.15,1.06,4.9,65,36,23,Unavailable,No,72,69,Available
CDK201901057,2026-06-11,Mahindra,XUV700,Premium AT,2019,Petrol,Automatic,Hatchback,1199,22.1,Titanium Bronze,1,117150,Very Good,Mumbai,Maharashtra,Dealer,4.26,4.04,3.55,0.33,4.4,66,0,13,Unavailable,Major,90,94,Available
CDK201900208,2026-06-11,Nissan,Magnite,Plus MT,2019,CNG,DCT,Hatchback,1598,15.7,Metallic Silver,5,112080,Good,Noida,Uttar Pradesh,Individual,2.62,2.65,1.9,0.14,3.3,43,0,28,Full,No,66,67,Under Inspection
CDK202600050,2026-06-11,Mahindra,Scorpio Classic,SX,2026,Petrol,Manual,Sedan,2494,12.3,Sunset Orange,1,44381,Good,Pune,Maharashtra,Dealer,13.01,12.79,11.41,1.06,4.5,97,36,14,Partial,No,69,62,Sold
CDK202401293,2026-06-12,Maruti Suzuki,Baleno,S MT,2024,Petrol,Manual,Sedan,2998,20.4,Pearl White,4,43335,Fair,Vijayawada,Andhra Pradesh,Individual,5.56,5.46,5.06,0.21,4.1,97,36,7,Full,No,79,47,Available
CDK202600177,2026-06-12,Maruti Suzuki,Fronx,Base,2026,Petrol,Automatic,Sedan,2494,20.4,Graphite Grey,3,12646,Very Good,Vijayawada,Andhra Pradesh,Individual,15.23,14.43,12.74,1.03,4.4,77,12,28,Full,Minor,48,78,Reserved
CDK202600102,2026-06-12,Skoda,Slavia,ZX,2026,Electric,Automatic,Sedan,0,6.7,Sunset Orange,4,1993,Very Good,Gurugram,Haryana,Individual,17.7,17.06,15.91,0.7,3.6,52,18,7,Partial,No,83,82,Available
CDK202601455,2026-06-13,Toyota,Fortuner,S,2026,Petrol,DCT,MPV,1197,16.9,Graphite Grey,2,32381,Good,Mumbai,Maharashtra,Dealer,22.71,21.68,19.47,1.48,4.7,29,18,25,Full,No,95,65,Reserved
CDK202600723,2026-06-13,Jeep,Wrangler,Plus,2026,Diesel,DCT,Hatchback,998,14.2,Metallic Silver,2,18559,Excellent,Visakhapatnam,Andhra Pradesh,Individual,13.76,13.58,12.26,0.97,3.7,56,3,25,Unavailable,No,70,46,Sold
CDK201800896,2026-06-13,Maruti Suzuki,Brezza,Plus AT,2018,Petrol,Automatic,SUV,1998,18.1,Pearl White,3,79893,Very Good,Pune,Maharashtra,Individual,4.17,4.01,2.92,0.42,4.1,85,36,24,Full,No,59,67,Sold
CDK201700601,2026-06-13,Toyota,Glanza,ZX,2017,Diesel,Automatic,MUV,1197,17.9,Pearl White,2,150091,Fair,Kolkata,West Bengal,Individual,8.36,8.5,7.43,0.37,4.7,70,18,8,Partial,Minor,85,52,Available
CDK202100058,2026-06-13,Mahindra,XUV 3XO,Premium,2021,Petrol,Manual,SUV,2198,14.1,Titanium Bronze,1,127538,Very Good,Ahmedabad,Gujarat,Individual,12.0,12.27,10.59,1.03,4.0,99,6,16,Partial,Major,80,82,Sold
CDK202201275,2026-06-13,Audi,Q5,Plus MT,2022,Electric,Automatic,MUV,0,3.9,Titanium Bronze,2,95928,Good,Kochi,Kerala,Dealer,48.05,48.53,45.34,2.63,4.3,81,12,20,Partial,Major,94,60,Sold
CDK201701034,2026-06-13,Honda,City,Premium AT,2017,Diesel,Manual,Hatchback,1197,24.7,Midnight Black,1,147238,Very Good,Noida,Uttar Pradesh,Individual,2.43,2.42,1.71,0.26,4.5,54,6,8,Partial,No,61,93,Available
CDK201901169,2026-06-13,Maruti Suzuki,Ertiga,SX,2019,Petrol,Manual,Sedan,1497,27.4,Pearl White,1,110037,Very Good,Jaipur,Rajasthan,Certified Used Car Outlet,2.93,2.79,1.94,0.28,3.8,99,3,3,Partial,No,55,76,Sold
CDK202001044,2026-06-13,Maruti Suzuki,Brezza,Top MT,2020,Diesel,Automatic,Coupe,1290,25.6,Forest Green,2,111840,Very Good,Kochi,Kerala,Individual,9.45,9.26,8.21,0.45,3.2,61,12,5,Partial,Minor,57,56,Available
CDK202401229,2026-06-13,Hyundai,Exter,Plus,2024,Petrol,Manual,Hatchback,1197,26.5,Titanium Bronze,2,45477,Good,Visakhapatnam,Andhra Pradesh,Individual,7.93,7.99,7.05,0.4,4.7,76,3,1,Partial,No,82,85,Sold
CDK202500281,2026-06-13,Mahindra,Thar,Top AT,2025,Petrol,DCT,SUV,2198,24.9,Pearl White,1,20217,Excellent,Gurugram,Haryana,Dealer,15.91,15.53,13.42,1.55,4.0,66,6,24,Partial,No,53,83,Sold
CDK202600232,2026-06-14,Tata,Altroz,Sport AT,2026,Petrol,Automatic,MPV,1598,27.3,Midnight Black,2,17637,Good,Noida,Uttar Pradesh,Dealer,17.72,17.47,16.27,0.77,3.8,93,6,28,Partial,No,97,82,Sold
CDK202201432,2026-06-14,Kia,Sonet,V,2022,Petrol,Automatic,SUV,2198,18.0,Midnight Black,2,76211,Good,Chennai,Tamil Nadu,Individual,13.22,12.45,11.5,0.63,4.3,78,24,29,Full,Minor,64,91,Reserved
CDK201701121,2026-06-14,Tata,Punch,SX MT,2017,Petrol,Manual,Hatchback,1199,13.1,Fiery Red,1,162506,Good,Hyderabad,Telangana,Dealer,1.86,1.79,1.59,0.08,3.7,72,36,21,Partial,Minor,68,57,Reserved
CDK202600804,2026-06-15,Maruti Suzuki,Brezza,Plus AT,2026,Electric,Automatic,Hatchback,0,3.6,Ocean Blue,3,1986,Very Good,Mumbai,Maharashtra,Individual,14.34,14.76,13.07,1.14,4.2,44,18,17,Partial,No,83,55,Sold
CDK202000219,2026-06-15,Toyota,Innova Crysta,Top AT,2020,Petrol,DCT,Hatchback,1290,24.4,Graphite Grey,2,109738,Excellent,Delhi,Delhi,Individual,7.32,7.39,6.48,0.4,2.8,80,18,20,Full,Minor,76,49,Available
CDK202401333,2026-06-15,MG,Astor,Base AT,2024,CNG,Automatic,Sedan,1290,25.4,Metallic Silver,1,30713,Good,Delhi,Delhi,Dealer,14.88,14.33,13.42,0.75,5.0,53,18,11,Partial,No,57,91,Available
CDK201900386,2026-06-15,Maruti Suzuki,Ertiga,SX AT,2019,Petrol,CVT,MPV,1497,20.9,Titanium Bronze,3,102347,Very Good,Kolkata,West Bengal,Dealer,4.68,4.58,4.14,0.21,2.6,77,12,1,Partial,No,83,68,Sold
CDK201800850,2026-06-15,Kia,Seltos,V AT,2018,Petrol,Manual,Hatchback,2494,26.9,Pearl White,1,139085,Good,Delhi,Delhi,Individual,4.65,4.48,3.76,0.48,4.0,57,0,15,Full,No,48,48,Sold
CDK202000976,2026-06-15,Maruti Suzuki,Fronx,V MT,2020,Electric,Automatic,SUV,0,6.5,Midnight Black,1,87318,Very Good,Vijayawada,Andhra Pradesh,Dealer,7.0,7.0,6.04,0.57,3.7,99,12,31,Unavailable,No,78,81,Reserved
CDK202100370,2026-06-16,Maruti Suzuki,Fronx,S MT,2021,Diesel,Automatic,Coupe,1998,14.4,Graphite Grey,1,90479,Excellent,Hyderabad,Telangana,Dealer,15.1,14.27,13.01,1.09,2.9,41,36,8,Partial,Minor,63,91,Sold
CDK201900286,2026-06-16,Maruti Suzuki,Fronx,Top MT,2019,Diesel,Manual,Sedan,2494,10.6,Royal Purple,1,108936,Very Good,Bengaluru,Karnataka,Dealer,3.6,3.52,3.04,0.21,4.3,66,3,20,Full,Major,85,74,Available
CDK202300536,2026-06-16,Mahindra,Bolero,S AT,2023,Petrol,Manual,MPV,1290,20.3,Graphite Grey,1,58544,Good,Ahmedabad,Gujarat,Individual,10.02,9.86,9.19,0.46,4.2,40,6,15,Unavailable,Minor,63,71,Sold
CDK201900687,2026-06-16,Kia,Sonet,SX AT,2019,Petrol,CVT,SUV,1598,14.6,Midnight Black,3,137891,Good,Kolkata,West Bengal,Dealer,6.68,6.62,5.56,0.7,3.7,64,18,20,Unavailable,No,73,79,Sold
CDK202100486,2026-06-17,Jeep,Meridian,Top AT,2021,Petrol,Manual,Sedan,2198,14.6,Pearl White,1,56786,Fair,Gurugram,Haryana,Certified Used Car Outlet,7.55,7.36,6.04,0.8,5.0,31,18,16,Full,Major,66,60,Sold
CDK202501068,2026-06-17,Kia,Sonet,Top MT,2025,Petrol,Manual,MPV,1598,23.1,Graphite Grey,2,44816,Excellent,Hyderabad,Telangana,Individual,23.61,23.28,21.22,1.79,2.9,55,24,9,Full,Minor,59,58,Under Inspection
CDK201900737,2026-06-17,Mahindra,Thar,Sport MT,2019,Electric,Automatic,Sedan,0,5.3,Ocean Blue,1,98759,Very Good,Kolkata,West Bengal,Dealer,3.67,3.45,2.87,0.26,3.5,83,0,17,Unavailable,No,75,81,Available
CDK202300149,2026-06-17,Hyundai,i20,SX AT,2023,Diesel,Automatic,SUV,998,27.3,Metallic Silver,2,66749,Very Good,Delhi,Delhi,Individual,9.49,9.27,8.28,0.6,4.4,62,3,0,Full,No,70,40,Under Inspection
CDK201901298,2026-06-17,Tata,Punch,V AT,2019,CNG,Automatic,Hatchback,1598,23.5,Metallic Silver,1,114182,Very Good,Visakhapatnam,Andhra Pradesh,Dealer,2.9,2.89,2.04,0.24,5.0,81,18,10,Partial,Minor,50,92,Sold
CDK202300575,2026-06-18,Volkswagen,Virtus,Sport AT,2023,Petrol,DCT,Sedan,1998,21.1,Graphite Grey,1,64554,Very Good,Gurugram,Haryana,Individual,11.99,11.45,10.64,0.51,3.7,56,0,14,Partial,No,91,42,Under Inspection
CDK202500511,2026-06-18,Kia,Carens,Sport AT,2025,Petrol,Manual,SUV,1497,26.1,Graphite Grey,3,44957,Very Good,Mumbai,Maharashtra,Dealer,18.93,18.15,15.77,1.91,3.7,80,3,7,Partial,No,98,78,Available
CDK201700775,2026-06-18,Tata,Harrier,Top AT,2017,Electric,Automatic,Sedan,0,6.3,Ocean Blue,1,180000,Very Good,Visakhapatnam,Andhra Pradesh,Dealer,3.17,3.07,2.35,0.15,3.2,63,24,32,Full,No,64,40,Sold
CDK202000468,2026-06-18,Tata,Safari,Plus AT,2020,Petrol,DCT,SUV,1598,12.6,Midnight Black,1,77793,Good,Vijayawada,Andhra Pradesh,Individual,6.02,5.84,5.41,0.21,3.9,64,12,4,Partial,No,65,75,Sold
CDK202500170,2026-06-19,Mahindra,Thar,S AT,2025,Electric,Automatic,Hatchback,0,4.3,Royal Purple,2,19859,Very Good,Bengaluru,Karnataka,Dealer,15.45,15.07,13.44,1.02,3.6,99,12,0,Full,No,93,75,Reserved
CDK202400166,2026-06-19,Hyundai,Verna,Premium AT,2024,Petrol,Manual,MPV,1197,12.3,Forest Green,1,39750,Very Good,Jaipur,Rajasthan,Dealer,17.0,16.09,15.04,0.65,2.9,75,24,11,Full,No,82,51,Sold
CDK201701180,2026-06-19,Skoda,Slavia,ZX AT,2017,Petrol,AMT,Coupe,1598,21.7,Graphite Grey,1,180000,Very Good,Visakhapatnam,Andhra Pradesh,Individual,7.25,7.38,6.23,0.58,3.9,67,0,36,Partial,No,59,85,Sold
CDK201700453,2026-06-19,Kia,Seltos,Base AT,2017,Petrol,Automatic,Hatchback,1197,11.0,Forest Green,1,159001,Good,Jaipur,Rajasthan,Dealer,1.8,1.87,1.64,0.08,3.7,95,18,36,Partial,No,82,69,Sold
CDK202401226,2026-06-19,Honda,Amaze,Base AT,2024,Petrol,DCT,MPV,2198,11.2,Ocean Blue,1,38110,Good,Delhi,Delhi,Dealer,6.72,6.9,6.34,0.26,4.1,68,3,14,Partial,No,92,76,Available
CDK202000615,2026-06-19,Skoda,Kodiaq,ZX MT,2020,Electric,Automatic,MPV,0,3.5,Pearl White,1,122707,Good,Visakhapatnam,Andhra Pradesh,Dealer,6.86,7.02,6.47,0.34,3.5,47,0,1,Partial,No,96,93,Sold
CDK201900294,2026-06-20,Skoda,Slavia,Premium,2019,Electric,Automatic,SUV,0,4.3,Midnight Black,1,131702,Fair,Coimbatore,Tamil Nadu,Dealer,9.0,9.27,7.58,1.01,4.1,43,0,3,Full,No,81,92,Sold
CDK202401137,2026-06-20,Maruti Suzuki,Ciaz,Sport AT,2024,Petrol,Manual,SUV,2998,26.2,Pearl White,2,42754,Good,Vijayawada,Andhra Pradesh,Dealer,14.55,14.7,13.93,0.59,4.0,80,36,20,Partial,No,85,59,Available
CDK201801083,2026-06-20,Tata,Tiago,Premium MT,2018,Petrol,Manual,Sedan,1197,12.4,Forest Green,1,138349,Good,Delhi,Delhi,Certified Used Car Outlet,6.22,6.25,5.54,0.49,4.5,61,0,33,Full,Major,79,79,Available
CDK202100192,2026-06-20,Hyundai,Grand i10 Nios,Sport AT,2021,Petrol,Manual,Hatchback,2998,22.9,Graphite Grey,1,70952,Very Good,Mumbai,Maharashtra,Dealer,5.09,4.94,4.44,0.18,5.0,38,6,15,Full,No,86,88,Reserved
CDK202400417,2026-06-21,Mahindra,Thar,Top AT,2024,Diesel,AMT,Sedan,2494,14.7,Titanium Bronze,5,70299,Good,Delhi,Delhi,Dealer,6.57,6.79,5.67,0.65,4.6,83,36,10,Partial,No,95,88,Available
CDK202600552,2026-06-21,Maruti Suzuki,Grand Vitara,Sport MT,2026,Electric,Automatic,SUV,0,6.2,Titanium Bronze,2,23103,Good,Visakhapatnam,Andhra Pradesh,Dealer,20.34,20.58,18.39,1.78,4.8,96,18,7,Partial,No,82,64,Sold
CDK201701176,2026-06-21,Hyundai,Tucson,Top MT,2017,Petrol,AMT,MUV,1290,22.3,Midnight Black,1,136679,Good,Coimbatore,Tamil Nadu,Dealer,4.21,4.0,3.18,0.27,3.9,85,0,32,Full,Minor,95,93,Available
CDK202300916,2026-06-21,Maruti Suzuki,Swift,S,2023,Petrol,Automatic,MUV,1497,27.6,Pearl White,2,71566,Excellent,Visakhapatnam,Andhra Pradesh,Individual,12.52,12.53,11.08,0.72,3.8,78,18,25,Full,No,56,52,Under Inspection
CDK202400007,2026-06-21,Hyundai,Creta,ZX,2024,CNG,Manual,Sedan,2198,26.5,Metallic Silver,1,33671,Very Good,Vijayawada,Andhra Pradesh,Certified Used Car Outlet,12.54,12.98,12.02,0.74,3.7,47,36,36,Unavailable,No,90,93,Reserved
CDK202500499,2026-06-22,Honda,Elevate,S,2025,Petrol,Manual,Sedan,1199,20.6,Metallic Silver,2,28297,Very Good,Ahmedabad,Gujarat,Individual,9.87,10.22,9.44,0.47,4.1,71,24,7,Full,Minor,60,80,Under Inspection
CDK201700207,2026-06-22,Tata,Tigor,Sport,2017,Electric,Automatic,Sedan,0,5.3,Titanium Bronze,1,110386,Good,Visakhapatnam,Andhra Pradesh,Certified Used Car Outlet,4.28,4.35,3.49,0.37,3.7,99,6,30,Partial,No,90,48,Reserved
CDK202601097,2026-06-23,Hyundai,Tucson,Base,2026,Electric,Automatic,SUV,0,6.7,Forest Green,1,26590,Fair,Chennai,Tamil Nadu,Individual,20.52,20.08,17.72,1.76,4.4,93,6,3,Full,No,77,60,Sold
CDK202100698,2026-06-23,MG,Comet EV,S AT,2021,Petrol,Automatic,SUV,1998,25.6,Forest Green,1,74991,Good,Kolkata,West Bengal,Certified Used Car Outlet,6.39,6.07,5.33,0.46,3.1,63,12,19,Full,No,51,90,Reserved
CDK202200191,2026-06-23,Honda,Amaze,Top,2022,Diesel,Automatic,SUV,2494,14.5,Forest Green,1,33922,Good,Pune,Maharashtra,Individual,13.95,13.19,11.64,1.05,3.8,65,18,25,Full,No,78,54,Under Inspection
CDK202500656,2026-06-24,Nissan,Magnite,Base,2025,Hybrid,DCT,Hatchback,1598,12.6,Ocean Blue,1,40843,Very Good,Delhi,Delhi,Dealer,10.49,10.79,9.8,0.86,3.9,71,6,15,Unavailable,No,97,40,Sold
CDK202200269,2026-06-24,Nissan,X-Trail,Premium MT,2022,Hybrid,Manual,SUV,2998,22.9,Titanium Bronze,1,55211,Very Good,Noida,Uttar Pradesh,Dealer,11.94,11.91,10.91,0.77,5.0,63,12,27,Full,No,86,90,Available
CDK202500542,2026-06-24,Renault,Kwid,Premium,2025,Hybrid,CVT,SUV,1497,26.1,Pearl White,3,3231,Good,Kolkata,West Bengal,Individual,10.48,10.23,8.89,0.99,3.8,39,3,10,Partial,No,73,40,Sold
CDK201700965,2026-06-25,Toyota,Innova Crysta,ZX,2017,Electric,Automatic,Hatchback,0,5.9,Royal Purple,2,146990,Excellent,Noida,Uttar Pradesh,Individual,3.93,4.03,3.03,0.42,4.8,54,0,19,Full,No,61,61,Sold
CDK201800487,2026-06-25,Maruti Suzuki,Brezza,Premium,2018,Diesel,Automatic,Hatchback,1497,15.9,Royal Purple,1,131031,Good,Mumbai,Maharashtra,Dealer,1.81,1.77,1.1,0.15,4.1,92,36,35,Unavailable,No,94,40,Available
CDK201901266,2026-06-25,MG,Astor,Top,2019,CNG,Manual,Convertible,2998,12.5,Metallic Silver,2,99823,Excellent,Pune,Maharashtra,Individual,24.28,24.71,22.36,2.04,4.0,69,18,23,Partial,No,76,76,Sold
CDK202200324,2026-06-25,Mahindra,Thar,SX AT,2022,Petrol,Manual,MUV,1290,20.4,Midnight Black,3,71285,Very Good,Kolkata,West Bengal,Individual,11.34,11.01,10.1,0.53,4.4,73,36,4,Full,No,68,65,Available
CDK202500164,2026-06-25,Nissan,X-Trail,Plus,2025,Diesel,Manual,Hatchback,1199,27.6,Sunset Orange,2,35428,Excellent,Vijayawada,Andhra Pradesh,Dealer,6.35,6.31,5.34,0.53,5.0,67,12,31,Full,No,77,88,Sold
CDK202601178,2026-06-26,Honda,Elevate,V MT,2026,Petrol,Automatic,SUV,998,17.0,Sunset Orange,1,1500,Very Good,Pune,Maharashtra,Dealer,18.94,18.11,16.75,0.73,4.4,75,3,22,Partial,No,58,54,Sold
CDK202301122,2026-06-26,Hyundai,Alcazar,V,2023,Electric,Automatic,MUV,0,4.3,Fiery Red,4,63268,Very Good,Delhi,Delhi,Individual,12.17,11.47,10.35,0.68,3.7,99,3,19,Partial,No,80,41,Available
CDK201700275,2026-06-27,Kia,Sonet,SX,2017,Petrol,Manual,Sedan,3996,20.2,Sunset Orange,1,147227,Good,Coimbatore,Tamil Nadu,Individual,2.98,3.07,2.51,0.2,4.1,91,3,21,Full,Major,91,92,Sold
CDK201800072,2026-06-27,Jeep,Meridian,SX MT,2018,Diesel,Manual,MUV,1497,17.4,Graphite Grey,1,138109,Good,Noida,Uttar Pradesh,Individual,5.97,5.74,4.67,0.32,4.5,78,3,12,Partial,Minor,79,59,Available
CDK202000223,2026-06-27,Volkswagen,Virtus,SX,2020,Petrol,AMT,Hatchback,1998,14.3,Royal Purple,1,108839,Good,Bengaluru,Karnataka,Individual,6.97,6.8,5.58,0.55,2.7,78,6,8,Full,No,81,72,Available
CDK201801337,2026-06-27,Mahindra,XUV 3XO,V MT,2018,Petrol,CVT,MPV,2998,15.2,Sunset Orange,1,134350,Fair,Mumbai,Maharashtra,Individual,2.54,2.46,1.84,0.26,3.9,58,36,21,Full,No,91,40,Sold
CDK202100136,2026-06-27,Renault,Duster,ZX,2021,Diesel,Manual,SUV,1998,22.9,Sunset Orange,2,94379,Good,Gurugram,Haryana,Individual,4.63,4.81,4.07,0.52,3.6,71,24,19,Partial,No,73,75,Available
CDK202001233,2026-06-27,Jeep,Meridian,SX AT,2020,Electric,Automatic,SUV,0,5.2,Forest Green,2,109283,Very Good,Vijayawada,Andhra Pradesh,Dealer,16.65,17.03,16.09,0.71,3.8,72,18,34,Partial,No,92,63,Available
CDK202601300,2026-06-27,Honda,Elevate,Plus,2026,CNG,Manual,SUV,2494,22.8,Forest Green,3,32227,Very Good,Kolkata,West Bengal,Dealer,10.77,11.06,9.36,0.97,3.5,74,36,10,Full,No,97,55,Sold
CDK202000708,2026-06-27,Maruti Suzuki,Ertiga,ZX AT,2020,Petrol,DCT,MPV,1598,16.1,Royal Purple,4,99099,Very Good,Coimbatore,Tamil Nadu,Individual,9.44,9.0,8.04,0.45,3.8,64,24,9,Full,No,54,75,Sold
CDK201700778,2026-06-27,Hyundai,Verna,Premium AT,2017,Electric,Automatic,Hatchback,0,4.2,Graphite Grey,1,165195,Fair,Delhi,Delhi,Dealer,1.8,1.79,1.0,0.13,3.1,47,24,15,Partial,No,56,62,Sold
CDK201900715,2026-06-27,Renault,Kiger,S,2019,Petrol,CVT,SUV,1998,20.2,Forest Green,1,114696,Very Good,Ahmedabad,Gujarat,Dealer,4.21,4.1,3.39,0.41,3.9,67,0,33,Full,No,47,45,Available
CDK202201484,2026-06-27,Toyota,Urban Cruiser Hyryder,Sport MT,2022,Petrol,Manual,SUV,1197,26.1,Pearl White,1,61403,Good,Ahmedabad,Gujarat,Dealer,7.94,8.11,6.95,0.79,4.2,44,24,2,Full,No,50,55,Available
CDK201700809,2026-06-28,Hyundai,Alcazar,V AT,2017,Electric,Automatic,SUV,0,5.0,Pearl White,2,122202,Good,Kochi,Kerala,Individual,1.8,1.71,1.0,0.16,3.1,78,3,0,Partial,No,94,87,Sold
CDK202000312,2026-06-28,Kia,EV6,S AT,2020,CNG,DCT,SUV,1197,14.2,Titanium Bronze,2,120065,Excellent,Delhi,Delhi,Dealer,5.91,6.13,4.98,0.41,4.5,71,3,29,Unavailable,Major,58,76,Available
CDK201700642,2026-06-28,Maruti Suzuki,Brezza,V,2017,CNG,AMT,SUV,3996,25.9,Metallic Silver,1,150881,Good,Visakhapatnam,Andhra Pradesh,Dealer,2.49,2.55,2.13,0.22,4.0,33,3,35,Full,No,55,91,Sold
CDK202100364,2026-06-28,Toyota,Urban Cruiser Hyryder,SX AT,2021,Petrol,Automatic,Sedan,2998,16.2,Fiery Red,1,70010,Very Good,Kochi,Kerala,Individual,11.25,10.63,9.62,0.4,4.0,58,3,9,Partial,No,82,82,Available
CDK201900859,2026-06-29,Hyundai,i20,Base MT,2019,Diesel,Automatic,MPV,3996,13.4,Pearl White,1,120791,Very Good,Jaipur,Rajasthan,Certified Used Car Outlet,3.66,3.52,2.88,0.13,4.1,55,6,30,Partial,Minor,50,49,Available
CDK201700108,2026-06-29,Nissan,Magnite,Premium AT,2017,CNG,Manual,Sedan,1998,19.3,Forest Green,1,161669,Excellent,Chennai,Tamil Nadu,Dealer,2.46,2.48,1.62,0.21,3.3,48,36,8,Partial,No,98,71,Sold
CDK201701467,2026-06-29,Hyundai,Verna,SX MT,2017,Hybrid,Automatic,MPV,1199,16.0,Midnight Black,1,137626,Very Good,Pune,Maharashtra,Dealer,4.85,4.82,4.08,0.4,4.8,46,18,31,Full,No,82,66,Available
CDK201700621,2026-06-29,Tata,Tiago,Top AT,2017,Hybrid,AMT,Sedan,998,13.4,Royal Purple,3,146310,Very Good,Ahmedabad,Gujarat,Dealer,1.85,1.87,1.02,0.13,4.3,99,12,28,Full,No,88,51,Available
CDK202300362,2026-06-29,Volkswagen,Taigun,Top,2023,Petrol,CVT,Hatchback,998,20.9,Pearl White,1,43960,Good,Mumbai,Maharashtra,Certified Used Car Outlet,7.69,7.77,6.85,0.75,3.7,93,24,19,Full,Major,75,41,Sold
CDK201901016,2026-06-29,Maruti Suzuki,Ertiga,V,2019,Petrol,Manual,SUV,3996,14.3,Forest Green,1,96838,Very Good,Jaipur,Rajasthan,Dealer,6.59,6.51,5.93,0.38,4.8,68,3,8,Partial,Minor,60,53,Available
CDK202100978,2026-06-30,Maruti Suzuki,Fronx,Top,2021,Diesel,Manual,Hatchback,998,11.0,Metallic Silver,2,103919,Very Good,Hyderabad,Telangana,Individual,5.2,5.27,4.46,0.43,4.1,99,36,30,Partial,Minor,63,84,Available
CDK202301328,2026-06-30,Kia,Seltos,Top MT,2023,Electric,Automatic,Hatchback,0,4.3,Ocean Blue,2,86268,Fair,Kolkata,West Bengal,Dealer,10.11,10.37,9.03,0.63,3.5,45,18,14,Full,No,96,81,Under Inspection
CDK201800772,2026-06-30,Honda,Amaze,ZX MT,2018,Petrol,Manual,Hatchback,1998,22.1,Ocean Blue,1,131845,Good,Noida,Uttar Pradesh,Dealer,3.2,3.24,2.23,0.34,3.6,86,3,1,Unavailable,No,97,70,Available
CDK202501092,2026-06-30,Hyundai,Verna,Base,2025,Diesel,AMT,SUV,3996,12.1,Fiery Red,1,24524,Very Good,Noida,Uttar Pradesh,Dealer,22.25,22.7,20.87,1.29,5.0,74,6,13,Full,No,51,75,Sold
CDK202400033,2026-07-01,Kia,Carens,SX MT,2024,CNG,Automatic,MPV,2198,23.7,Graphite Grey,1,49692,Excellent,Delhi,Delhi,Dealer,19.73,18.73,16.1,1.91,3.7,95,36,31,Unavailable,No,63,68,Available
CDK201901445,2026-07-01,Renault,Triber,Premium AT,2019,Diesel,Manual,SUV,1197,23.7,Pearl White,2,128534,Good,Coimbatore,Tamil Nadu,Certified Used Car Outlet,4.46,4.42,3.35,0.4,4.4,72,18,6,Partial,No,78,71,Available
CDK202100807,2026-07-01,Jeep,Meridian,Top,2021,Petrol,Manual,SUV,998,17.3,Midnight Black,2,112607,Excellent,Hyderabad,Telangana,Dealer,12.39,12.49,11.2,1.04,4.2,41,12,34,Partial,No,62,94,Sold
CDK202301311,2026-07-01,Kia,Carens,ZX MT,2023,Diesel,Manual,Sedan,3996,12.6,Ocean Blue,5,52524,Excellent,Visakhapatnam,Andhra Pradesh,Dealer,7.53,7.34,6.5,0.44,3.7,63,12,18,Full,No,77,46,Available
CDK202400277,2026-07-01,Skoda,Superb,S AT,2024,Electric,Automatic,Hatchback,0,6.6,Forest Green,1,25225,Very Good,Chennai,Tamil Nadu,Dealer,13.51,13.26,11.64,1.18,4.4,89,3,24,Full,No,64,46,Under Inspection
CDK202000805,2026-07-01,BMW,X1,Premium MT,2020,Diesel,DCT,Hatchback,2198,23.6,Metallic Silver,1,80179,Very Good,Delhi,Delhi,Certified Used Car Outlet,16.22,16.86,14.58,1.77,3.2,83,24,6,Partial,Minor,53,50,Sold
CDK201900561,2026-07-01,Honda,Amaze,Premium AT,2019,Petrol,Automatic,Sedan,2998,28.0,Pearl White,1,120798,Excellent,Gurugram,Haryana,Individual,7.54,7.56,6.21,0.65,4.5,78,0,23,Partial,No,52,76,Available
CDK202400340,2026-07-01,Hyundai,Creta,V MT,2024,Petrol,Automatic,Coupe,998,15.9,Metallic Silver,3,66880,Very Good,Ahmedabad,Gujarat,Dealer,24.89,24.59,22.32,1.97,4.0,79,6,14,Partial,No,87,41,Reserved
CDK202000935,2026-07-02,Honda,City,Plus MT,2020,Diesel,Manual,Hatchback,1199,16.2,Midnight Black,4,85827,Very Good,Vijayawada,Andhra Pradesh,Dealer,2.88,2.88,2.29,0.27,3.8,61,3,32,Partial,No,96,94,Sold
CDK201801015,2026-07-02,Hyundai,Creta,Premium MT,2018,Petrol,Automatic,Hatchback,1998,22.4,Pearl White,3,135231,Good,Kolkata,West Bengal,Dealer,2.13,2.2,1.72,0.23,4.5,81,24,36,Full,No,45,90,Sold
CDK201701415,2026-07-02,Hyundai,i20,Top MT,2017,Diesel,Automatic,Hatchback,998,21.7,Forest Green,2,161588,Good,Chennai,Tamil Nadu,Dealer,1.8,1.76,1.3,0.16,4.9,71,36,22,Full,Major,71,40,Available
CDK202101255,2026-07-02,Honda,Amaze,Base AT,2021,Petrol,Manual,MPV,2998,19.4,Royal Purple,1,61689,Fair,Hyderabad,Telangana,Individual,8.64,8.48,6.85,0.9,4.3,61,24,28,Unavailable,Minor,46,57,Sold
CDK202301138,2026-07-02,Kia,Carens,Top,2023,Diesel,CVT,Sedan,1497,22.9,Graphite Grey,1,59504,Very Good,Gurugram,Haryana,Certified Used Car Outlet,7.73,7.72,6.24,0.84,3.6,99,6,33,Full,No,65,42,Available
CDK202501264,2026-07-02,Nissan,X-Trail,Base MT,2025,Diesel,Manual,Sedan,1199,10.1,Titanium Bronze,3,40329,Very Good,Bengaluru,Karnataka,Dealer,13.85,14.07,12.69,0.65,3.8,99,36,7,Full,No,80,87,Sold
CDK202301403,2026-07-02,Maruti Suzuki,Fronx,V,2023,Diesel,Automatic,Sedan,998,17.6,Forest Green,1,87427,Very Good,Mumbai,Maharashtra,Certified Used Car Outlet,6.96,6.91,6.1,0.34,3.1,78,36,2,Partial,No,65,46,Available
CDK202300643,2026-07-03,Tata,Safari,V,2023,Petrol,DCT,MPV,1998,21.4,Forest Green,2,52220,Good,Bengaluru,Karnataka,Dealer,9.1,8.56,7.67,0.75,3.9,63,6,0,Full,No,49,64,Under Inspection
CDK202601175,2026-07-03,Mahindra,Thar,Top MT,2026,Electric,Automatic,MUV,0,6.0,Ocean Blue,2,13970,Good,Kolkata,West Bengal,Dealer,19.35,18.91,16.9,1.78,3.2,79,18,11,Full,No,49,56,Sold
CDK202600567,2026-07-03,Renault,Kiger,Plus MT,2026,Diesel,Manual,SUV,1998,17.9,Forest Green,1,1500,Fair,Gurugram,Haryana,Dealer,8.9,8.94,7.89,0.63,3.9,93,36,4,Full,No,79,51,Available
CDK202401032,2026-07-04,Renault,Kwid,ZX,2024,Petrol,Automatic,Sedan,1197,14.8,Pearl White,1,64682,Very Good,Bengaluru,Karnataka,Dealer,11.54,11.98,10.37,1.28,4.1,49,6,29,Full,No,68,46,Sold
CDK202100591,2026-07-04,Hyundai,Verna,Plus AT,2021,Petrol,Manual,Hatchback,998,10.5,Titanium Bronze,1,88259,Excellent,Chennai,Tamil Nadu,Individual,7.18,6.88,6.03,0.65,4.1,55,6,7,Full,Minor,53,49,Available
CDK202500426,2026-07-04,Tata,Tigor,Plus,2025,Diesel,DCT,MPV,2494,15.2,Forest Green,2,33292,Very Good,Hyderabad,Telangana,Individual,8.5,8.79,7.71,0.94,4.4,82,3,4,Full,No,95,78,Available
CDK201701302,2026-07-04,Jeep,Wrangler,S MT,2017,CNG,Manual,SUV,1290,27.0,Sunset Orange,2,139600,Very Good,Mumbai,Maharashtra,Dealer,4.76,4.82,3.88,0.42,3.8,57,0,7,Partial,No,49,65,Sold
CDK202100317,2026-07-04,Tata,Safari,S,2021,Diesel,Automatic,Hatchback,1199,25.3,Sunset Orange,4,92222,Good,Visakhapatnam,Andhra Pradesh,Individual,5.78,5.55,5.04,0.2,3.1,77,3,24,Partial,Major,63,82,Under Inspection
CDK202400414,2026-07-04,Renault,Triber,SX AT,2024,Petrol,Manual,SUV,1497,13.3,Graphite Grey,5,68717,Good,Hyderabad,Telangana,Dealer,11.33,11.22,10.08,0.54,4.2,79,6,0,Full,No,54,93,Under Inspection
CDK202600653,2026-07-04,Mahindra,Scorpio Classic,Base,2026,Diesel,Manual,Sedan,3996,11.1,Titanium Bronze,2,36173,Excellent,Kolkata,West Bengal,Individual,15.94,15.4,13.85,1.33,4.5,89,0,24,Full,No,56,63,Under Inspection
CDK202001335,2026-07-04,Maruti Suzuki,Baleno,V AT,2020,Petrol,Manual,MPV,2198,21.7,Titanium Bronze,4,76234,Good,Mumbai,Maharashtra,Dealer,5.64,5.84,4.95,0.43,4.2,50,0,28,Partial,Minor,87,50,Sold
CDK201701098,2026-07-05,Tata,Tigor,Plus AT,2017,Diesel,Automatic,Sedan,1598,12.6,Forest Green,1,148756,Good,Kolkata,West Bengal,Individual,3.19,3.07,2.25,0.14,3.6,77,12,26,Partial,No,51,77,Available
CDK202501389,2026-07-05,Nissan,X-Trail,Base,2025,Petrol,Manual,Hatchback,1798,21.7,Royal Purple,3,51821,Very Good,Pune,Maharashtra,Dealer,7.38,7.21,5.98,0.52,3.7,57,12,33,Partial,No,54,60,Sold
CDK201700321,2026-07-05,Mahindra,XUV400,SX,2017,Diesel,Manual,Hatchback,2998,15.0,Graphite Grey,1,165201,Very Good,Kochi,Kerala,Certified Used Car Outlet,1.8,1.71,1.0,0.15,4.4,60,6,6,Full,No,61,61,Reserved
CDK201701410,2026-07-05,Kia,Carens,SX,2017,Petrol,Manual,MUV,998,17.9,Metallic Silver,1,143576,Good,Chennai,Tamil Nadu,Dealer,2.27,2.2,1.46,0.23,4.4,63,0,34,Unavailable,No,51,94,Sold
CDK202400174,2026-07-05,Volkswagen,Virtus,ZX,2024,Diesel,AMT,MPV,1290,25.3,Graphite Grey,1,49100,Very Good,Bengaluru,Karnataka,Dealer,15.61,15.88,15.1,0.58,3.7,57,36,6,Partial,No,85,75,Available
CDK201700755,2026-07-06,BMW,3 Series,Top,2017,Diesel,Automatic,SUV,1798,13.7,Fiery Red,1,127237,Very Good,Gurugram,Haryana,Dealer,18.9,17.78,16.22,0.83,4.1,80,24,29,Partial,No,77,82,Available
CDK202000673,2026-07-06,Mahindra,Scorpio Classic,Base AT,2020,Petrol,Manual,SUV,2494,23.3,Sunset Orange,2,123986,Good,Gurugram,Haryana,Individual,5.49,5.48,4.73,0.56,4.7,66,0,18,Full,No,48,76,Sold
CDK202400384,2026-07-07,Maruti Suzuki,Ciaz,Sport,2024,Diesel,Manual,Sedan,2494,19.0,Ocean Blue,3,55221,Very Good,Mumbai,Maharashtra,Dealer,7.07,7.28,6.76,0.38,4.5,38,18,0,Partial,No,79,74,Available
CDK201800231,2026-07-07,Maruti Suzuki,Ciaz,Premium AT,2018,Diesel,Manual,Sedan,1290,23.9,Ocean Blue,2,133546,Very Good,Ahmedabad,Gujarat,Dealer,1.8,1.87,1.23,0.1,4.0,78,3,30,Full,No,81,61,Sold
CDK202601488,2026-07-07,Honda,Elevate,Base AT,2026,CNG,Manual,Hatchback,1497,19.8,Sunset Orange,2,1500,Excellent,Kolkata,West Bengal,Individual,12.09,12.47,11.12,0.73,4.5,52,18,36,Full,No,76,86,Available
CDK202400419,2026-07-08,Mahindra,XUV 3XO,Base MT,2024,Petrol,Manual,Hatchback,1199,15.9,Graphite Grey,1,57513,Excellent,Hyderabad,Telangana,Individual,11.91,11.48,10.23,1.1,4.2,67,36,8,Full,No,69,54,Reserved
CDK202600488,2026-07-08,Toyota,Fortuner,Plus,2026,Petrol,DCT,Hatchback,1798,13.5,Fiery Red,2,27481,Good,Kolkata,West Bengal,Individual,12.28,12.75,10.9,1.14,3.3,74,24,28,Full,No,59,82,Available
CDK202000121,2026-07-08,Tata,Tiago,S MT,2020,Diesel,AMT,Hatchback,2198,21.4,Forest Green,2,105414,Very Good,Mumbai,Maharashtra,Dealer,3.15,3.1,2.4,0.15,3.4,62,3,33,Full,No,59,83,Available
CDK202600411,2026-07-08,Mahindra,XUV400,Premium,2026,Diesel,AMT,Hatchback,1199,14.3,Pearl White,3,50264,Very Good,Jaipur,Rajasthan,Individual,9.53,9.56,8.86,0.39,4.3,60,36,32,Unavailable,No,87,51,Available
CDK201801090,2026-07-08,Maruti Suzuki,Brezza,S MT,2018,Diesel,Manual,SUV,1798,19.6,Pearl White,1,114021,Excellent,Kochi,Kerala,Dealer,2.48,2.56,1.69,0.17,4.2,51,12,4,Full,No,68,53,Sold
CDK202600676,2026-07-08,Skoda,Kushaq,Sport,2026,Petrol,Automatic,Hatchback,3996,19.8,Royal Purple,1,20927,Very Good,Mumbai,Maharashtra,Individual,18.55,18.59,16.81,1.31,5.0,80,36,2,Full,No,79,95,Sold
CDK201900864,2026-07-08,Jeep,Compass,V,2019,Electric,Automatic,MUV,0,5.5,Sunset Orange,1,131768,Good,Vijayawada,Andhra Pradesh,Individual,13.48,13.77,12.26,0.76,2.6,69,0,1,Full,No,81,77,Available
CDK202500607,2026-07-08,Maruti Suzuki,Grand Vitara,SX MT,2025,Diesel,Manual,Coupe,2198,10.5,Royal Purple,1,38599,Fair,Kochi,Kerala,Certified Used Car Outlet,13.82,13.11,11.9,0.62,4.1,71,6,22,Full,Minor,62,96,Sold
CDK201800293,2026-07-08,Maruti Suzuki,Dzire,Plus AT,2018,Hybrid,Automatic,Hatchback,2998,27.1,Midnight Black,1,128458,Fair,Vijayawada,Andhra Pradesh,Individual,3.7,3.62,2.95,0.2,4.0,73,18,36,Partial,No,47,62,Reserved
CDK202500201,2026-07-08,Kia,EV6,Plus MT,2025,Diesel,Automatic,SUV,1199,12.2,Metallic Silver,3,64534,Very Good,Kolkata,West Bengal,Dealer,15.14,14.62,13.79,0.7,3.9,82,12,5,Full,No,48,92,Under Inspection
CDK202600819,2026-07-09,Kia,Carens,Base,2026,Electric,Automatic,SUV,0,4.0,Midnight Black,1,15255,Fair,Hyderabad,Telangana,Dealer,24.58,24.05,22.13,1.65,4.3,69,3,19,Full,Minor,95,49,Reserved
CDK201900543,2026-07-09,Honda,Elevate,Base,2019,Petrol,Automatic,Sedan,1998,26.4,Royal Purple,3,103517,Good,Mumbai,Maharashtra,Dealer,5.03,5.14,4.7,0.29,4.3,82,36,17,Partial,No,96,50,Available
CDK201901219,2026-07-09,Jeep,Compass,Top,2019,Petrol,CVT,Convertible,2494,10.6,Fiery Red,1,121583,Very Good,Kochi,Kerala,Certified Used Car Outlet,13.61,13.78,12.39,0.78,4.8,99,6,25,Unavailable,No,96,91,Under Inspection
CDK201900728,2026-07-09,Volkswagen,Tiguan,ZX,2019,Petrol,Automatic,SUV,2998,26.4,Forest Green,1,93143,Good,Kochi,Kerala,Dealer,4.95,4.91,4.12,0.24,3.8,69,18,29,Partial,No,49,51,Available
CDK201700302,2026-07-09,Nissan,Magnite,Premium AT,2017,Petrol,Automatic,SUV,1290,16.4,Metallic Silver,1,158146,Good,Delhi,Delhi,Individual,1.81,1.72,1.27,0.14,3.9,64,6,35,Full,No,78,74,Sold
CDK202000897,2026-07-09,Toyota,Fortuner,SX,2020,Petrol,Manual,MUV,1497,10.0,Metallic Silver,1,84420,Good,Mumbai,Maharashtra,Individual,9.43,8.89,8.08,0.54,4.7,51,24,27,Full,No,82,79,Available
CDK202401373,2026-07-10,BYD,Seal,Premium,2024,Electric,Automatic,MPV,0,3.8,Ocean Blue,2,45851,Excellent,Delhi,Delhi,Certified Used Car Outlet,18.85,18.99,16.98,1.71,4.3,88,0,8,Full,Minor,68,76,Sold
CDK202500721,2026-07-10,Hyundai,Exter,V MT,2025,CNG,Automatic,MPV,1199,10.6,Graphite Grey,3,35864,Good,Coimbatore,Tamil Nadu,Dealer,12.79,12.11,10.72,1.06,3.8,68,0,6,Partial,Minor,62,89,Sold
CDK201700792,2026-07-11,Tata,Safari,V MT,2017,Electric,Automatic,MUV,0,5.9,Titanium Bronze,3,148813,Good,Chennai,Tamil Nadu,Dealer,3.69,3.73,2.81,0.33,3.3,62,36,18,Partial,No,94,96,Available
CDK202500582,2026-07-11,Hyundai,Grand i10 Nios,SX MT,2025,Petrol,DCT,SUV,2998,11.0,Graphite Grey,3,14653,Good,Mumbai,Maharashtra,Certified Used Car Outlet,9.11,9.37,8.33,0.39,3.3,66,12,20,Partial,Minor,51,88,Available
CDK202600677,2026-07-11,Kia,Sonet,Top MT,2026,CNG,Automatic,MUV,1798,23.0,Midnight Black,1,21320,Very Good,Mumbai,Maharashtra,Individual,27.38,26.4,24.24,1.83,4.1,63,0,8,Partial,No,93,89,Sold
CDK202500919,2026-07-11,Mahindra,Scorpio Classic,S MT,2025,Electric,Automatic,Hatchback,0,4.3,Fiery Red,1,55083,Good,Kolkata,West Bengal,Individual,10.83,10.91,9.52,0.65,3.2,77,6,21,Partial,Minor,69,99,Sold
CDK202300342,2026-07-11,Maruti Suzuki,Fronx,V AT,2023,CNG,Manual,Hatchback,1798,13.2,Midnight Black,1,71245,Good,Jaipur,Rajasthan,Dealer,6.33,6.45,5.26,0.7,3.7,65,3,10,Unavailable,No,92,59,Sold
CDK201801283,2026-07-11,Maruti Suzuki,Baleno,Sport AT,2018,Diesel,Manual,SUV,1290,14.6,Midnight Black,1,153208,Excellent,Visakhapatnam,Andhra Pradesh,Dealer,5.16,4.96,4.04,0.49,4.1,62,18,21,Partial,No,52,76,Reserved
CDK201800972,2026-07-12,Mahindra,XUV400,Plus AT,2018,Petrol,Manual,MPV,1598,25.2,Sunset Orange,1,104833,Good,Hyderabad,Telangana,Dealer,3.44,3.32,2.88,0.19,4.3,80,18,34,Unavailable,Minor,92,78,Sold
CDK202000381,2026-07-12,Tata,Altroz,V MT,2020,Petrol,Manual,Hatchback,1497,16.5,Fiery Red,1,133790,Good,Delhi,Delhi,Dealer,4.12,3.94,3.27,0.29,4.0,63,36,12,Unavailable,No,53,95,Available
CDK201701316,2026-07-12,Tata,Altroz,Top MT,2017,Electric,Automatic,SUV,0,6.1,Graphite Grey,2,140736,Good,Bengaluru,Karnataka,Dealer,2.07,2.12,1.68,0.19,4.2,85,24,2,Partial,No,63,74,Sold
CDK202400933,2026-07-12,Tata,Curvv,Base MT,2024,Petrol,Automatic,Sedan,2998,26.4,Ocean Blue,1,37730,Very Good,Gurugram,Haryana,Dealer,10.95,10.69,9.14,0.91,5.0,82,24,29,Full,No,89,62,Available
CDK202401170,2026-07-13,Tata,Curvv,V AT,2024,Diesel,AMT,SUV,2198,23.2,Fiery Red,1,67547,Good,Pune,Maharashtra,Individual,14.13,13.3,11.95,0.63,4.8,59,18,26,Full,No,78,59,Sold
CDK202200541,2026-07-13,MG,Comet EV,Top AT,2022,Petrol,Automatic,Sedan,1290,27.6,Royal Purple,1,42208,Good,Noida,Uttar Pradesh,Dealer,5.74,5.72,4.96,0.36,2.9,99,3,9,Partial,No,76,98,Sold
CDK202400280,2026-07-13,Tata,Nexon,Top MT,2024,Petrol,Automatic,Sedan,1199,24.1,Sunset Orange,2,64038,Good,Mumbai,Maharashtra,Dealer,9.43,9.64,8.35,0.67,4.5,63,12,19,Partial,No,81,72,Sold
CDK202501054,2026-07-13,Volkswagen,Taigun,SX MT,2025,Petrol,Automatic,SUV,998,23.8,Fiery Red,1,21878,Good,Ahmedabad,Gujarat,Dealer,17.01,16.31,15.19,0.84,4.8,72,3,30,Partial,No,63,63,Available
CDK201700042,2026-07-14,Hyundai,Venue,ZX AT,2017,Hybrid,Manual,Hatchback,1290,22.3,Graphite Grey,1,143976,Good,Vijayawada,Andhra Pradesh,Dealer,1.8,1.75,1.34,0.13,3.7,79,6,31,Unavailable,No,98,85,Available
CDK202000226,2026-07-14,Tata,Tigor,Top,2020,Diesel,Manual,SUV,1998,25.7,Metallic Silver,1,112180,Very Good,Pune,Maharashtra,Dealer,6.54,6.45,5.18,0.66,5.0,42,0,0,Full,No,78,89,Available
CDK202200247,2026-07-14,Hyundai,Tucson,Top MT,2022,Electric,Automatic,MUV,0,5.6,Midnight Black,1,74405,Very Good,Kolkata,West Bengal,Individual,7.22,6.89,5.73,0.56,3.9,66,0,0,Partial,No,75,58,Sold
CDK201901402,2026-07-14,Toyota,Urban Cruiser Hyryder,ZX,2019,Diesel,Manual,Sedan,2198,15.1,Forest Green,4,108457,Very Good,Jaipur,Rajasthan,Individual,3.96,3.96,3.5,0.21,4.4,34,0,3,Unavailable,No,48,94,Available
CDK202500270,2026-07-14,Maruti Suzuki,Ciaz,Top MT,2025,Petrol,Automatic,MPV,998,27.4,Pearl White,1,37942,Very Good,Visakhapatnam,Andhra Pradesh,Certified Used Car Outlet,12.61,11.86,10.95,0.47,3.4,99,3,32,Full,Minor,84,71,Available
CDK202500484,2026-07-14,Hyundai,Alcazar,S MT,2025,Diesel,Manual,Convertible,1998,19.1,Fiery Red,2,33458,Very Good,Kolkata,West Bengal,Dealer,21.99,22.32,20.31,1.64,4.5,89,0,25,Partial,No,57,44,Sold
CDK201900631,2026-07-14,BYD,Seal,Sport,2019,Petrol,Manual,SUV,1598,17.9,Royal Purple,3,114911,Good,Mumbai,Maharashtra,Dealer,5.91,5.97,4.67,0.55,3.9,56,36,3,Partial,No,63,53,Available
CDK202400344,2026-07-14,Toyota,Innova Crysta,S,2024,Petrol,Automatic,Sedan,998,23.5,Graphite Grey,1,23726,Very Good,Coimbatore,Tamil Nadu,Certified Used Car Outlet,10.26,9.84,8.56,1.01,3.8,91,6,32,Full,No,68,56,Available
CDK201800760,2026-07-15,Mahindra,XUV400,Sport MT,2018,CNG,DCT,Sedan,1998,25.5,Midnight Black,2,128809,Very Good,Mumbai,Maharashtra,Dealer,3.53,3.56,2.82,0.36,3.7,94,12,7,Full,No,94,91,Sold
CDK202400383,2026-07-15,Hyundai,Grand i10 Nios,SX AT,2024,Diesel,Automatic,MUV,998,19.9,Metallic Silver,1,22737,Excellent,Jaipur,Rajasthan,Dealer,16.41,15.96,14.36,0.92,4.7,80,6,20,Full,No,77,49,Available
CDK202000837,2026-07-15,Maruti Suzuki,Brezza,SX,2020,Petrol,AMT,Hatchback,1798,15.1,Fiery Red,1,106579,Very Good,Chennai,Tamil Nadu,Certified Used Car Outlet,5.65,5.84,4.78,0.61,3.2,52,12,4,Partial,No,59,57,Sold
CDK201800112,2026-07-15,Maruti Suzuki,Ciaz,S MT,2018,Petrol,AMT,Hatchback,1290,10.0,Midnight Black,1,143257,Very Good,Mumbai,Maharashtra,Certified Used Car Outlet,3.01,3.11,2.47,0.13,3.1,99,24,3,Unavailable,No,91,77,Sold
CDK202500706,2026-07-16,Toyota,Glanza,S MT,2025,Petrol,AMT,SUV,1497,10.8,Forest Green,1,20683,Good,Vijayawada,Andhra Pradesh,Dealer,22.57,21.86,20.0,1.19,3.7,33,3,19,Full,No,75,81,Available
CDK202100633,2026-07-16,Maruti Suzuki,Ciaz,Sport MT,2021,Petrol,DCT,MUV,1998,17.3,Titanium Bronze,1,86220,Fair,Gurugram,Haryana,Dealer,5.51,5.43,4.74,0.32,3.7,85,6,10,Unavailable,No,79,64,Available
CDK202100250,2026-07-16,Volkswagen,Virtus,Plus AT,2021,CNG,AMT,MUV,1197,14.0,Pearl White,2,83953,Good,Kochi,Kerala,Certified Used Car Outlet,15.76,16.32,14.21,1.63,4.7,71,18,9,Full,No,67,81,Sold
CDK202100844,2026-07-16,Audi,A6,Top AT,2021,Petrol,DCT,Sedan,2198,12.6,Graphite Grey,2,105838,Good,Mumbai,Maharashtra,Individual,16.2,15.42,14.15,1.12,4.3,75,6,17,Unavailable,No,72,60,Sold
CDK202201008,2026-07-16,Mahindra,Scorpio Classic,V AT,2022,Diesel,Manual,Hatchback,1798,14.4,Titanium Bronze,2,85809,Good,Bengaluru,Karnataka,Dealer,6.93,6.73,6.04,0.4,4.8,78,24,17,Partial,No,89,88,Available
CDK202600185,2026-07-16,Maruti Suzuki,Swift,Premium AT,2026,Petrol,AMT,Sedan,998,11.5,Midnight Black,2,6190,Fair,Kolkata,West Bengal,Individual,12.78,13.12,11.92,0.77,4.1,74,36,35,Full,No,98,51,Sold
CDK202601131,2026-07-17,Nissan,Magnite,Base,2026,Diesel,Automatic,MPV,1497,18.6,Royal Purple,2,10071,Good,Ahmedabad,Gujarat,Dealer,7.84,7.91,6.9,0.65,4.4,89,18,31,Full,Minor,89,93,Sold
CDK201801364,2026-07-17,Maruti Suzuki,Ertiga,SX MT,2018,Petrol,Manual,MUV,1798,14.8,Midnight Black,2,124415,Excellent,Kochi,Kerala,Individual,6.11,5.93,4.94,0.25,3.8,82,18,8,Full,No,87,84,Available
CDK202501050,2026-07-17,Mahindra,XUV700,SX MT,2025,CNG,Manual,Sedan,1290,23.3,Midnight Black,1,51085,Good,Bengaluru,Karnataka,Individual,14.21,14.38,13.27,0.86,4.9,71,12,31,Full,No,90,66,Available
CDK202000625,2026-07-18,Kia,Seltos,Base,2020,Petrol,CVT,Hatchback,2998,13.9,Graphite Grey,1,121153,Excellent,Delhi,Delhi,Certified Used Car Outlet,5.15,5.09,4.04,0.35,3.1,76,3,1,Partial,No,58,78,Sold
CDK201900157,2026-07-18,Hyundai,Grand i10 Nios,ZX,2019,Petrol,Manual,SUV,998,27.1,Royal Purple,2,101909,Good,Vijayawada,Andhra Pradesh,Dealer,9.13,8.94,7.6,0.85,3.1,73,18,24,Partial,Minor,60,92,Sold
CDK202401069,2026-07-18,Hyundai,Verna,ZX MT,2024,Diesel,Manual,Sedan,1798,10.4,Titanium Bronze,1,20267,Excellent,Delhi,Delhi,Dealer,9.14,8.73,7.74,0.85,4.6,71,24,16,Partial,No,74,68,Available
CDK202000306,2026-07-18,Toyota,Glanza,Plus AT,2020,Hybrid,Manual,Coupe,1998,21.1,Pearl White,2,78266,Fair,Noida,Uttar Pradesh,Certified Used Car Outlet,8.45,8.7,7.37,0.94,3.8,67,24,30,Partial,Minor,49,51,Sold
CDK201901053,2026-07-18,Kia,EV6,S MT,2019,Petrol,Manual,Hatchback,2998,22.7,Midnight Black,1,106876,Very Good,Coimbatore,Tamil Nadu,Certified Used Car Outlet,2.79,2.8,2.36,0.26,4.3,72,6,34,Full,No,88,80,Sold
CDK201700008,2026-07-18,Kia,Sonet,Plus MT,2017,Diesel,Manual,MUV,2494,11.7,Midnight Black,1,123184,Very Good,Pune,Maharashtra,Dealer,2.39,2.29,1.49,0.18,3.8,69,12,5,Full,No,60,47,Available
CDK202101181,2026-07-18,BMW,5 Series,ZX,2021,Petrol,AMT,MPV,1598,25.9,Fiery Red,2,111032,Very Good,Kochi,Kerala,Dealer,31.2,30.95,29.23,1.56,5.0,56,3,7,Partial,No,84,67,Reserved
CDK201900832,2026-07-18,Hyundai,Alcazar,Top AT,2019,Diesel,Automatic,Hatchback,1798,20.4,Royal Purple,4,126815,Good,Kochi,Kerala,Dealer,2.87,2.77,2.26,0.22,4.2,58,24,17,Full,No,87,70,Available
CDK202300924,2026-07-19,Renault,Kwid,Sport,2023,Hybrid,Automatic,Sedan,2494,11.4,Royal Purple,2,54449,Good,Vijayawada,Andhra Pradesh,Certified Used Car Outlet,10.24,10.51,9.14,1.03,2.9,71,18,32,Partial,No,68,43,Sold
CDK202400863,2026-07-19,Kia,Carens,Plus,2024,Petrol,Automatic,Hatchback,1497,10.9,Metallic Silver,3,31990,Good,Vijayawada,Andhra Pradesh,Dealer,6.63,6.56,5.27,0.64,3.5,59,6,17,Partial,No,75,44,Under Inspection
CDK202300855,2026-07-19,Renault,Triber,Base,2023,Hybrid,DCT,Coupe,998,12.2,Royal Purple,1,69008,Very Good,Vijayawada,Andhra Pradesh,Dealer,12.68,12.94,11.24,1.09,4.5,62,24,16,Unavailable,No,97,58,Sold
CDK201901462,2026-07-19,Honda,City,V AT,2019,Petrol,Automatic,SUV,1199,19.9,Royal Purple,5,108413,Good,Kochi,Kerala,Dealer,6.09,5.88,4.83,0.58,4.4,55,36,31,Full,No,87,95,Sold
CDK202400637,2026-07-19,Honda,Amaze,SX,2024,Electric,Automatic,Sedan,0,6.4,Metallic Silver,1,54745,Excellent,Mumbai,Maharashtra,Dealer,8.6,8.68,7.12,0.95,3.0,45,24,18,Partial,Minor,87,68,Available
CDK201700032,2026-07-19,Maruti Suzuki,Dzire,Base AT,2017,Diesel,CVT,Hatchback,1199,10.1,Forest Green,5,159201,Excellent,Visakhapatnam,Andhra Pradesh,Dealer,2.44,2.45,1.78,0.14,3.0,67,0,22,Full,Minor,90,55,Available
CDK202301182,2026-07-19,Nissan,Magnite,S,2023,Diesel,Automatic,SUV,1998,14.0,Ocean Blue,1,48955,Good,Kochi,Kerala,Certified Used Car Outlet,14.11,14.28,12.12,1.43,3.3,53,3,19,Full,No,89,92,Available
CDK202401331,2026-07-19,Mahindra,Thar,S,2024,Petrol,Manual,Coupe,3996,27.2,Royal Purple,1,28845,Very Good,Kolkata,West Bengal,Individual,28.65,29.59,26.3,2.83,4.2,85,18,36,Full,No,67,75,Sold
CDK201801144,2026-07-20,Mahindra,Scorpio Classic,Premium MT,2018,Electric,Automatic,SUV,0,4.0,Graphite Grey,1,151592,Very Good,Delhi,Delhi,Individual,9.18,9.35,8.14,1.02,4.0,90,36,0,Full,No,58,90,Sold
CDK202501179,2026-07-20,BMW,5 Series,V MT,2025,Electric,Automatic,SUV,0,5.2,Metallic Silver,1,31383,Fair,Pune,Maharashtra,Individual,71.29,69.65,63.56,5.67,4.2,67,3,5,Full,No,92,83,Available
CDK202601043,2026-07-20,Maruti Suzuki,Fronx,ZX MT,2026,Hybrid,AMT,Hatchback,998,25.3,Pearl White,1,35318,Good,Delhi,Delhi,Individual,10.12,9.67,8.53,0.49,4.1,84,6,17,Full,Minor,60,88,Available
CDK202000562,2026-07-21,Maruti Suzuki,Dzire,Sport MT,2020,Petrol,Manual,Coupe,1998,13.5,Metallic Silver,4,102568,Fair,Bengaluru,Karnataka,Certified Used Car Outlet,10.99,10.56,9.61,0.45,4.4,58,18,35,Partial,Minor,58,98,Available
CDK201701042,2026-07-21,Mahindra,XUV400,Base MT,2017,Petrol,Manual,Hatchback,1290,24.4,Metallic Silver,4,175789,Good,Noida,Uttar Pradesh,Individual,2.61,2.7,1.78,0.18,4.7,87,3,7,Partial,No,61,91,Available
CDK202200789,2026-07-21,Skoda,Kushaq,SX MT,2022,Petrol,Automatic,Convertible,1798,12.4,Forest Green,2,57142,Fair,Bengaluru,Karnataka,Certified Used Car Outlet,11.08,11.02,9.2,1.07,4.1,80,18,20,Partial,No,51,51,Sold
CDK202301148,2026-07-21,Mahindra,XUV400,Premium AT,2023,Diesel,Manual,Sedan,1598,14.6,Forest Green,1,60857,Good,Kolkata,West Bengal,Certified Used Car Outlet,9.36,9.49,8.36,0.4,3.4,64,0,24,Partial,No,82,61,Available
CDK201700510,2026-07-21,Maruti Suzuki,Swift,Premium,2017,Petrol,Manual,SUV,1798,27.3,Metallic Silver,4,129505,Very Good,Bengaluru,Karnataka,Certified Used Car Outlet,3.85,3.66,3.28,0.15,3.6,95,12,30,Full,No,97,89,Sold
CDK202600447,2026-07-21,Renault,Kiger,ZX,2026,CNG,AMT,MPV,1197,13.7,Royal Purple,2,1500,Good,Jaipur,Rajasthan,Dealer,11.66,11.14,9.9,0.75,4.2,22,18,11,Unavailable,Minor,89,44,Sold
CDK201800200,2026-07-22,Jeep,Compass,V MT,2018,Petrol,Automatic,MUV,1290,16.6,Graphite Grey,1,112841,Good,Ahmedabad,Gujarat,Dealer,4.55,4.35,3.73,0.17,3.8,71,0,21,Partial,No,45,47,Sold
CDK202500172,2026-07-22,Kia,Seltos,Base MT,2025,Petrol,Manual,Hatchback,2494,15.4,Sunset Orange,1,32493,Fair,Jaipur,Rajasthan,Certified Used Car Outlet,5.6,5.54,4.58,0.42,4.3,66,3,12,Full,No,61,42,Available
CDK202600083,2026-07-22,Tata,Safari,Plus AT,2026,Petrol,Manual,Sedan,1497,10.5,Sunset Orange,2,35380,Fair,Delhi,Delhi,Dealer,8.59,8.74,7.33,0.81,4.4,85,0,34,Full,Major,69,86,Sold
CDK201901046,2026-07-22,Maruti Suzuki,Brezza,Sport AT,2019,Diesel,Automatic,Hatchback,1798,20.7,Graphite Grey,1,124737,Good,Kochi,Kerala,Certified Used Car Outlet,1.8,1.85,1.05,0.16,4.2,62,36,15,Full,No,85,69,Available
CDK202201286,2026-07-22,Nissan,Magnite,Plus MT,2022,Petrol,AMT,MUV,1290,17.2,Fiery Red,1,68899,Very Good,Jaipur,Rajasthan,Dealer,5.06,4.78,3.83,0.39,2.8,88,3,23,Partial,Minor,73,96,Sold
CDK202600012,2026-07-23,Maruti Suzuki,Swift,S,2026,Petrol,DCT,MPV,1798,10.9,Forest Green,1,33766,Fair,Delhi,Delhi,Dealer,15.9,15.97,13.82,1.49,2.6,65,18,23,Full,No,68,68,Sold
CDK202200950,2026-07-23,Hyundai,Grand i10 Nios,Sport MT,2022,Petrol,Manual,SUV,1197,14.8,Royal Purple,1,46367,Good,Kolkata,West Bengal,Certified Used Car Outlet,12.1,12.31,10.83,1.27,2.6,35,0,2,Full,Major,51,94,Available
CDK201700123,2026-07-23,Maruti Suzuki,Swift,SX,2017,Diesel,Manual,Hatchback,1998,13.4,Pearl White,2,166584,Good,Visakhapatnam,Andhra Pradesh,Dealer,1.88,1.78,1.0,0.18,4.1,46,24,6,Full,No,95,83,Reserved
CDK202500835,2026-07-23,Hyundai,Alcazar,Top MT,2025,Petrol,Manual,SUV,1199,21.1,Midnight Black,2,28164,Good,Noida,Uttar Pradesh,Individual,15.66,15.12,13.22,1.39,3.6,97,12,5,Unavailable,No,88,55,Sold
CDK201900124,2026-07-24,Maruti Suzuki,Fronx,Sport AT,2019,Petrol,Automatic,SUV,1199,22.6,Titanium Bronze,1,127690,Excellent,Pune,Maharashtra,Dealer,2.49,2.57,2.18,0.27,3.7,60,36,3,Full,No,97,87,Available
CDK202101272,2026-07-24,Mahindra,Scorpio Classic,Top AT,2021,CNG,Automatic,SUV,1290,23.2,Pearl White,1,72804,Very Good,Coimbatore,Tamil Nadu,Dealer,7.34,7.21,5.92,0.61,4.1,92,0,6,Unavailable,Minor,46,76,Available
CDK202300260,2026-07-24,Toyota,Fortuner,S,2023,Electric,Automatic,SUV,0,5.5,Pearl White,1,57856,Very Good,Coimbatore,Tamil Nadu,Individual,11.67,11.01,9.93,0.61,4.7,80,18,17,Unavailable,No,50,94,Available
CDK202000204,2026-07-24,Maruti Suzuki,Ciaz,S AT,2020,Electric,Automatic,SUV,0,6.5,Royal Purple,4,102036,Good,Visakhapatnam,Andhra Pradesh,Certified Used Car Outlet,10.08,10.06,8.85,0.9,2.8,69,36,7,Full,Minor,77,73,Sold
CDK202601110,2026-07-25,Kia,Seltos,S AT,2026,CNG,DCT,Hatchback,1290,20.4,Sunset Orange,2,1500,Very Good,Mumbai,Maharashtra,Dealer,13.06,12.44,10.93,0.82,4.7,81,36,0,Full,Minor,77,48,Sold
CDK202601267,2026-07-25,Tata,Tiago,Base,2026,Petrol,Manual,SUV,1197,13.5,Royal Purple,2,1500,Fair,Visakhapatnam,Andhra Pradesh,Dealer,17.69,17.14,15.89,0.9,5.0,40,18,20,Unavailable,Minor,64,41,Sold
CDK202400396,2026-07-25,Hyundai,Exter,Top,2024,Petrol,Manual,Sedan,1497,14.2,Ocean Blue,1,59084,Excellent,Delhi,Delhi,Individual,10.88,11.09,9.57,1.2,3.9,77,12,13,Unavailable,Minor,50,97,Sold
CDK202600178,2026-07-25,Hyundai,Tucson,V,2026,Petrol,Manual,SUV,2198,27.6,Sunset Orange,1,1513,Very Good,Ahmedabad,Gujarat,Dealer,20.64,20.74,18.74,1.81,3.6,98,12,11,Partial,No,88,59,Sold
CDK201701363,2026-07-26,Maruti Suzuki,Swift,S MT,2017,Petrol,CVT,MPV,2998,11.4,Midnight Black,3,160274,Excellent,Visakhapatnam,Andhra Pradesh,Individual,2.83,2.83,2.47,0.16,4.7,87,12,23,Full,No,85,88,Available
CDK202201457,2026-07-26,Tata,Nexon,Base AT,2022,Petrol,Manual,Hatchback,1197,18.5,Fiery Red,1,61801,Good,Hyderabad,Telangana,Individual,4.7,4.71,3.64,0.32,4.7,51,3,36,Partial,No,85,94,Sold
CDK202201152,2026-07-26,Tata,Punch,Plus AT,2022,Diesel,Automatic,SUV,1998,26.9,Ocean Blue,2,55339,Excellent,Kolkata,West Bengal,Individual,14.11,13.35,12.03,1.05,4.0,99,18,36,Full,No,62,75,Sold
CDK202300743,2026-07-26,Maruti Suzuki,Ciaz,Base MT,2023,CNG,Manual,Sedan,1998,19.6,Midnight Black,2,56437,Good,Noida,Uttar Pradesh,Dealer,3.59,3.72,2.93,0.34,3.7,74,36,28,Unavailable,No,82,80,Sold
CDK202600961,2026-07-27,Tata,Safari,S MT,2026,CNG,Manual,MPV,1199,12.3,Ocean Blue,1,40428,Very Good,Gurugram,Haryana,Individual,9.37,8.94,7.96,0.86,4.6,85,0,27,Full,No,58,50,Available
CDK202000701,2026-07-27,Renault,Triber,ZX,2020,Diesel,Manual,Hatchback,3996,14.2,Forest Green,1,103278,Very Good,Visakhapatnam,Andhra Pradesh,Dealer,3.99,3.95,3.47,0.2,4.2,77,12,20,Full,No,47,61,Under Inspection
CDK202300390,2026-07-27,Jeep,Compass,Base,2023,Electric,Automatic,Coupe,0,5.7,Titanium Bronze,1,31880,Good,Bengaluru,Karnataka,Dealer,19.76,20.29,18.31,1.72,4.7,77,6,34,Partial,No,50,57,Sold
CDK202000553,2026-07-27,Tata,Altroz,Sport AT,2020,Electric,Automatic,SUV,0,4.7,Graphite Grey,3,94029,Good,Mumbai,Maharashtra,Dealer,4.81,4.8,3.58,0.51,3.7,66,3,36,Full,No,81,42,Sold
CDK202401048,2026-07-27,Maruti Suzuki,Swift,Plus,2024,Diesel,Automatic,MPV,1598,16.9,Titanium Bronze,3,65008,Good,Kolkata,West Bengal,Certified Used Car Outlet,12.01,11.69,10.17,1.28,3.6,66,24,14,Full,No,85,82,Sold
CDK202400198,2026-07-27,Hyundai,Verna,Plus AT,2024,Electric,Automatic,MPV,0,3.6,Forest Green,2,40164,Excellent,Vijayawada,Andhra Pradesh,Dealer,14.97,14.72,13.34,1.13,4.2,55,0,6,Full,No,61,59,Reserved
CDK202401490,2026-07-27,Nissan,Magnite,S,2024,Petrol,Manual,MUV,1497,25.6,Titanium Bronze,2,69311,Very Good,Noida,Uttar Pradesh,Certified Used Car Outlet,12.09,11.62,10.52,0.51,4.7,99,12,4,Full,No,66,84,Sold
CDK202501093,2026-07-27,Honda,Amaze,Top,2025,Petrol,DCT,SUV,1197,13.8,Titanium Bronze,1,25065,Fair,Jaipur,Rajasthan,Individual,11.3,10.91,9.68,1.01,2.9,66,3,22,Full,No,77,87,Sold
CDK202600413,2026-07-27,Volkswagen,Tiguan,Premium AT,2026,Diesel,AMT,SUV,998,11.7,Metallic Silver,2,6590,Good,Kolkata,West Bengal,Certified Used Car Outlet,24.07,24.62,21.7,2.47,3.6,83,36,3,Full,No,86,40,Reserved
CDK202500144,2026-07-28,Volkswagen,Tiguan,Premium,2025,CNG,CVT,Coupe,1798,25.3,Royal Purple,2,44356,Fair,Visakhapatnam,Andhra Pradesh,Certified Used Car Outlet,20.15,20.65,18.98,1.39,4.9,68,24,20,Unavailable,No,95,79,Sold
CDK201700398,2026-07-28,Maruti Suzuki,Baleno,SX,2017,Electric,Automatic,Hatchback,0,4.5,Fiery Red,2,149841,Good,Pune,Maharashtra,Dealer,3.6,3.61,3.13,0.27,4.4,72,18,2,Full,No,46,72,Available
CDK202000462,2026-07-28,Kia,Carens,Sport AT,2020,Petrol,Manual,Hatchback,1199,21.4,Royal Purple,1,96755,Very Good,Kolkata,West Bengal,Dealer,7.03,7.31,5.98,0.72,3.5,86,6,6,Partial,No,71,55,Sold
CDK202000885,2026-07-28,Mahindra,XUV 3XO,V,2020,Petrol,DCT,MPV,1199,16.1,Metallic Silver,4,78013,Excellent,Pune,Maharashtra,Individual,7.71,7.74,6.38,0.66,4.4,42,36,11,Full,No,88,66,Sold
CDK202400365,2026-07-28,Mahindra,Scorpio-N,V MT,2024,Diesel,Manual,Hatchback,1798,19.3,Ocean Blue,2,32898,Good,Noida,Uttar Pradesh,Certified Used Car Outlet,6.65,6.61,5.84,0.49,4.4,82,6,3,Full,No,73,42,Available
CDK201701313,2026-07-28,Honda,Elevate,ZX,2017,Electric,Automatic,MPV,0,3.5,Forest Green,1,137638,Good,Ahmedabad,Gujarat,Dealer,4.04,4.09,3.46,0.23,4.1,73,18,15,Partial,No,90,82,Available
CDK202201449,2026-07-29,Tata,Tigor,ZX AT,2022,Diesel,Manual,Coupe,1197,13.2,Metallic Silver,2,66964,Good,Kochi,Kerala,Dealer,13.74,13.46,11.72,1.1,3.7,52,24,29,Full,No,61,58,Available
CDK202100474,2026-07-29,Kia,Carens,SX MT,2021,Petrol,Manual,Hatchback,2998,10.4,Ocean Blue,3,106605,Excellent,Vijayawada,Andhra Pradesh,Dealer,5.13,5.06,4.27,0.35,3.8,65,24,1,Partial,No,52,95,Sold
CDK202300472,2026-07-29,Hyundai,Exter,ZX MT,2023,Electric,Automatic,SUV,0,5.9,Pearl White,3,64550,Good,Jaipur,Rajasthan,Certified Used Car Outlet,11.69,11.16,9.67,1.06,3.7,60,18,18,Unavailable,No,63,63,Available
CDK202300517,2026-07-30,Mahindra,Thar,Premium AT,2023,Petrol,Manual,Sedan,1199,27.5,Titanium Bronze,1,54994,Very Good,Bengaluru,Karnataka,Certified Used Car Outlet,10.22,10.13,9.5,0.38,3.6,65,12,31,Full,No,79,53,Sold
CDK202001411,2026-07-30,Jeep,Meridian,S,2020,Petrol,Manual,Hatchback,1290,24.9,Metallic Silver,1,94553,Good,Mumbai,Maharashtra,Individual,4.7,4.57,4.08,0.2,4.5,28,3,14,Partial,No,57,85,Sold
CDK202400923,2026-07-30,Mahindra,XUV 3XO,Plus AT,2024,Diesel,Manual,SUV,2998,18.7,Forest Green,3,57941,Good,Pune,Maharashtra,Dealer,11.23,10.87,10.36,0.38,4.2,93,6,20,Partial,Major,70,69,Sold
CDK202400949,2026-07-30,Mahindra,Scorpio-N,SX,2024,CNG,DCT,Sedan,1199,24.8,Forest Green,5,36145,Good,Kolkata,West Bengal,Dealer,13.56,13.88,11.99,1.45,3.8,72,12,15,Full,No,75,93,Available
CDK201900697,2026-07-30,Maruti Suzuki,Fronx,SX MT,2019,Electric,Automatic,Hatchback,0,4.8,Titanium Bronze,1,137136,Fair,Bengaluru,Karnataka,Individual,2.26,2.33,1.39,0.23,4.7,81,18,26,Partial,No,75,81,Sold
CDK202601322,2026-07-31,Honda,Amaze,Base,2026,Diesel,Manual,Hatchback,2198,21.3,Metallic Silver,2,55199,Good,Delhi,Delhi,Dealer,10.95,10.41,9.17,0.75,5.0,53,24,19,Partial,Minor,83,48,Available
CDK202600550,2026-07-31,Kia,EV6,Base,2026,Petrol,Manual,SUV,1290,25.8,Ocean Blue,2,21481,Very Good,Bengaluru,Karnataka,Individual,17.9,17.58,15.34,1.9,4.5,86,6,29,Full,No,70,66,Under Inspection
CDK201800346,2026-07-31,MG,Hector,Premium AT,2018,Petrol,Manual,SUV,1290,24.1,Royal Purple,1,155324,Very Good,Vijayawada,Andhra Pradesh,Individual,4.41,4.29,3.3,0.46,4.0,30,6,15,Full,No,58,68,Sold
CDK202301392,2026-07-31,Honda,Amaze,ZX AT,2023,Electric,Automatic,MUV,0,3.7,Titanium Bronze,2,46328,Good,Pune,Maharashtra,Dealer,9.63,9.79,8.69,0.99,4.2,49,3,20,Full,No,81,96,Available
CDK201700576,2026-07-31,Mahindra,Bolero,Sport MT,2017,CNG,Manual,Hatchback,1290,11.5,Ocean Blue,3,158378,Good,Chennai,Tamil Nadu,Dealer,2.45,2.55,1.72,0.16,3.7,52,24,32,Partial,Minor,47,98,Sold
CDK202401344,2026-08-01,Toyota,Fortuner,Base AT,2024,Electric,Automatic,Hatchback,0,4.2,Ocean Blue,1,70316,Good,Kochi,Kerala,Individual,12.26,12.73,10.94,1.37,4.0,90,36,21,Unavailable,Minor,48,96,Sold
CDK202100315,2026-08-01,Hyundai,Tucson,Top MT,2021,Diesel,Manual,Sedan,1598,15.8,Forest Green,1,80968,Very Good,Hyderabad,Telangana,Dealer,6.86,6.59,5.47,0.64,3.9,30,12,11,Unavailable,No,97,85,Sold
CDK202201409,2026-08-01,Kia,Seltos,Plus MT,2022,CNG,Manual,SUV,2998,20.7,Graphite Grey,2,95144,Good,Kolkata,West Bengal,Dealer,14.25,13.93,12.47,1.04,3.4,73,0,7,Partial,No,67,63,Sold
CDK202300811,2026-08-01,Toyota,Fortuner,Sport,2023,Electric,Automatic,SUV,0,5.2,Ocean Blue,2,52157,Excellent,Noida,Uttar Pradesh,Dealer,27.35,25.88,24.12,1.43,4.0,74,0,6,Partial,No,60,44,Available
CDK201801393,2026-08-01,Mahindra,XUV400,V AT,2018,Electric,Automatic,SUV,0,3.9,Graphite Grey,1,98892,Excellent,Noida,Uttar Pradesh,Certified Used Car Outlet,11.28,11.33,10.01,0.66,4.5,86,36,15,Full,No,94,88,Available
CDK201801125,2026-08-01,Toyota,Camry,S,2018,Hybrid,AMT,Coupe,1290,22.8,Pearl White,2,92103,Very Good,Delhi,Delhi,Dealer,3.45,3.38,2.36,0.34,3.7,89,24,6,Full,No,63,54,Available
CDK201800328,2026-08-01,Mahindra,XUV400,Base MT,2018,Petrol,Automatic,Sedan,1290,18.1,Royal Purple,3,124656,Very Good,Hyderabad,Telangana,Individual,4.52,4.63,3.89,0.49,3.6,78,0,32,Partial,No,45,49,Reserved
CDK202501201,2026-08-01,Honda,Elevate,Sport MT,2025,Diesel,Automatic,MUV,1998,24.8,Titanium Bronze,3,42415,Fair,Bengaluru,Karnataka,Individual,12.15,12.09,11.43,0.44,4.6,63,6,33,Partial,No,86,87,Reserved
CDK202100063,2026-08-02,Mahindra,Scorpio Classic,Premium MT,2021,Petrol,Automatic,Coupe,1998,16.8,Midnight Black,1,88500,Good,Noida,Uttar Pradesh,Individual,21.41,21.23,18.85,2.03,4.5,52,6,20,Full,Minor,67,71,Available
CDK202501184,2026-08-02,Tata,Altroz,V,2025,Electric,Automatic,Sedan,0,6.0,Fiery Red,4,46884,Excellent,Delhi,Delhi,Individual,11.28,11.19,10.14,0.62,4.1,28,3,36,Full,No,86,62,Sold
CDK202400871,2026-08-02,Volkswagen,Virtus,Premium,2024,Diesel,Manual,MPV,2198,20.9,Metallic Silver,2,61422,Good,Pune,Maharashtra,Individual,15.26,14.66,13.62,0.61,3.4,34,6,30,Full,Major,86,40,Available
CDK201900589,2026-08-02,Honda,City,Top MT,2019,Petrol,AMT,SUV,1290,10.0,Ocean Blue,1,119862,Good,Pune,Maharashtra,Individual,5.45,5.29,4.13,0.48,4.0,68,24,33,Unavailable,No,47,54,Available
CDK201800652,2026-08-03,Hyundai,Tucson,Sport,2018,Petrol,Manual,Hatchback,998,19.7,Graphite Grey,2,136520,Very Good,Delhi,Delhi,Dealer,1.8,1.84,1.0,0.18,3.1,66,0,8,Full,No,75,80,Available
CDK201901489,2026-08-03,Maruti Suzuki,Ertiga,S MT,2019,Petrol,Manual,SUV,1798,19.9,Midnight Black,1,123314,Very Good,Noida,Uttar Pradesh,Certified Used Car Outlet,2.84,2.92,2.61,0.18,5.0,30,6,24,Full,No,93,71,Reserved
CDK201800767,2026-08-03,Honda,Amaze,Premium,2018,Petrol,Manual,MPV,1598,27.0,Royal Purple,1,140348,Good,Coimbatore,Tamil Nadu,Certified Used Car Outlet,3.06,2.94,2.23,0.19,3.7,51,18,15,Unavailable,No,86,63,Sold
CDK201900358,2026-08-03,Skoda,Kushaq,SX MT,2019,Petrol,Automatic,Sedan,2998,24.9,Midnight Black,2,117658,Very Good,Mumbai,Maharashtra,Dealer,2.78,2.81,1.88,0.28,3.7,99,24,9,Partial,Minor,48,46,Available
CDK202400969,2026-08-03,Tata,Safari,SX MT,2024,Diesel,DCT,Hatchback,1998,15.1,Sunset Orange,3,56077,Good,Gurugram,Haryana,Dealer,7.55,7.46,6.43,0.74,3.9,30,0,18,Unavailable,No,51,68,Reserved
CDK202300336,2026-08-03,Maruti Suzuki,Grand Vitara,Base,2023,Electric,Automatic,Hatchback,0,4.1,Forest Green,3,61630,Excellent,Vijayawada,Andhra Pradesh,Dealer,10.21,9.61,8.9,0.36,4.3,82,12,15,Partial,No,59,81,Sold
CDK202600394,2026-08-04,Maruti Suzuki,Dzire,Sport,2026,Petrol,Manual,Hatchback,1497,27.1,Royal Purple,1,1500,Excellent,Jaipur,Rajasthan,Dealer,14.14,14.18,12.4,1.36,4.7,89,0,18,Full,No,48,61,Sold
CDK202000560,2026-08-05,Hyundai,Alcazar,Plus,2020,Electric,Automatic,Hatchback,0,4.4,Graphite Grey,1,109641,Very Good,Vijayawada,Andhra Pradesh,Certified Used Car Outlet,7.45,7.04,6.25,0.49,4.0,53,6,6,Partial,No,87,45,Available
CDK202400527,2026-08-05,Maruti Suzuki,Swift,Plus MT,2024,Diesel,Automatic,Hatchback,3996,27.9,Fiery Red,2,58722,Very Good,Noida,Uttar Pradesh,Dealer,9.59,9.83,8.67,1.04,4.1,36,24,18,Full,No,52,42,Sold
CDK201900028,2026-08-05,Nissan,Magnite,SX AT,2019,Diesel,Automatic,SUV,1998,17.9,Ocean Blue,5,107137,Good,Hyderabad,Telangana,Dealer,4.48,4.46,3.88,0.19,4.5,29,36,27,Full,No,50,74,Sold
CDK202201425,2026-08-05,Hyundai,Venue,S,2022,Electric,Automatic,Sedan,0,5.6,Midnight Black,2,63381,Good,Coimbatore,Tamil Nadu,Dealer,10.03,10.35,9.29,0.57,4.0,80,36,15,Partial,No,51,99,Under Inspection
CDK202500565,2026-08-06,Toyota,Glanza,Base AT,2025,Diesel,Automatic,MPV,1290,23.0,Ocean Blue,2,12918,Good,Chennai,Tamil Nadu,Dealer,22.1,22.4,19.67,2.42,4.6,59,6,13,Partial,No,72,48,Available
CDK201901124,2026-08-06,Toyota,Glanza,SX MT,2019,Petrol,Automatic,SUV,1197,25.0,Royal Purple,2,142349,Very Good,Gurugram,Haryana,Dealer,10.64,10.38,9.23,0.65,3.5,99,24,6,Full,No,56,98,Available
CDK202200066,2026-08-06,Kia,Seltos,S,2022,Diesel,Manual,Sedan,2494,26.4,Ocean Blue,2,67444,Good,Visakhapatnam,Andhra Pradesh,Individual,6.07,6.15,5.09,0.64,4.7,57,6,22,Unavailable,No,67,70,Sold
CDK202600326,2026-08-07,Toyota,Fortuner,SX,2026,Petrol,Automatic,MPV,1798,14.2,Fiery Red,2,19782,Excellent,Vijayawada,Andhra Pradesh,Dealer,29.53,30.07,27.47,2.0,3.4,52,36,17,Partial,No,67,47,Available
CDK201700146,2026-08-07,Tata,Punch,ZX,2017,Petrol,Manual,Sedan,1598,19.2,Graphite Grey,2,146325,Fair,Kolkata,West Bengal,Individual,2.43,2.48,1.58,0.18,3.3,93,0,10,Full,No,95,81,Under Inspection
CDK202501156,2026-08-07,Toyota,Innova Crysta,S AT,2025,Electric,Automatic,MUV,0,4.6,Sunset Orange,1,49366,Excellent,Kochi,Kerala,Certified Used Car Outlet,18.87,18.28,16.05,1.82,3.0,86,18,0,Partial,No,66,67,Reserved
CDK202500626,2026-08-07,Toyota,Innova Crysta,Base,2025,Petrol,CVT,SUV,3996,11.4,Fiery Red,1,50855,Good,Kochi,Kerala,Dealer,19.44,20.09,17.85,2.09,4.1,88,12,23,Unavailable,No,88,49,Sold
CDK201700870,2026-08-07,Renault,Duster,ZX AT,2017,Electric,Automatic,Hatchback,0,3.3,Forest Green,2,160446,Very Good,Chennai,Tamil Nadu,Dealer,2.69,2.66,1.75,0.22,4.0,72,6,8,Partial,No,90,87,Available
CDK202000152,2026-08-07,Kia,EV6,Sport MT,2020,Petrol,Manual,Sedan,1998,25.6,Forest Green,4,88828,Good,Jaipur,Rajasthan,Dealer,4.79,4.94,4.13,0.37,4.0,27,6,24,Full,No,64,44,Sold
CDK202200547,2026-08-07,Mahindra,XUV 3XO,Sport MT,2022,Hybrid,Manual,Hatchback,2998,19.1,Fiery Red,2,62202,Good,Kolkata,West Bengal,Certified Used Car Outlet,9.71,9.76,8.68,0.93,4.2,77,12,22,Partial,No,85,98,Available
CDK202400139,2026-08-07,Hyundai,Verna,V,2024,Petrol,Automatic,MUV,1998,17.2,Fiery Red,4,25761,Very Good,Visakhapatnam,Andhra Pradesh,Dealer,13.83,14.11,12.52,0.84,4.2,64,0,25,Full,No,60,99,Under Inspection
CDK201701294,2026-08-08,Nissan,Magnite,ZX AT,2017,Electric,Automatic,SUV,0,6.5,Sunset Orange,1,161225,Very Good,Ahmedabad,Gujarat,Dealer,4.29,4.29,3.72,0.24,3.5,78,6,31,Full,Minor,66,76,Sold
CDK202100003,2026-08-08,Skoda,Superb,V AT,2021,CNG,AMT,Hatchback,2198,20.2,Pearl White,1,73280,Very Good,Vijayawada,Andhra Pradesh,Dealer,6.79,6.76,5.99,0.52,3.9,47,0,8,Full,No,94,57,Available
CDK201800678,2026-08-08,Toyota,Glanza,Plus MT,2018,Petrol,Automatic,Sedan,1998,10.1,Fiery Red,3,123427,Very Good,Delhi,Delhi,Dealer,5.27,5.17,4.08,0.55,3.9,53,12,8,Full,No,60,82,Sold
CDK202200435,2026-08-09,Skoda,Superb,Base,2022,Diesel,DCT,Sedan,1798,18.3,Metallic Silver,2,73954,Good,Bengaluru,Karnataka,Dealer,7.35,7.06,6.13,0.5,3.9,82,18,32,Partial,No,84,43,Sold
CDK202000138,2026-08-09,Kia,EV6,Plus,2020,Diesel,Manual,MPV,998,19.0,Pearl White,2,98212,Good,Pune,Maharashtra,Individual,5.5,5.7,4.84,0.55,4.0,65,12,8,Full,No,61,75,Available
CDK202601193,2026-08-09,Nissan,Magnite,S AT,2026,Diesel,DCT,Hatchback,2998,23.9,Royal Purple,1,1500,Good,Bengaluru,Karnataka,Dealer,9.42,9.38,7.77,0.89,4.6,69,18,6,Full,Minor,62,93,Under Inspection
CDK202100806,2026-08-09,Toyota,Glanza,ZX AT,2021,Electric,Automatic,MPV,0,5.6,Royal Purple,2,50051,Good,Noida,Uttar Pradesh,Dealer,12.09,12.31,10.94,1.19,4.1,94,36,22,Partial,Minor,49,46,Reserved
CDK202501448,2026-08-09,Renault,Kwid,Top AT,2025,Electric,Automatic,MUV,0,4.3,Ocean Blue,1,39095,Good,Chennai,Tamil Nadu,Dealer,14.21,14.29,12.7,1.18,4.7,59,18,15,Full,No,88,50,Sold
CDK201801029,2026-08-10,BMW,3 Series,Base,2018,Petrol,Manual,Sedan,1199,10.6,Pearl White,1,116168,Very Good,Pune,Maharashtra,Dealer,9.97,10.28,8.9,0.74,4.4,66,3,4,Unavailable,No,52,50,Reserved
CDK202601421,2026-08-10,Tata,Tiago,ZX MT,2026,Electric,Automatic,SUV,0,4.1,Fiery Red,3,29495,Very Good,Kolkata,West Bengal,Certified Used Car Outlet,26.99,26.4,23.87,1.97,3.2,80,24,36,Partial,No,81,64,Sold
CDK202000011,2026-08-10,Maruti Suzuki,Baleno,SX,2020,Petrol,CVT,Sedan,1290,13.0,Ocean Blue,1,78626,Excellent,Coimbatore,Tamil Nadu,Dealer,3.38,3.38,2.41,0.29,3.6,75,12,6,Full,No,79,74,Sold
CDK202600006,2026-08-11,Hyundai,Venue,V,2026,Petrol,Automatic,MPV,1798,10.4,Ocean Blue,2,23329,Excellent,Gurugram,Haryana,Dealer,17.65,17.6,15.97,1.24,3.9,89,0,33,Full,No,62,46,Available
CDK201801443,2026-08-11,Maruti Suzuki,Brezza,ZX AT,2018,Petrol,Automatic,SUV,2494,13.3,Graphite Grey,1,129361,Very Good,Kochi,Kerala,Dealer,2.54,2.44,1.63,0.15,3.7,56,0,7,Full,Minor,73,80,Sold
CDK201800787,2026-08-12,Skoda,Kushaq,Sport AT,2018,Diesel,Automatic,Sedan,1497,11.6,Sunset Orange,1,129844,Excellent,Chennai,Tamil Nadu,Certified Used Car Outlet,4.26,4.25,3.81,0.17,4.6,75,24,29,Unavailable,No,77,48,Reserved
CDK202501039,2026-08-12,Toyota,Camry,V AT,2025,Electric,Automatic,SUV,0,3.6,Fiery Red,2,23846,Excellent,Mumbai,Maharashtra,Dealer,12.63,12.33,10.71,1.24,3.7,85,6,29,Full,No,67,48,Sold
CDK202400405,2026-08-12,Kia,Sonet,V,2024,Electric,Automatic,Hatchback,0,4.6,Graphite Grey,2,50535,Very Good,Hyderabad,Telangana,Dealer,13.92,14.19,12.84,1.18,2.7,70,36,9,Full,Major,80,66,Reserved
CDK202000195,2026-08-12,Maruti Suzuki,Ertiga,Plus,2020,Petrol,DCT,MPV,1998,13.4,Midnight Black,2,118537,Excellent,Ahmedabad,Gujarat,Certified Used Car Outlet,5.27,5.48,4.94,0.29,4.4,53,24,4,Partial,No,48,72,Available
CDK202301419,2026-08-12,BMW,X3,V,2023,Petrol,Automatic,Coupe,1197,26.5,Sunset Orange,4,48916,Good,Chennai,Tamil Nadu,Individual,46.64,45.87,43.74,1.76,4.5,95,0,12,Partial,No,95,66,Available
CDK201900079,2026-08-12,Maruti Suzuki,Dzire,V MT,2019,Petrol,Manual,SUV,2494,16.8,Titanium Bronze,2,111072,Good,Kolkata,West Bengal,Individual,4.0,4.08,3.34,0.43,4.2,68,18,9,Unavailable,No,95,61,Available
CDK202200718,2026-08-12,Honda,City,Sport,2022,Diesel,DCT,SUV,1197,25.1,Graphite Grey,1,58405,Good,Delhi,Delhi,Dealer,8.9,8.37,7.07,0.67,3.5,71,6,22,Full,No,45,74,Available
CDK202400110,2026-08-13,BMW,3 Series,Sport MT,2024,Petrol,Manual,Sedan,2494,23.3,Midnight Black,1,59088,Good,Gurugram,Haryana,Dealer,35.97,34.79,32.2,2.19,4.8,58,24,13,Full,No,76,44,Sold
CDK202501495,2026-08-13,Skoda,Kodiaq,Plus AT,2025,Petrol,CVT,Hatchback,1290,17.6,Forest Green,2,48435,Very Good,Noida,Uttar Pradesh,Individual,13.08,12.62,11.51,0.95,5.0,52,18,29,Partial,Minor,54,60,Under Inspection
CDK202500308,2026-08-13,Maruti Suzuki,Fronx,Base AT,2025,Petrol,Manual,MPV,2198,11.9,Pearl White,1,30981,Good,Coimbatore,Tamil Nadu,Individual,14.38,14.25,12.63,1.41,4.1,66,3,28,Unavailable,Minor,72,97,Reserved
CDK201900617,2026-08-13,Maruti Suzuki,Ertiga,V AT,2019,Petrol,DCT,MUV,1290,20.4,Metallic Silver,1,125527,Good,Noida,Uttar Pradesh,Individual,3.06,2.94,2.35,0.11,3.4,58,18,8,Full,Minor,59,83,Available
CDK202500679,2026-08-14,Kia,Seltos,SX AT,2025,Petrol,Manual,SUV,3996,16.3,Midnight Black,1,20024,Good,Kochi,Kerala,Dealer,17.05,16.26,14.57,1.01,4.2,70,3,23,Full,Minor,49,92,Available
CDK201800840,2026-08-14,Maruti Suzuki,Dzire,Plus MT,2018,Electric,Automatic,MUV,0,5.0,Fiery Red,1,147585,Good,Ahmedabad,Gujarat,Individual,5.76,5.72,4.64,0.42,3.8,61,3,34,Partial,No,87,78,Available
CDK201701202,2026-08-15,Tata,Curvv,S MT,2017,Diesel,DCT,MPV,1199,26.2,Metallic Silver,2,151228,Excellent,Pune,Maharashtra,Certified Used Car Outlet,2.57,2.53,2.08,0.24,3.9,99,24,0,Partial,No,91,66,Available
CDK202500187,2026-08-15,Tata,Harrier,S MT,2025,Petrol,Automatic,SUV,1199,26.4,Sunset Orange,1,22080,Good,Kolkata,West Bengal,Dealer,9.89,9.31,8.6,0.41,4.6,64,0,11,Full,No,68,48,Available
CDK201900017,2026-08-15,Hyundai,i20,Plus AT,2019,Petrol,Manual,SUV,1998,10.9,Pearl White,3,90802,Good,Gurugram,Haryana,Dealer,2.75,2.8,2.36,0.24,3.9,94,12,23,Partial,No,88,84,Sold
CDK201901102,2026-08-15,Hyundai,Venue,SX,2019,Petrol,Manual,MPV,1197,15.2,Ocean Blue,1,139992,Very Good,Mumbai,Maharashtra,Dealer,2.58,2.52,2.06,0.17,4.3,40,6,33,Full,No,52,97,Sold
CDK202300024,2026-08-15,Mahindra,Scorpio Classic,Premium,2023,CNG,CVT,MPV,2998,24.1,Royal Purple,1,93954,Very Good,Kochi,Kerala,Dealer,13.28,13.79,12.81,0.78,3.3,62,36,18,Unavailable,No,62,98,Sold
CDK202200979,2026-08-15,Jeep,Meridian,S MT,2022,Petrol,Automatic,Coupe,998,22.2,Pearl White,1,68236,Good,Mumbai,Maharashtra,Dealer,31.9,32.43,29.61,2.39,4.0,53,0,26,Full,No,77,85,Available
CDK202401498,2026-08-16,MG,Hector,Sport,2024,Petrol,CVT,MPV,2198,25.4,Metallic Silver,3,22390,Very Good,Jaipur,Rajasthan,Individual,16.72,16.34,14.56,1.46,5.0,52,6,5,Full,No,52,41,Sold
CDK202200596,2026-08-16,Renault,Kiger,Premium MT,2022,Petrol,CVT,MPV,1197,14.8,Midnight Black,1,85181,Very Good,Coimbatore,Tamil Nadu,Dealer,5.39,5.55,4.54,0.29,3.3,82,6,13,Full,No,85,89,Available
CDK201700868,2026-08-16,Skoda,Kushaq,Premium,2017,Petrol,Automatic,Hatchback,2998,25.7,Sunset Orange,1,139182,Good,Coimbatore,Tamil Nadu,Individual,3.02,3.07,2.12,0.3,3.6,91,6,33,Partial,No,61,56,Sold
CDK202000614,2026-08-16,Mercedes-Benz,A-Class,Base,2020,Electric,Automatic,MPV,0,4.7,Graphite Grey,2,126972,Very Good,Hyderabad,Telangana,Certified Used Car Outlet,19.5,18.78,16.25,2.0,4.2,49,36,23,Partial,No,97,65,Sold
CDK202600522,2026-08-16,Kia,Sonet,Top MT,2026,Petrol,Automatic,SUV,1798,17.2,Pearl White,1,19935,Very Good,Hyderabad,Telangana,Individual,13.29,12.9,11.7,1.0,4.4,63,0,10,Full,No,89,61,Available
CDK201700891,2026-08-17,Hyundai,Alcazar,Sport,2017,Electric,Automatic,Hatchback,0,5.8,Fiery Red,2,138129,Good,Bengaluru,Karnataka,Dealer,3.3,3.26,2.73,0.29,3.6,73,6,10,Unavailable,Minor,82,47,Sold
CDK202500135,2026-08-17,Kia,Carens,Plus MT,2025,Electric,Automatic,SUV,0,6.6,Graphite Grey,1,49881,Good,Kolkata,West Bengal,Individual,20.44,20.6,18.61,1.87,2.8,33,12,13,Partial,No,51,84,Sold
CDK202201399,2026-08-17,MG,Comet EV,S MT,2022,CNG,Automatic,Hatchback,2198,21.9,Pearl White,1,81685,Very Good,Pune,Maharashtra,Individual,9.23,9.47,8.47,0.6,4.2,40,18,27,Partial,No,84,60,Available
CDK202101018,2026-08-17,Honda,Elevate,V MT,2021,Petrol,Manual,Hatchback,1197,25.6,Pearl White,1,92591,Excellent,Bengaluru,Karnataka,Dealer,4.59,4.74,4.28,0.31,4.0,93,0,6,Partial,No,94,83,Sold
CDK202000502,2026-08-17,Maruti Suzuki,Fronx,Top AT,2020,Petrol,Manual,Hatchback,1197,25.2,Titanium Bronze,1,94148,Very Good,Visakhapatnam,Andhra Pradesh,Individual,2.23,2.12,1.23,0.19,4.2,70,6,27,Full,No,56,67,Sold
CDK202200096,2026-08-17,Maruti Suzuki,Ertiga,SX MT,2022,Petrol,Automatic,SUV,2998,20.7,Midnight Black,1,84476,Good,Delhi,Delhi,Certified Used Car Outlet,9.75,9.22,8.36,0.42,5.0,42,6,8,Partial,No,63,90,Available
CDK202600069,2026-08-17,Maruti Suzuki,Swift,Base MT,2026,Petrol,Manual,MUV,1798,20.4,Fiery Red,2,16455,Good,Hyderabad,Telangana,Dealer,14.55,14.18,12.97,0.99,4.8,79,24,25,Partial,Minor,62,92,Available
CDK202200432,2026-08-18,Hyundai,Tucson,Premium MT,2022,Diesel,Manual,MUV,2494,25.9,Titanium Bronze,3,80317,Good,Gurugram,Haryana,Individual,11.82,11.71,10.67,0.78,3.8,52,3,31,Full,No,57,96,Available
CDK201900704,2026-08-18,Kia,Seltos,Sport MT,2019,Electric,Automatic,Sedan,0,3.6,Sunset Orange,1,111130,Very Good,Jaipur,Rajasthan,Dealer,4.97,4.72,4.14,0.46,3.4,50,6,35,Full,No,94,42,Available
CDK202300045,2026-08-18,Tata,Harrier,V AT,2023,Electric,Automatic,Sedan,0,4.7,Metallic Silver,2,55381,Very Good,Kochi,Kerala,Dealer,14.64,13.9,13.13,0.65,3.6,65,0,3,Partial,Minor,46,60,Sold
CDK202101248,2026-08-18,Skoda,Kodiaq,Sport MT,2021,Diesel,Manual,Sedan,998,24.0,Sunset Orange,4,78510,Excellent,Chennai,Tamil Nadu,Dealer,9.56,9.14,8.28,0.41,4.8,51,12,27,Full,No,96,57,Sold
CDK201800442,2026-08-19,Toyota,Glanza,SX MT,2018,Petrol,Automatic,Hatchback,1290,12.9,Metallic Silver,3,130951,Excellent,Gurugram,Haryana,Individual,3.11,3.1,2.59,0.19,3.9,64,24,27,Full,No,47,65,Sold
CDK202100114,2026-08-19,Honda,Amaze,V MT,2021,Diesel,Automatic,SUV,1497,13.7,Sunset Orange,3,97728,Very Good,Jaipur,Rajasthan,Dealer,9.04,8.5,7.28,0.93,4.2,86,12,29,Unavailable,Minor,95,49,Available
CDK201701417,2026-08-19,Hyundai,Tucson,Premium AT,2017,Petrol,Automatic,Hatchback,1598,16.8,Midnight Black,1,130596,Good,Delhi,Delhi,Certified Used Car Outlet,3.29,3.25,2.59,0.32,2.9,82,6,17,Partial,No,45,82,Sold
CDK201801072,2026-08-19,Tata,Tigor,Top,2018,Petrol,Manual,Sedan,1197,18.2,Sunset Orange,3,139435,Very Good,Hyderabad,Telangana,Certified Used Car Outlet,3.95,4.07,3.65,0.19,4.1,46,18,29,Unavailable,No,90,65,Sold
CDK202600168,2026-08-20,Maruti Suzuki,Ertiga,SX,2026,Petrol,AMT,Hatchback,998,11.3,Titanium Bronze,1,16661,Good,Vijayawada,Andhra Pradesh,Certified Used Car Outlet,5.65,5.44,4.51,0.49,4.3,58,24,36,Partial,No,48,69,Available
CDK201700400,2026-08-20,BMW,X1,Premium AT,2017,Hybrid,Manual,SUV,3996,19.8,Ocean Blue,1,125673,Very Good,Kochi,Kerala,Individual,10.53,10.39,8.93,0.89,4.6,63,18,31,Partial,No,55,85,Available
CDK202100053,2026-08-20,Tata,Altroz,Plus AT,2021,Petrol,Automatic,Sedan,1199,15.1,Midnight Black,3,84549,Good,Bengaluru,Karnataka,Dealer,4.72,4.76,4.01,0.3,3.1,67,0,21,Full,No,55,70,Sold
CDK202001428,2026-08-20,Maruti Suzuki,Ertiga,SX MT,2020,Petrol,CVT,Sedan,1798,21.5,Forest Green,1,101026,Good,Ahmedabad,Gujarat,Dealer,3.21,3.15,2.59,0.19,4.6,68,24,36,Full,No,59,93,Under Inspection
CDK202500300,2026-08-20,Kia,Seltos,SX,2025,Petrol,DCT,Sedan,1998,25.4,Titanium Bronze,3,7211,Very Good,Jaipur,Rajasthan,Dealer,17.27,16.84,15.24,1.3,3.9,69,24,26,Full,Major,95,81,Sold
CDK202600956,2026-08-20,Honda,City,Top,2026,Petrol,Manual,Hatchback,1199,21.6,Pearl White,5,23961,Excellent,Kochi,Kerala,Dealer,14.32,13.81,12.06,1.34,4.1,55,18,30,Unavailable,No,78,91,Available
CDK202601499,2026-08-20,Mahindra,Thar,Sport,2026,Petrol,Manual,Sedan,1199,11.4,Forest Green,2,2302,Good,Coimbatore,Tamil Nadu,Dealer,15.97,15.19,13.35,1.1,3.9,84,36,36,Full,No,89,59,Sold
CDK202300773,2026-08-20,Maruti Suzuki,Dzire,Premium,2023,Petrol,DCT,MUV,2494,26.3,Forest Green,1,73948,Good,Noida,Uttar Pradesh,Individual,8.07,7.73,6.77,0.57,4.2,74,12,17,Full,No,76,66,Available
CDK202601378,2026-08-20,Toyota,Innova Crysta,ZX AT,2026,Electric,Automatic,SUV,0,6.4,Ocean Blue,4,12282,Good,Visakhapatnam,Andhra Pradesh,Dealer,13.1,12.45,10.55,1.34,4.3,59,36,8,Partial,Major,46,52,Available
CDK202400310,2026-08-20,Volkswagen,Virtus,Sport AT,2024,Diesel,DCT,MPV,1497,20.6,Graphite Grey,2,53941,Very Good,Hyderabad,Telangana,Dealer,8.77,8.87,7.62,0.53,3.8,99,3,29,Full,No,71,59,Available
CDK201800776,2026-08-20,BYD,e6,Sport,2018,Petrol,Automatic,Hatchback,2198,12.6,Midnight Black,2,120309,Good,Noida,Uttar Pradesh,Certified Used Car Outlet,8.76,8.27,6.79,0.85,4.5,70,18,32,Full,No,46,66,Available
CDK202400115,2026-08-20,Maruti Suzuki,Grand Vitara,V MT,2024,Petrol,Manual,Sedan,1798,10.2,Forest Green,4,34726,Fair,Gurugram,Haryana,Dealer,4.21,4.19,3.52,0.25,3.8,70,3,34,Full,Minor,55,79,Available
CDK202601342,2026-08-21,Maruti Suzuki,Ertiga,Plus MT,2026,CNG,AMT,MUV,2494,11.4,Titanium Bronze,4,31944,Very Good,Delhi,Delhi,Dealer,13.0,13.43,12.44,0.79,4.0,61,3,24,Partial,No,50,84,Available
CDK202300696,2026-08-21,MG,ZS EV,Sport MT,2023,Petrol,Manual,SUV,1998,15.0,Sunset Orange,3,60356,Very Good,Kochi,Kerala,Dealer,16.67,15.81,14.29,1.31,3.4,99,24,13,Partial,No,72,94,Sold
CDK201700395,2026-08-21,Mahindra,Scorpio Classic,Premium AT,2017,CNG,Automatic,Hatchback,1798,22.5,Pearl White,1,159543,Good,Hyderabad,Telangana,Dealer,2.38,2.41,1.85,0.22,4.0,71,6,12,Full,Minor,81,54,Available
CDK201700199,2026-08-21,Kia,Sonet,Base AT,2017,Petrol,Manual,SUV,1497,21.2,Midnight Black,1,162590,Very Good,Ahmedabad,Gujarat,Dealer,4.69,4.83,4.31,0.27,4.7,69,0,15,Partial,No,62,44,Under Inspection
CDK202400794,2026-08-21,Skoda,Slavia,Premium,2024,Petrol,AMT,Hatchback,1497,15.9,Royal Purple,1,65951,Very Good,Jaipur,Rajasthan,Dealer,13.1,13.58,11.71,1.46,4.7,46,36,34,Partial,No,87,70,Under Inspection
CDK202200090,2026-08-21,Mahindra,Thar,Base,2022,Electric,Automatic,Hatchback,0,6.8,Pearl White,1,70685,Very Good,Pune,Maharashtra,Dealer,7.69,7.61,6.65,0.79,4.1,15,6,7,Full,No,67,69,Available
CDK202000583,2026-08-21,Nissan,X-Trail,Sport MT,2020,Hybrid,Automatic,SUV,1290,13.2,Forest Green,2,75281,Good,Bengaluru,Karnataka,Individual,3.21,3.3,2.67,0.16,4.7,70,18,3,Full,No,97,59,Available
CDK202401081,2026-08-22,Renault,Kiger,V MT,2024,Diesel,Automatic,SUV,2494,11.0,Metallic Silver,1,57602,Good,Vijayawada,Andhra Pradesh,Dealer,12.51,11.86,10.81,0.53,4.4,53,6,31,Partial,No,54,49,Sold
CDK202201105,2026-08-24,Nissan,Magnite,Base,2022,Petrol,Automatic,Hatchback,1798,18.0,Forest Green,5,53432,Very Good,Gurugram,Haryana,Individual,4.25,4.4,3.54,0.32,3.1,53,24,36,Partial,No,52,65,Sold
CDK201701436,2026-08-24,MG,Comet EV,Sport AT,2017,Diesel,Manual,SUV,2198,14.5,Graphite Grey,5,136123,Very Good,Vijayawada,Andhra Pradesh,Dealer,9.4,9.71,8.1,1.04,4.9,62,6,30,Full,No,95,66,Sold
CDK202500458,2026-08-24,Renault,Duster,S MT,2025,Diesel,Manual,Convertible,3996,26.4,Metallic Silver,2,39650,Very Good,Ahmedabad,Gujarat,Dealer,22.78,21.82,20.28,0.86,3.1,99,24,8,Partial,No,88,71,Under Inspection
CDK202301139,2026-08-24,MG,Comet EV,Base,2023,Electric,Automatic,SUV,0,5.1,Metallic Silver,2,61351,Good,Noida,Uttar Pradesh,Individual,19.21,19.21,17.17,1.81,3.9,60,3,33,Unavailable,No,88,91,Reserved
CDK202100022,2026-08-24,Volkswagen,Virtus,Sport AT,2021,Petrol,Manual,Hatchback,1598,26.3,Graphite Grey,1,98837,Very Good,Kolkata,West Bengal,Individual,6.64,6.4,5.17,0.63,4.1,51,24,19,Full,Minor,62,68,Available
CDK201800351,2026-08-24,Toyota,Glanza,S,2018,Petrol,Manual,SUV,1497,22.0,Metallic Silver,2,129584,Good,Visakhapatnam,Andhra Pradesh,Dealer,9.03,8.91,8.18,0.55,4.1,45,0,19,Full,No,46,72,Sold
CDK202300318,2026-08-24,Honda,Amaze,S MT,2023,Petrol,Manual,SUV,2198,20.3,Pearl White,3,44184,Good,Coimbatore,Tamil Nadu,Individual,9.18,8.76,7.73,0.76,3.1,67,36,11,Unavailable,No,77,99,Available
CDK201900382,2026-08-26,Hyundai,Tucson,S AT,2019,Petrol,DCT,Sedan,2198,13.2,Royal Purple,1,128543,Very Good,Visakhapatnam,Andhra Pradesh,Dealer,4.8,4.53,3.37,0.47,3.7,60,12,19,Partial,No,80,59,Sold
CDK202501400,2026-08-26,Hyundai,Venue,ZX AT,2025,Petrol,AMT,MUV,3996,19.5,Pearl White,1,47646,Good,Hyderabad,Telangana,Dealer,19.07,18.21,16.22,1.79,3.5,58,3,23,Full,Minor,74,81,Reserved
CDK202001323,2026-08-26,Tata,Tigor,SX AT,2020,Petrol,DCT,MPV,3996,24.8,Sunset Orange,2,84779,Very Good,Pune,Maharashtra,Dealer,4.68,4.63,3.98,0.51,3.4,50,0,29,Full,No,65,91,Available
CDK201900031,2026-08-26,Renault,Kiger,Base,2019,Petrol,Automatic,Sedan,3996,27.7,Ocean Blue,3,130535,Good,Mumbai,Maharashtra,Dealer,4.28,4.16,3.77,0.17,3.3,99,6,27,Full,Minor,52,75,Sold
CDK201701459,2026-08-27,Toyota,Glanza,Sport,2017,Petrol,Manual,SUV,2198,11.6,Graphite Grey,2,121432,Excellent,Delhi,Delhi,Dealer,4.71,4.54,4.01,0.4,4.3,86,12,22,Partial,No,91,44,Sold
CDK201900222,2026-08-27,Tata,Harrier,Plus MT,2019,Electric,Automatic,MPV,0,5.7,Sunset Orange,1,144726,Good,Chennai,Tamil Nadu,Individual,3.69,3.74,3.26,0.31,3.6,57,6,35,Unavailable,No,85,62,Available
CDK202401479,2026-08-27,Maruti Suzuki,Brezza,V,2024,CNG,Manual,MPV,1199,12.6,Pearl White,1,50025,Very Good,Kochi,Kerala,Dealer,8.76,8.25,6.74,0.82,3.9,31,6,22,Partial,No,94,94,Available
CDK202000184,2026-08-27,Mahindra,Bolero,ZX AT,2020,Petrol,Manual,Sedan,2998,19.5,Titanium Bronze,2,84253,Good,Vijayawada,Andhra Pradesh,Dealer,3.52,3.63,2.97,0.26,4.1,65,0,21,Full,No,47,78,Sold
CDK202400682,2026-08-27,MG,ZS EV,Plus AT,2024,Petrol,Manual,Coupe,3996,13.5,Midnight Black,2,77423,Good,Mumbai,Maharashtra,Certified Used Car Outlet,21.22,21.63,19.22,1.66,3.7,86,12,5,Unavailable,Minor,81,84,Under Inspection
CDK202501212,2026-08-28,Volkswagen,Tiguan,Base MT,2025,CNG,DCT,MPV,1290,18.8,Metallic Silver,1,29883,Good,Mumbai,Maharashtra,Dealer,9.51,9.17,8.39,0.44,4.2,73,18,25,Full,No,69,93,Available
CDK202301095,2026-08-28,Volkswagen,Taigun,SX AT,2023,Petrol,Automatic,MPV,1798,27.3,Pearl White,2,54177,Very Good,Noida,Uttar Pradesh,Dealer,9.73,9.79,8.93,0.73,4.2,84,36,18,Partial,No,71,96,Under Inspection
CDK202200020,2026-08-28,Mahindra,XUV 3XO,Plus,2022,Diesel,Automatic,MPV,1497,26.0,Pearl White,2,71103,Good,Vijayawada,Andhra Pradesh,Dealer,7.41,7.05,6.44,0.28,3.8,86,0,27,Full,Minor,83,91,Sold
CDK202400857,2026-08-29,Toyota,Innova Crysta,Plus AT,2024,Electric,Automatic,SUV,0,4.7,Titanium Bronze,1,68900,Excellent,Noida,Uttar Pradesh,Dealer,32.47,31.55,28.48,2.38,4.0,56,36,0,Partial,No,85,90,Reserved
CDK202301481,2026-08-29,Mahindra,Thar,Premium,2023,Petrol,Automatic,MUV,1497,24.3,Midnight Black,1,55340,Fair,Kochi,Kerala,Dealer,6.87,7.0,6.4,0.42,4.0,73,36,1,Partial,No,61,75,Sold
CDK202400853,2026-08-29,Hyundai,i20,SX MT,2024,CNG,AMT,Sedan,1290,24.0,Ocean Blue,3,60651,Very Good,Delhi,Delhi,Dealer,10.63,10.48,9.25,1.1,3.1,80,6,12,Full,No,54,95,Available
CDK201701036,2026-08-29,Tata,Nexon,Top AT,2017,Petrol,DCT,SUV,998,24.6,Sunset Orange,1,156411,Good,Kochi,Kerala,Individual,2.05,1.94,1.56,0.16,3.5,82,24,21,Full,Minor,69,70,Sold
CDK202601004,2026-08-29,Hyundai,i20,Top MT,2026,CNG,CVT,Hatchback,1598,17.4,Metallic Silver,2,19220,Excellent,Jaipur,Rajasthan,Dealer,12.08,11.89,10.5,0.82,4.6,99,3,23,Partial,No,82,47,Available
CDK202300515,2026-08-29,Jeep,Wrangler,Base MT,2023,Petrol,Automatic,Hatchback,1197,22.3,Royal Purple,3,50423,Very Good,Chennai,Tamil Nadu,Certified Used Car Outlet,10.32,9.74,8.72,0.48,3.3,62,6,9,Full,No,82,55,Sold
CDK202200443,2026-08-29,Honda,Elevate,Sport AT,2022,Electric,Automatic,Sedan,0,6.7,Metallic Silver,1,54427,Very Good,Kolkata,West Bengal,Certified Used Car Outlet,4.87,4.82,3.91,0.32,3.8,51,3,30,Partial,No,81,60,Sold
CDK202301111,2026-08-29,Hyundai,Verna,Sport MT,2023,Petrol,Manual,SUV,998,10.5,Graphite Grey,2,49967,Excellent,Jaipur,Rajasthan,Dealer,7.92,7.74,6.38,0.75,3.8,74,0,19,Partial,Minor,57,70,Sold
CDK202600054,2026-08-29,Skoda,Superb,ZX,2026,Petrol,Automatic,SUV,3996,21.4,Ocean Blue,1,25462,Good,Kolkata,West Bengal,Certified Used Car Outlet,24.47,24.72,22.65,1.42,4.2,99,0,34,Partial,Minor,53,92,Sold
CDK202000285,2026-08-29,Maruti Suzuki,Swift,ZX MT,2020,Petrol,Automatic,Coupe,1998,26.1,Sunset Orange,1,114072,Very Good,Pune,Maharashtra,Individual,9.94,9.64,8.48,0.94,3.4,84,6,15,Full,No,78,62,Under Inspection
CDK202000530,2026-08-29,Maruti Suzuki,Baleno,Plus AT,2020,Petrol,Manual,Hatchback,998,15.5,Ocean Blue,2,64722,Good,Vijayawada,Andhra Pradesh,Dealer,2.58,2.46,1.81,0.12,3.8,63,36,34,Partial,No,58,78,Sold
CDK202401166,2026-08-30,Honda,Elevate,V MT,2024,Electric,Automatic,Hatchback,0,4.3,Titanium Bronze,4,15928,Fair,Vijayawada,Andhra Pradesh,Dealer,7.65,7.64,6.93,0.55,4.5,64,3,23,Unavailable,Minor,93,42,Sold
CDK202601142,2026-08-30,Hyundai,Creta,ZX MT,2026,CNG,DCT,SUV,1197,22.9,Forest Green,4,25836,Excellent,Visakhapatnam,Andhra Pradesh,Dealer,19.98,20.77,18.78,1.78,4.4,79,0,2,Partial,No,80,79,Available
CDK202001270,2026-08-30,Honda,Elevate,SX,2020,Diesel,Automatic,Hatchback,1290,12.1,Ocean Blue,1,105733,Good,Gurugram,Haryana,Dealer,2.21,2.24,1.55,0.16,3.2,77,12,35,Partial,No,94,96,Sold
CDK201700556,2026-08-30,Hyundai,Exter,S,2017,Electric,Automatic,MPV,0,6.6,Pearl White,2,160945,Fair,Kochi,Kerala,Individual,2.52,2.44,1.86,0.2,3.0,43,12,35,Partial,No,47,64,Sold
CDK202000036,2026-08-30,Hyundai,Venue,SX AT,2020,Electric,Automatic,MPV,0,6.7,Forest Green,4,83413,Excellent,Kochi,Kerala,Dealer,6.4,6.56,5.81,0.53,4.6,57,3,19,Full,No,84,90,Available
CDK201900292,2026-08-30,Jeep,Meridian,Top MT,2019,Hybrid,Automatic,SUV,1998,15.5,Metallic Silver,1,137003,Excellent,Delhi,Delhi,Dealer,10.04,9.66,8.17,0.83,3.9,56,0,10,Full,No,49,57,Reserved
CDK202500833,2026-08-31,Volkswagen,Taigun,Plus,2025,Hybrid,AMT,SUV,998,14.7,Sunset Orange,2,35202,Good,Jaipur,Rajasthan,Individual,13.86,14.35,12.96,0.99,4.5,67,24,4,Unavailable,No,76,49,Sold
CDK202500783,2026-08-31,Tata,Punch,Top AT,2025,Electric,Automatic,MUV,0,6.0,Ocean Blue,1,23509,Excellent,Gurugram,Haryana,Certified Used Car Outlet,24.31,23.45,21.1,1.9,4.7,58,36,20,Partial,No,50,83,Sold
CDK201700052,2026-08-31,Mahindra,XUV400,Plus MT,2017,CNG,Manual,SUV,2998,16.7,Titanium Bronze,1,136536,Good,Kolkata,West Bengal,Certified Used Car Outlet,3.29,3.4,2.71,0.34,2.6,81,18,18,Partial,Major,71,83,Sold
CDK202301195,2026-08-31,Volkswagen,Virtus,Base,2023,CNG,Manual,Hatchback,998,18.0,Royal Purple,2,68838,Good,Chennai,Tamil Nadu,Dealer,6.46,6.39,5.64,0.43,3.2,58,3,34,Full,No,81,88,Sold
CDK201900838,2026-08-31,Maruti Suzuki,Ciaz,ZX,2019,Diesel,Automatic,SUV,2998,15.1,Midnight Black,1,140384,Very Good,Kochi,Kerala,Individual,8.95,9.2,8.11,0.87,4.2,69,18,30,Full,Major,56,75,Available
CDK202000945,2026-08-31,Maruti Suzuki,Dzire,Plus,2020,Petrol,DCT,SUV,1199,21.5,Graphite Grey,2,100690,Good,Delhi,Delhi,Dealer,4.33,4.33,3.36,0.41,4.3,66,36,23,Full,Minor,54,56,Available
CDK202301199,2026-08-31,Skoda,Slavia,ZX,2023,Electric,Automatic,Sedan,0,4.0,Midnight Black,2,52763,Good,Coimbatore,Tamil Nadu,Dealer,13.27,13.32,12.07,1.09,4.0,94,18,15,Partial,Minor,86,55,Sold
CDK201800555,2026-09-01,Tata,Curvv,Base MT,2018,Petrol,AMT,Sedan,1998,17.0,Titanium Bronze,1,131668,Good,Kolkata,West Bengal,Individual,2.47,2.51,2.1,0.2,4.5,70,6,16,Full,No,55,98,Available
CDK202500685,2026-09-01,Tata,Nexon,ZX MT,2025,Petrol,Automatic,Sedan,2198,27.4,Titanium Bronze,1,14213,Very Good,Kochi,Kerala,Dealer,11.72,11.86,10.09,1.26,3.5,99,0,20,Full,No,81,82,Sold
CDK202600273,2026-09-01,Hyundai,Exter,Premium AT,2026,Petrol,Manual,Hatchback,1598,25.4,Titanium Bronze,2,11568,Very Good,Delhi,Delhi,Dealer,5.48,5.36,4.28,0.51,3.9,54,18,11,Partial,Minor,66,67,Sold
CDK201901109,2026-09-01,Toyota,Glanza,Base AT,2019,Diesel,Automatic,Sedan,1798,26.5,Fiery Red,1,130593,Good,Coimbatore,Tamil Nadu,Dealer,2.88,2.75,2.34,0.15,3.9,56,12,25,Full,No,53,80,Reserved
CDK202400480,2026-09-01,Toyota,Fortuner,Base,2024,CNG,AMT,SUV,3996,13.7,Graphite Grey,2,49677,Good,Delhi,Delhi,Dealer,21.25,22.02,19.44,2.28,4.1,60,0,0,Full,No,93,79,Reserved
CDK202600493,2026-09-01,Tata,Tigor,S MT,2026,Petrol,Automatic,Sedan,2494,13.1,Forest Green,2,4204,Excellent,Chennai,Tamil Nadu,Dealer,15.84,15.43,13.13,1.59,4.2,99,18,33,Full,No,61,66,Available
CDK201700433,2026-09-02,Hyundai,Exter,S AT,2017,Petrol,Automatic,SUV,1497,20.7,Midnight Black,2,138497,Very Good,Delhi,Delhi,Dealer,3.85,3.66,2.91,0.31,4.0,35,36,4,Partial,No,84,58,Sold
CDK202400449,2026-09-02,Audi,Q3,V AT,2024,Diesel,Manual,Hatchback,1197,11.7,Metallic Silver,1,47697,Very Good,Chennai,Tamil Nadu,Individual,33.24,32.36,30.54,1.49,3.4,81,0,30,Full,No,95,98,Sold
CDK202201496,2026-09-02,Skoda,Superb,Base MT,2022,Petrol,Automatic,MUV,1290,18.9,Midnight Black,1,97860,Very Good,Gurugram,Haryana,Dealer,15.95,15.29,13.95,1.19,3.6,83,3,26,Partial,No,79,43,Available
CDK201900914,2026-09-02,Hyundai,Verna,Sport MT,2019,Petrol,Manual,MUV,1197,22.1,Royal Purple,4,143382,Good,Jaipur,Rajasthan,Dealer,5.31,5.13,4.39,0.52,3.7,64,12,15,Unavailable,No,88,44,Sold
CDK202500244,2026-09-02,Hyundai,Verna,S MT,2025,Diesel,AMT,MUV,1199,12.9,Graphite Grey,1,28525,Good,Noida,Uttar Pradesh,Dealer,12.06,12.36,10.59,1.31,4.9,79,18,22,Full,No,84,91,Sold
CDK202401022,2026-09-02,Kia,Sonet,ZX AT,2024,Electric,Automatic,SUV,0,6.6,Pearl White,2,34851,Good,Noida,Uttar Pradesh,Certified Used Car Outlet,20.33,20.73,18.03,2.09,2.8,99,12,25,Partial,No,82,58,Reserved
CDK202300590,2026-09-03,Hyundai,Exter,Plus,2023,Electric,Automatic,MPV,0,3.5,Metallic Silver,3,49434,Good,Vijayawada,Andhra Pradesh,Dealer,8.91,9.04,8.46,0.42,3.0,88,3,7,Full,No,55,96,Available
CDK202601437,2026-09-03,Maruti Suzuki,Dzire,SX AT,2026,Diesel,Automatic,Convertible,1199,17.8,Titanium Bronze,2,45070,Good,Bengaluru,Karnataka,Dealer,27.58,26.74,23.96,2.42,4.3,51,3,17,Partial,No,60,44,Available
CDK202500459,2026-09-03,Audi,A4,Plus MT,2025,Petrol,Automatic,MUV,2494,16.3,Pearl White,1,13279,Excellent,Coimbatore,Tamil Nadu,Dealer,59.44,58.91,54.68,3.73,3.7,50,12,21,Unavailable,No,92,63,Under Inspection
CDK201701188,2026-09-03,Hyundai,Verna,SX MT,2017,Petrol,Automatic,MUV,1197,14.0,Forest Green,1,175757,Good,Noida,Uttar Pradesh,Individual,3.99,3.93,3.44,0.16,2.6,39,36,8,Full,Minor,85,49,Available
CDK202600757,2026-09-04,Hyundai,Verna,Sport,2026,Electric,Automatic,Hatchback,0,3.3,Royal Purple,3,16277,Very Good,Hyderabad,Telangana,Individual,8.59,8.23,6.69,0.88,4.5,58,36,3,Partial,No,51,48,Sold
CDK201701466,2026-09-04,Volkswagen,Tiguan,ZX MT,2017,Petrol,Manual,Convertible,1199,19.6,Forest Green,2,124117,Good,Mumbai,Maharashtra,Dealer,5.58,5.76,4.62,0.59,3.4,41,36,12,Partial,No,51,50,Available
CDK202000899,2026-09-04,Skoda,Kushaq,Top,2020,Electric,Automatic,Sedan,0,6.8,Midnight Black,1,117209,Very Good,Mumbai,Maharashtra,Dealer,11.24,10.85,9.68,0.62,3.7,67,24,28,Full,Minor,63,83,Reserved
CDK202601059,2026-09-04,Nissan,X-Trail,Plus,2026,Electric,Automatic,SUV,0,6.5,Royal Purple,4,8226,Good,Visakhapatnam,Andhra Pradesh,Dealer,9.98,10.12,9.18,0.73,4.9,54,36,34,Partial,No,54,74,Reserved
CDK202500377,2026-09-04,Toyota,Fortuner,Plus MT,2025,CNG,Automatic,Hatchback,3996,25.1,Royal Purple,4,35373,Very Good,Kochi,Kerala,Certified Used Car Outlet,6.75,6.85,6.2,0.51,5.0,77,3,34,Partial,No,69,97,Available
CDK202300557,2026-09-04,Maruti Suzuki,Grand Vitara,V,2023,Petrol,AMT,Sedan,1998,23.3,Metallic Silver,2,61342,Very Good,Vijayawada,Andhra Pradesh,Dealer,9.58,9.87,8.46,0.89,4.0,93,36,1,Full,No,63,96,Sold
CDK202001087,2026-09-04,Tata,Safari,Sport AT,2020,Hybrid,CVT,SUV,1998,21.1,Sunset Orange,1,96857,Very Good,Gurugram,Haryana,Individual,10.11,10.48,9.24,0.53,3.9,62,0,17,Full,No,45,87,Available
CDK202401334,2026-09-05,Hyundai,Exter,Plus AT,2024,Diesel,Manual,SUV,2494,24.0,Titanium Bronze,1,33376,Very Good,Noida,Uttar Pradesh,Individual,11.55,11.03,9.67,1.0,3.2,62,18,8,Full,No,60,89,Sold
CDK201900999,2026-09-05,Mahindra,Scorpio-N,ZX MT,2019,CNG,Manual,Sedan,2998,27.7,Forest Green,1,74200,Good,Bengaluru,Karnataka,Individual,4.39,4.25,3.7,0.42,3.7,99,6,29,Full,No,46,64,Available
CDK202400415,2026-09-05,Volvo,XC40,Sport,2024,Diesel,Automatic,Hatchback,1197,19.3,Titanium Bronze,2,75383,Very Good,Hyderabad,Telangana,Dealer,25.63,25.94,23.66,1.64,3.8,66,24,4,Partial,No,71,63,Sold
CDK201800309,2026-09-05,Mahindra,Bolero,SX,2018,Electric,Automatic,MUV,0,6.7,Forest Green,1,149915,Fair,Delhi,Delhi,Dealer,3.75,3.88,3.51,0.16,3.2,45,0,24,Partial,Minor,96,97,Sold
CDK202500224,2026-09-05,Maruti Suzuki,Grand Vitara,Premium MT,2025,Petrol,DCT,MUV,3996,14.4,Graphite Grey,3,38688,Good,Noida,Uttar Pradesh,Dealer,12.81,12.21,10.99,0.53,4.1,65,36,15,Partial,No,84,73,Available
CDK202101129,2026-09-05,Tata,Tiago,Top,2021,Petrol,Manual,SUV,1998,16.6,Titanium Bronze,4,60643,Excellent,Vijayawada,Andhra Pradesh,Dealer,7.25,6.82,5.46,0.72,3.1,65,3,2,Full,No,92,93,Available
CDK202101310,2026-09-05,Kia,Carens,Top MT,2021,CNG,Automatic,SUV,2494,26.1,Royal Purple,2,64636,Good,Gurugram,Haryana,Dealer,10.04,10.41,9.37,0.63,3.5,79,3,22,Full,Major,45,64,Sold
CDK201800246,2026-09-06,Volkswagen,Taigun,SX AT,2018,Petrol,Manual,Sedan,2494,19.0,Fiery Red,4,132323,Very Good,Gurugram,Haryana,Dealer,2.69,2.56,1.84,0.26,3.7,91,6,26,Full,No,64,57,Reserved
CDK202301203,2026-09-06,Hyundai,Alcazar,Base MT,2023,Diesel,Manual,Convertible,1290,14.0,Pearl White,2,75615,Good,Kochi,Kerala,Certified Used Car Outlet,11.63,11.97,10.19,1.24,3.5,71,12,0,Full,No,67,63,Available
CDK201901140,2026-09-06,Jeep,Wrangler,Premium MT,2019,Petrol,AMT,SUV,2998,15.7,Pearl White,5,92818,Good,Gurugram,Haryana,Dealer,12.65,12.25,10.79,1.0,3.5,75,3,15,Unavailable,No,87,69,Sold
CDK201700291,2026-09-06,Honda,Elevate,S,2017,Diesel,Manual,Hatchback,2998,10.4,Midnight Black,1,126609,Very Good,Ahmedabad,Gujarat,Dealer,2.37,2.41,1.89,0.15,4.3,81,24,35,Full,Minor,50,47,Sold
CDK202200910,2026-09-06,Honda,Elevate,S AT,2022,Petrol,Manual,MUV,1798,27.0,Pearl White,2,80113,Very Good,Delhi,Delhi,Dealer,15.19,14.98,14.23,0.61,3.4,99,3,22,Partial,No,55,71,Under Inspection
CDK202300355,2026-09-07,Hyundai,Creta,S,2023,Petrol,Manual,SUV,1497,28.0,Fiery Red,2,54298,Excellent,Delhi,Delhi,Individual,12.71,13.2,11.4,1.21,4.1,33,24,4,Partial,No,60,82,Sold
CDK202400636,2026-09-07,Maruti Suzuki,Swift,Sport MT,2024,Petrol,DCT,SUV,2198,13.0,Ocean Blue,1,35057,Very Good,Pune,Maharashtra,Dealer,11.75,11.31,10.03,1.1,4.0,65,18,11,Partial,No,86,96,Sold
CDK202500221,2026-09-07,Kia,Seltos,S MT,2025,Electric,Automatic,SUV,0,3.4,Titanium Bronze,3,38889,Fair,Kolkata,West Bengal,Individual,18.12,18.53,16.34,2.03,4.4,66,0,36,Unavailable,No,88,99,Reserved
CDK202001460,2026-09-07,Toyota,Glanza,V,2020,Petrol,Automatic,MPV,3996,15.4,Sunset Orange,3,98200,Very Good,Bengaluru,Karnataka,Certified Used Car Outlet,10.68,10.87,10.04,0.68,4.1,63,18,33,Partial,Minor,81,42,Sold
CDK202401276,2026-09-07,Toyota,Innova Crysta,SX MT,2024,Electric,Automatic,Sedan,0,6.4,Graphite Grey,1,67697,Excellent,Coimbatore,Tamil Nadu,Individual,22.67,23.36,21.65,1.13,5.0,65,36,10,Full,Major,80,49,Sold
CDK202600908,2026-09-07,Mahindra,XUV400,V,2026,Diesel,Manual,MUV,1998,10.8,Royal Purple,1,8968,Very Good,Vijayawada,Andhra Pradesh,Dealer,25.47,24.76,21.42,2.69,4.7,99,6,27,Partial,No,80,55,Under Inspection
CDK201800618,2026-09-07,Hyundai,Verna,ZX AT,2018,Diesel,Automatic,Sedan,2494,27.6,Forest Green,3,124382,Very Good,Bengaluru,Karnataka,Individual,1.8,1.82,1.24,0.16,4.0,49,24,36,Full,No,57,82,Sold
CDK202300367,2026-09-07,Hyundai,Alcazar,ZX,2023,Diesel,CVT,MPV,2494,17.1,Royal Purple,3,43600,Excellent,Noida,Uttar Pradesh,Individual,8.34,8.65,7.96,0.44,4.4,69,18,16,Full,No,75,45,Available
CDK202000847,2026-09-07,MG,ZS EV,Sport,2020,CNG,Manual,Hatchback,1598,22.4,Titanium Bronze,2,118875,Good,Kochi,Kerala,Dealer,4.04,3.94,3.07,0.2,4.0,90,18,3,Full,Major,71,52,Sold
CDK201900156,2026-09-07,Honda,Amaze,Plus MT,2019,Petrol,Manual,MPV,1598,24.3,Pearl White,2,119547,Very Good,Gurugram,Haryana,Dealer,7.84,7.87,6.62,0.6,4.0,93,6,33,Partial,No,68,80,Available
CDK202500142,2026-09-08,Mahindra,XUV700,Premium MT,2025,Petrol,Manual,SUV,2998,26.0,Pearl White,1,42965,Very Good,Visakhapatnam,Andhra Pradesh,Individual,11.2,10.93,9.37,0.88,4.7,99,6,11,Full,No,60,40,Sold
CDK202301388,2026-09-08,BYD,Seal,ZX AT,2023,Petrol,Manual,MUV,2998,16.5,Pearl White,3,56400,Very Good,Delhi,Delhi,Dealer,29.96,28.2,25.83,2.19,4.8,57,36,36,Full,Minor,62,94,Available
CDK202200230,2026-09-08,Kia,Seltos,SX MT,2022,Diesel,DCT,SUV,1497,22.5,Fiery Red,1,67586,Excellent,Mumbai,Maharashtra,Dealer,11.99,11.71,10.58,0.98,4.1,65,24,20,Full,No,61,58,Sold
CDK202000946,2026-09-08,Maruti Suzuki,Ertiga,V,2020,Petrol,Manual,Hatchback,1497,18.8,Titanium Bronze,2,89781,Very Good,Visakhapatnam,Andhra Pradesh,Individual,3.73,3.78,2.78,0.27,4.3,43,36,12,Full,No,60,41,Available
CDK202000752,2026-09-08,Toyota,Innova Crysta,Plus AT,2020,Hybrid,Manual,Hatchback,1197,20.7,Titanium Bronze,3,106202,Good,Vijayawada,Andhra Pradesh,Dealer,6.52,6.15,5.39,0.29,4.1,69,12,8,Unavailable,Minor,96,64,Available
CDK202000268,2026-09-09,Kia,EV6,Sport MT,2020,Petrol,Manual,MPV,1798,15.6,Sunset Orange,1,128292,Good,Jaipur,Rajasthan,Individual,8.08,8.33,7.25,0.64,4.3,99,3,35,Partial,No,65,95,Available
CDK202501074,2026-09-09,Renault,Duster,Top AT,2025,Petrol,Manual,SUV,2494,24.0,Metallic Silver,1,26980,Good,Coimbatore,Tamil Nadu,Dealer,9.93,10.14,8.91,0.99,3.4,70,6,15,Full,No,68,51,Sold
CDK202401383,2026-09-09,Mahindra,Scorpio Classic,Plus MT,2024,Diesel,Automatic,Hatchback,1798,16.8,Royal Purple,4,53398,Good,Ahmedabad,Gujarat,Dealer,5.86,6.02,5.61,0.23,4.2,57,3,12,Full,No,61,61,Sold
CDK202101357,2026-09-09,Kia,Carens,Premium,2021,Petrol,DCT,Sedan,2494,27.7,Pearl White,1,95001,Good,Kolkata,West Bengal,Dealer,7.73,7.44,6.58,0.46,5.0,89,3,29,Full,Major,50,66,Available
CDK201700188,2026-09-09,Hyundai,Venue,S AT,2017,Petrol,Manual,SUV,2494,27.1,Metallic Silver,2,139398,Very Good,Visakhapatnam,Andhra Pradesh,Dealer,2.96,3.01,2.36,0.26,4.1,79,12,9,Partial,No,83,71,Available
CDK202500813,2026-09-09,Maruti Suzuki,Baleno,Top,2025,Petrol,Automatic,Coupe,2998,24.1,Midnight Black,1,1500,Good,Chennai,Tamil Nadu,Individual,23.6,22.73,20.95,1.29,3.6,52,12,32,Unavailable,No,59,44,Reserved
CDK202201385,2026-09-10,Toyota,Glanza,V MT,2022,Petrol,DCT,MPV,2998,25.2,Sunset Orange,3,60017,Good,Noida,Uttar Pradesh,Dealer,12.57,12.23,11.46,0.58,3.6,56,3,0,Partial,No,77,83,Sold
CDK202101245,2026-09-10,Kia,Seltos,Sport AT,2021,Petrol,AMT,SUV,1598,11.2,Midnight Black,2,89584,Good,Kochi,Kerala,Individual,8.09,8.2,7.05,0.64,3.4,50,6,33,Full,No,74,73,Available
CDK202200929,2026-09-10,Renault,Triber,V AT,2022,Electric,Automatic,Sedan,0,3.7,Midnight Black,3,89357,Very Good,Noida,Uttar Pradesh,Individual,8.62,8.26,7.48,0.48,3.8,95,3,12,Unavailable,No,56,78,Under Inspection
CDK202100249,2026-09-10,Maruti Suzuki,Grand Vitara,Plus MT,2021,Petrol,Manual,SUV,1998,20.8,Pearl White,2,100641,Good,Gurugram,Haryana,Individual,8.15,8.34,7.13,0.8,3.5,71,3,4,Full,No,60,66,Available
CDK201800116,2026-09-10,Honda,Amaze,ZX,2018,Petrol,Manual,Hatchback,1998,20.9,Forest Green,1,145506,Good,Gurugram,Haryana,Dealer,1.8,1.84,1.2,0.11,3.6,85,24,3,Partial,No,70,54,Available
CDK202101026,2026-09-10,Maruti Suzuki,Dzire,Sport MT,2021,Petrol,Automatic,MUV,1598,27.1,Sunset Orange,3,75176,Good,Hyderabad,Telangana,Individual,7.41,7.28,6.64,0.27,3.0,48,24,28,Full,No,91,63,Reserved
CDK201900446,2026-09-10,Skoda,Superb,Plus AT,2019,CNG,Automatic,Hatchback,2198,20.4,Pearl White,1,87017,Excellent,Bengaluru,Karnataka,Dealer,3.56,3.63,2.63,0.35,4.9,84,24,21,Full,No,58,79,Sold
CDK202300065,2026-09-11,Maruti Suzuki,Grand Vitara,S,2023,CNG,Manual,Convertible,1497,25.3,Midnight Black,1,66376,Good,Kochi,Kerala,Dealer,15.05,14.34,12.32,1.34,3.9,43,24,1,Partial,No,89,65,Sold
CDK202200429,2026-09-11,Volkswagen,Virtus,SX,2022,Electric,Automatic,SUV,0,5.3,Sunset Orange,1,70033,Very Good,Ahmedabad,Gujarat,Dealer,7.12,7.17,6.29,0.34,3.4,43,3,6,Partial,No,87,65,Sold
CDK201901406,2026-09-11,Tata,Curvv,Plus AT,2019,Petrol,CVT,SUV,1598,17.4,Titanium Bronze,1,118259,Very Good,Noida,Uttar Pradesh,Dealer,4.82,4.58,4.03,0.19,3.6,57,6,33,Partial,No,98,86,Reserved
CDK202601002,2026-09-11,Toyota,Camry,S,2026,Petrol,Manual,Sedan,1290,17.6,Pearl White,5,48426,Good,Coimbatore,Tamil Nadu,Dealer,17.69,16.7,14.62,1.64,3.4,79,3,20,Full,Minor,94,49,Available
CDK201701146,2026-09-11,Jeep,Wrangler,Top,2017,Petrol,AMT,SUV,2998,15.1,Midnight Black,1,153729,Very Good,Gurugram,Haryana,Individual,5.18,5.19,4.28,0.51,3.8,63,3,21,Full,No,50,56,Sold
CDK202000598,2026-09-12,MG,Gloster,ZX,2020,Diesel,AMT,Sedan,1497,14.8,Midnight Black,2,101659,Very Good,Gurugram,Haryana,Individual,7.85,7.66,6.97,0.54,3.7,56,12,22,Full,No,92,52,Sold
CDK201700784,2026-09-12,Kia,Seltos,V MT,2017,Petrol,AMT,Hatchback,2198,15.7,Ocean Blue,1,173505,Good,Gurugram,Haryana,Individual,3.02,3.08,2.23,0.13,4.2,64,24,3,Full,No,49,72,Sold
CDK202300604,2026-09-12,Honda,Amaze,Sport MT,2023,Diesel,Manual,SUV,1199,20.0,Royal Purple,1,62900,Very Good,Pune,Maharashtra,Certified Used Car Outlet,14.6,14.46,13.68,0.54,4.7,74,6,32,Full,No,77,84,Sold
CDK202100962,2026-09-12,Volkswagen,Taigun,Plus MT,2021,CNG,Manual,Coupe,1798,13.3,Forest Green,2,79439,Very Good,Pune,Maharashtra,Dealer,19.97,19.53,17.34,1.55,4.7,69,18,9,Full,No,80,74,Sold
CDK202201396,2026-09-12,Audi,A6,Premium MT,2022,Diesel,Manual,SUV,1497,20.3,Titanium Bronze,2,84010,Fair,Hyderabad,Telangana,Dealer,19.34,19.13,16.85,1.93,4.6,86,18,7,Full,No,78,44,Available
CDK201700842,2026-09-12,Honda,Elevate,V,2017,CNG,AMT,MUV,1197,19.4,Sunset Orange,2,148156,Fair,Gurugram,Haryana,Dealer,2.56,2.57,1.67,0.27,3.4,57,12,15,Full,No,58,59,Sold
CDK202000374,2026-09-12,BYD,e6,ZX AT,2020,Electric,Automatic,MPV,0,4.2,Metallic Silver,4,109825,Very Good,Noida,Uttar Pradesh,Certified Used Car Outlet,8.3,8.13,7.3,0.53,4.1,72,0,17,Partial,No,91,40,Sold
CDK202000800,2026-09-12,Tata,Nexon,SX,2020,Petrol,Manual,MPV,1197,25.2,Fiery Red,4,83289,Very Good,Vijayawada,Andhra Pradesh,Individual,10.47,9.86,8.62,0.74,3.8,47,36,2,Full,No,85,81,Sold
CDK201900571,2026-09-13,Hyundai,Grand i10 Nios,Top,2019,Petrol,DCT,Sedan,1497,24.4,Royal Purple,3,124080,Very Good,Chennai,Tamil Nadu,Dealer,3.79,3.64,3.22,0.18,4.6,72,0,34,Full,No,83,87,Sold
CDK202500359,2026-09-13,Maruti Suzuki,Fronx,Top AT,2025,Petrol,Manual,MPV,3996,27.1,Midnight Black,1,45993,Very Good,Visakhapatnam,Andhra Pradesh,Individual,7.78,7.63,7.15,0.31,3.9,64,36,28,Unavailable,No,50,70,Available
CDK202000408,2026-09-13,Toyota,Fortuner,Top AT,2020,Diesel,AMT,MPV,2198,13.9,Metallic Silver,1,99256,Fair,Hyderabad,Telangana,Dealer,8.05,8.24,7.23,0.5,3.8,84,24,26,Full,Minor,89,67,Available
CDK202501324,2026-09-13,Kia,Seltos,V AT,2025,Electric,Automatic,Sedan,0,5.1,Graphite Grey,5,35957,Good,Mumbai,Maharashtra,Dealer,14.76,14.88,12.95,1.27,3.3,46,24,6,Full,No,56,70,Sold
CDK202100010,2026-09-13,MG,Gloster,SX MT,2021,CNG,Manual,Coupe,1598,12.0,Graphite Grey,3,51496,Good,Coimbatore,Tamil Nadu,Certified Used Car Outlet,14.89,14.61,13.28,0.92,5.0,46,36,27,Partial,No,92,43,Available
CDK201800726,2026-09-13,Hyundai,Creta,ZX AT,2018,Petrol,Automatic,SUV,1798,15.4,Forest Green,2,142339,Good,Mumbai,Maharashtra,Dealer,3.25,3.19,2.81,0.17,3.8,66,18,11,Partial,Major,75,50,Sold
CDK202600217,2026-09-13,Kia,Carens,Sport AT,2026,Petrol,DCT,SUV,1798,26.4,Graphite Grey,2,22576,Good,Ahmedabad,Gujarat,Dealer,15.5,15.67,14.39,0.89,4.4,99,36,2,Full,No,74,78,Available
CDK202200973,2026-09-14,Mahindra,XUV700,Sport,2022,CNG,Manual,SUV,1290,15.6,Ocean Blue,3,71937,Good,Vijayawada,Andhra Pradesh,Individual,12.64,12.37,11.22,0.77,3.5,73,18,5,Full,No,97,65,Available
CDK201800504,2026-09-14,Tata,Safari,S AT,2018,Petrol,Automatic,Hatchback,2998,12.0,Pearl White,1,98111,Very Good,Mumbai,Maharashtra,Individual,2.19,2.14,1.34,0.09,3.2,43,18,36,Unavailable,No,61,46,Available
CDK201700056,2026-09-14,Maruti Suzuki,Brezza,Sport MT,2017,CNG,AMT,Hatchback,1199,21.0,Ocean Blue,1,112189,Fair,Visakhapatnam,Andhra Pradesh,Dealer,1.8,1.87,1.53,0.1,4.4,74,3,9,Partial,No,74,70,Available
CDK202101040,2026-09-14,Tata,Curvv,S AT,2021,Petrol,Manual,Sedan,1598,11.3,Metallic Silver,1,100930,Fair,Kochi,Kerala,Individual,5.03,5.04,4.15,0.39,3.4,57,18,12,Partial,No,53,44,Available
CDK202100363,2026-09-14,Hyundai,Creta,S,2021,Petrol,AMT,SUV,1598,18.6,Metallic Silver,3,79370,Very Good,Coimbatore,Tamil Nadu,Individual,5.15,5.12,4.2,0.26,3.6,53,18,6,Partial,No,80,79,Available
CDK202301391,2026-09-14,Honda,City,Premium AT,2023,Petrol,DCT,SUV,1199,22.7,Midnight Black,5,54844,Excellent,Kochi,Kerala,Dealer,9.69,9.86,9.02,0.36,4.3,35,36,12,Full,No,63,54,Under Inspection
CDK202501208,2026-09-14,Honda,Elevate,Sport,2025,CNG,Automatic,SUV,3996,11.0,Fiery Red,2,17856,Good,Kochi,Kerala,Dealer,15.24,14.82,12.97,1.39,4.3,99,3,33,Partial,No,47,40,Sold
CDK202101126,2026-09-14,BYD,Seal,Base MT,2021,Electric,Automatic,Hatchback,0,6.4,Midnight Black,3,94831,Excellent,Pune,Maharashtra,Dealer,16.26,16.3,14.49,1.17,4.9,63,36,2,Unavailable,Minor,74,54,Sold
CDK202200928,2026-09-15,Mahindra,Bolero,V AT,2022,Diesel,Manual,SUV,1598,16.2,Forest Green,2,50969,Excellent,Mumbai,Maharashtra,Certified Used Car Outlet,17.21,17.66,16.09,0.96,3.4,60,12,8,Partial,No,57,63,Available
CDK202601317,2026-09-15,Honda,City,SX,2026,Electric,Automatic,SUV,0,3.7,Midnight Black,3,51267,Good,Noida,Uttar Pradesh,Dealer,16.19,15.73,14.35,0.91,3.9,80,24,6,Unavailable,No,74,77,Sold
CDK201900986,2026-09-15,BMW,3 Series,S,2019,CNG,Manual,Sedan,2198,10.0,Graphite Grey,5,129263,Very Good,Coimbatore,Tamil Nadu,Dealer,12.07,11.54,10.7,0.63,2.7,65,3,4,Full,No,66,84,Sold
CDK201800282,2026-09-15,Maruti Suzuki,Ertiga,Sport,2018,Electric,Automatic,Hatchback,0,6.1,Pearl White,2,146834,Very Good,Bengaluru,Karnataka,Certified Used Car Outlet,1.8,1.81,1.09,0.2,3.1,76,0,4,Full,No,92,88,Sold
CDK202000212,2026-09-15,Kia,Carens,SX MT,2020,Petrol,CVT,SUV,1998,13.7,Sunset Orange,1,92398,Very Good,Bengaluru,Karnataka,Certified Used Car Outlet,6.34,5.96,4.92,0.37,3.7,72,18,27,Full,No,92,54,Sold
CDK201800348,2026-09-15,Hyundai,Verna,Plus MT,2018,Petrol,AMT,SUV,2494,25.1,Sunset Orange,5,124054,Good,Coimbatore,Tamil Nadu,Individual,2.86,2.69,2.32,0.24,4.4,84,12,2,Full,Major,93,49,Available
CDK202100514,2026-09-15,Tata,Nexon,V,2021,Petrol,CVT,MPV,3996,21.8,Fiery Red,4,69567,Fair,Hyderabad,Telangana,Dealer,7.7,7.39,6.68,0.26,3.8,61,12,33,Unavailable,Minor,55,77,Sold
CDK202600883,2026-09-15,Tata,Punch,Top AT,2026,Petrol,Manual,Sedan,1598,25.9,Royal Purple,2,20272,Good,Gurugram,Haryana,Dealer,12.59,12.48,11.56,0.61,4.2,58,24,11,Full,No,96,77,Sold
CDK201700861,2026-09-16,Volkswagen,Virtus,V AT,2017,Diesel,Automatic,SUV,2998,15.6,Pearl White,1,148857,Excellent,Kolkata,West Bengal,Dealer,3.41,3.28,2.26,0.31,4.6,93,3,31,Partial,Minor,85,79,Reserved
CDK201800264,2026-09-16,Hyundai,Creta,S MT,2018,Hybrid,Automatic,Hatchback,3996,18.8,Royal Purple,2,123147,Excellent,Bengaluru,Karnataka,Dealer,3.48,3.44,2.94,0.28,4.4,67,36,12,Unavailable,No,98,70,Available
CDK202000801,2026-09-16,BYD,Atto 3,Plus,2020,Diesel,AMT,Sedan,2998,12.9,Sunset Orange,3,110038,Good,Chennai,Tamil Nadu,Individual,8.46,8.52,7.1,0.89,3.3,75,12,31,Unavailable,No,51,73,Sold
CDK201700076,2026-09-16,MG,Comet EV,Sport AT,2017,Electric,Automatic,Hatchback,0,6.6,Fiery Red,2,136012,Fair,Ahmedabad,Gujarat,Individual,2.79,2.86,2.41,0.23,3.2,50,18,27,Partial,No,84,70,Sold
CDK202100766,2026-09-16,Volkswagen,Taigun,Top,2021,Petrol,Automatic,Convertible,998,11.4,Royal Purple,1,111441,Very Good,Jaipur,Rajasthan,Individual,23.33,23.33,21.21,1.9,4.3,99,0,1,Full,Major,70,93,Sold
CDK201801306,2026-09-16,Tata,Nexon,Base AT,2018,Diesel,DCT,MPV,2998,26.1,Ocean Blue,1,128222,Very Good,Ahmedabad,Gujarat,Certified Used Car Outlet,7.79,7.52,6.55,0.74,4.0,99,36,29,Full,No,66,53,Available
CDK202601263,2026-09-17,Mahindra,Scorpio-N,Base,2026,Petrol,Manual,Sedan,1998,18.3,Fiery Red,2,28830,Excellent,Kolkata,West Bengal,Dealer,10.71,10.48,9.6,0.63,3.8,80,18,17,Full,Minor,96,99,Available
CDK202200313,2026-09-17,Maruti Suzuki,Baleno,Plus AT,2022,Petrol,DCT,SUV,2998,13.1,Ocean Blue,1,51523,Excellent,Vijayawada,Andhra Pradesh,Certified Used Car Outlet,6.31,6.48,5.97,0.26,3.2,49,12,1,Partial,No,84,85,Available
CDK202400388,2026-09-17,Volkswagen,Taigun,Premium AT,2024,Petrol,CVT,SUV,1798,26.1,Ocean Blue,2,61213,Excellent,Gurugram,Haryana,Certified Used Car Outlet,17.25,16.79,15.04,1.18,4.0,65,6,11,Full,Minor,82,66,Sold
CDK202000729,2026-09-17,Maruti Suzuki,Swift,ZX MT,2020,Diesel,Automatic,SUV,998,17.5,Graphite Grey,1,92214,Very Good,Ahmedabad,Gujarat,Individual,7.45,7.07,6.05,0.4,2.9,52,36,35,Full,Minor,59,82,Sold
CDK201800167,2026-09-17,Maruti Suzuki,Ciaz,Premium AT,2018,Diesel,Manual,SUV,2494,21.3,Forest Green,3,127737,Good,Mumbai,Maharashtra,Individual,1.8,1.83,1.14,0.18,3.3,57,24,32,Full,No,74,62,Under Inspection
CDK202101218,2026-09-17,Jeep,Meridian,Top AT,2021,Petrol,AMT,Sedan,1199,21.3,Sunset Orange,1,82662,Good,Bengaluru,Karnataka,Dealer,10.6,10.72,9.16,1.1,4.0,39,6,20,Full,No,89,89,Sold
CDK202501433,2026-09-18,Honda,Elevate,S,2025,Diesel,Manual,MPV,1497,13.7,Graphite Grey,2,42013,Very Good,Coimbatore,Tamil Nadu,Dealer,15.64,14.88,13.7,0.59,3.3,50,18,9,Full,No,88,75,Under Inspection
CDK202000566,2026-09-18,Kia,Seltos,Premium AT,2020,Hybrid,Manual,SUV,2198,23.7,Forest Green,2,88487,Very Good,Noida,Uttar Pradesh,Dealer,4.53,4.34,3.3,0.36,4.1,46,12,24,Partial,No,56,95,Sold
CDK202200196,2026-09-18,Toyota,Urban Cruiser Hyryder,ZX AT,2022,Petrol,Manual,MPV,1199,12.6,Titanium Bronze,2,106119,Very Good,Hyderabad,Telangana,Dealer,9.27,9.04,7.99,0.62,4.0,31,36,26,Full,No,68,65,Sold
CDK202300314,2026-09-19,Toyota,Fortuner,Plus MT,2023,Petrol,Manual,Hatchback,2998,23.1,Titanium Bronze,4,45890,Very Good,Delhi,Delhi,Dealer,8.35,8.33,7.21,0.74,3.6,89,36,36,Partial,Minor,68,41,Available
CDK202001151,2026-09-19,Skoda,Kodiaq,ZX,2020,Petrol,Manual,Sedan,1998,17.3,Graphite Grey,2,95103,Fair,Ahmedabad,Gujarat,Dealer,3.23,3.21,2.54,0.14,3.9,43,36,33,Full,No,46,96,Sold
CDK202100812,2026-09-19,Toyota,Glanza,Base,2021,Petrol,Manual,SUV,1598,17.5,Royal Purple,1,129149,Good,Gurugram,Haryana,Dealer,6.04,6.16,5.13,0.68,4.2,99,36,31,Full,No,57,65,Reserved
CDK202600674,2026-09-19,Tata,Tiago,V,2026,CNG,CVT,Sedan,2198,10.1,Pearl White,2,25181,Excellent,Gurugram,Haryana,Certified Used Car Outlet,15.3,15.24,13.28,1.26,4.2,99,24,11,Full,No,91,50,Sold
CDK201701250,2026-09-19,Maruti Suzuki,Fronx,Premium MT,2017,Electric,Automatic,Coupe,0,5.7,Fiery Red,4,132752,Good,Bengaluru,Karnataka,Dealer,4.33,4.43,3.81,0.32,4.5,94,3,27,Full,Minor,77,44,Sold
CDK202500982,2026-09-19,Tata,Nexon,Base,2025,Petrol,Automatic,Hatchback,1998,18.1,Midnight Black,1,45029,Good,Ahmedabad,Gujarat,Dealer,10.78,11.18,9.95,1.05,4.7,51,3,35,Full,No,57,98,Available
CDK202601338,2026-09-19,Nissan,Magnite,SX,2026,Petrol,Automatic,Hatchback,998,20.9,Metallic Silver,1,17240,Fair,Pune,Maharashtra,Certified Used Car Outlet,5.78,5.9,4.77,0.62,4.9,72,18,34,Full,Minor,69,96,Sold
CDK202401243,2026-09-19,Tata,Tigor,S MT,2024,Diesel,Manual,MUV,1798,26.8,Midnight Black,4,36706,Very Good,Bengaluru,Karnataka,Dealer,9.94,9.46,8.09,0.81,4.2,84,0,7,Partial,No,90,55,Sold
CDK202600267,2026-09-19,Maruti Suzuki,Baleno,SX,2026,Petrol,Automatic,SUV,1798,16.5,Metallic Silver,2,1500,Very Good,Coimbatore,Tamil Nadu,Individual,20.18,20.96,19.06,1.32,4.3,75,18,3,Partial,No,60,49,Sold
CDK201800143,2026-09-20,Mahindra,Scorpio-N,ZX MT,2018,Petrol,Manual,SUV,1497,21.1,Pearl White,1,101987,Excellent,Bengaluru,Karnataka,Certified Used Car Outlet,3.8,3.68,3.27,0.14,4.5,91,12,19,Full,No,48,54,Sold
CDK202100727,2026-09-20,Hyundai,Alcazar,SX MT,2021,Petrol,CVT,SUV,2198,25.4,Metallic Silver,4,88667,Fair,Chennai,Tamil Nadu,Dealer,4.32,4.22,3.56,0.44,4.3,72,0,20,Partial,No,86,90,Available
CDK202201171,2026-09-21,MG,ZS EV,Sport MT,2022,Petrol,AMT,MPV,1798,11.8,Graphite Grey,5,61768,Very Good,Noida,Uttar Pradesh,Dealer,7.37,7.51,6.36,0.79,4.4,79,12,30,Full,No,68,87,Under Inspection
CDK201700826,2026-09-21,Skoda,Superb,Plus MT,2017,CNG,Manual,MPV,1497,27.6,Forest Green,3,143166,Good,Ahmedabad,Gujarat,Individual,2.98,3.06,2.47,0.15,3.7,77,12,15,Full,No,84,75,Available
CDK202500909,2026-09-21,MG,Hector,Sport MT,2025,Petrol,Manual,Coupe,1199,15.2,Midnight Black,1,33032,Fair,Chennai,Tamil Nadu,Certified Used Car Outlet,17.43,16.74,14.93,1.5,4.2,46,18,3,Full,No,97,59,Sold
CDK201900274,2026-09-21,Audi,A6,Premium AT,2019,Electric,Automatic,MUV,0,6.2,Forest Green,1,116666,Good,Bengaluru,Karnataka,Individual,30.82,29.99,27.31,2.13,3.8,46,24,10,Full,No,63,90,Sold
CDK202600786,2026-09-21,Maruti Suzuki,Ciaz,ZX,2026,CNG,AMT,SUV,3996,22.8,Sunset Orange,1,37103,Fair,Delhi,Delhi,Certified Used Car Outlet,8.07,7.97,6.97,0.51,3.9,77,6,31,Partial,No,59,86,Reserved
CDK202100942,2026-09-21,Renault,Triber,ZX,2021,Diesel,Manual,Hatchback,1290,26.3,Pearl White,2,82164,Excellent,Ahmedabad,Gujarat,Dealer,4.68,4.83,4.25,0.19,5.0,66,36,15,Full,Minor,53,43,Available
CDK202600768,2026-09-21,Hyundai,Exter,V MT,2026,Hybrid,AMT,Convertible,1197,16.4,Forest Green,2,47274,Good,Kochi,Kerala,Individual,30.95,31.73,29.49,1.55,3.9,52,24,9,Unavailable,Major,72,73,Available
CDK202300951,2026-09-22,Hyundai,Venue,V AT,2023,Electric,Automatic,Hatchback,0,5.6,Pearl White,2,52644,Very Good,Kolkata,West Bengal,Dealer,9.82,10.16,9.16,0.7,3.6,60,18,23,Full,No,71,83,Available
CDK201900068,2026-09-22,Skoda,Slavia,Base AT,2019,Petrol,Manual,SUV,1497,22.8,Titanium Bronze,2,120026,Very Good,Kochi,Kerala,Dealer,5.66,5.82,4.53,0.56,4.1,59,18,30,Full,No,62,47,Sold
CDK201900368,2026-09-22,Mahindra,XUV700,Base,2019,Electric,Automatic,MPV,0,3.8,Forest Green,3,99968,Very Good,Chennai,Tamil Nadu,Dealer,3.23,3.05,2.65,0.22,3.4,65,6,20,Partial,Major,61,69,Reserved
CDK201900353,2026-09-22,Renault,Triber,S AT,2019,Electric,Automatic,Convertible,0,4.5,Pearl White,4,113297,Good,Vijayawada,Andhra Pradesh,Individual,6.23,6.31,5.46,0.42,4.0,61,0,34,Full,Minor,52,82,Available
CDK201800440,2026-09-22,Skoda,Superb,V AT,2018,Petrol,Manual,Hatchback,1290,11.1,Royal Purple,3,138836,Good,Mumbai,Maharashtra,Dealer,1.82,1.79,1.09,0.13,3.9,78,3,28,Full,No,63,89,Reserved
CDK201900369,2026-09-22,Tata,Safari,Top MT,2019,CNG,Manual,MPV,1199,27.7,Midnight Black,1,122061,Good,Coimbatore,Tamil Nadu,Individual,3.19,3.17,2.84,0.15,3.8,75,18,13,Partial,No,71,80,Available
CDK202300689,2026-09-22,Kia,Carens,Sport MT,2023,CNG,Manual,Hatchback,1598,28.0,Graphite Grey,3,38327,Good,Coimbatore,Tamil Nadu,Dealer,10.34,10.16,8.77,0.99,3.2,77,36,7,Full,Minor,52,72,Reserved
CDK202500341,2026-09-23,Nissan,X-Trail,Top,2025,Hybrid,Automatic,Sedan,998,27.1,Forest Green,3,23443,Good,Noida,Uttar Pradesh,Individual,11.53,11.58,9.81,1.05,3.9,84,36,0,Partial,No,48,74,Sold
CDK201800980,2026-09-23,Honda,City,Sport,2018,Electric,Automatic,Sedan,0,5.5,Royal Purple,1,131725,Very Good,Kochi,Kerala,Dealer,4.0,3.79,2.78,0.36,4.3,62,18,4,Full,No,79,65,Available
CDK201701377,2026-09-23,Volkswagen,Taigun,V AT,2017,Diesel,Automatic,MUV,1998,18.0,Titanium Bronze,3,140021,Excellent,Jaipur,Rajasthan,Certified Used Car Outlet,3.91,3.78,2.94,0.4,4.5,62,24,14,Partial,No,48,52,Sold
CDK202500452,2026-09-23,Mahindra,XUV700,ZX,2025,Electric,Automatic,Hatchback,0,6.2,Titanium Bronze,1,58832,Good,Gurugram,Haryana,Dealer,7.39,7.14,6.09,0.41,3.0,76,24,23,Full,No,87,42,Sold
CDK201701089,2026-09-23,Hyundai,Venue,SX MT,2017,Diesel,Manual,Hatchback,2494,21.1,Sunset Orange,3,148333,Very Good,Vijayawada,Andhra Pradesh,Individual,1.8,1.72,1.27,0.16,4.0,67,6,29,Full,No,80,79,Sold
CDK202601164,2026-09-23,Renault,Duster,Premium,2026,Diesel,Automatic,Sedan,2494,23.2,Pearl White,4,20502,Very Good,Jaipur,Rajasthan,Dealer,9.1,9.28,8.1,0.54,3.8,85,18,0,Full,No,54,46,Available
CDK202200175,2026-09-24,Nissan,X-Trail,Premium,2022,Petrol,AMT,MUV,1197,15.4,Metallic Silver,1,95011,Very Good,Bengaluru,Karnataka,Individual,10.97,10.92,9.34,0.98,3.2,66,36,17,Full,No,46,79,Reserved
CDK202400445,2026-09-24,Tata,Tigor,V,2024,Petrol,Automatic,Sedan,1798,25.9,Ocean Blue,2,47063,Good,Ahmedabad,Gujarat,Certified Used Car Outlet,7.78,7.77,7.03,0.34,4.3,90,0,14,Full,Minor,79,40,Reserved
CDK202101206,2026-09-24,Maruti Suzuki,Fronx,ZX MT,2021,Electric,Automatic,Sedan,0,5.1,Ocean Blue,1,95866,Very Good,Jaipur,Rajasthan,Individual,7.82,7.48,6.96,0.32,3.8,81,6,8,Full,No,72,41,Sold
CDK202601118,2026-09-24,MG,Gloster,Plus MT,2026,Hybrid,Manual,Hatchback,1998,11.6,Graphite Grey,3,18655,Good,Gurugram,Haryana,Dealer,11.42,11.41,10.05,0.79,3.5,49,0,10,Partial,No,50,46,Available
CDK201801259,2026-09-24,Skoda,Kodiaq,SX MT,2018,CNG,Automatic,MPV,2998,24.6,Titanium Bronze,2,153586,Very Good,Noida,Uttar Pradesh,Certified Used Car Outlet,4.11,4.26,3.55,0.23,5.0,99,36,32,Partial,No,92,41,Sold
CDK201700852,2026-09-25,Mahindra,Thar,S AT,2017,Petrol,Manual,SUV,1497,22.1,Forest Green,2,128176,Very Good,Ahmedabad,Gujarat,Dealer,4.76,4.77,4.26,0.24,4.2,99,36,0,Full,Minor,50,97,Available
CDK202500754,2026-09-25,Kia,Seltos,V,2025,CNG,Manual,Convertible,1598,27.9,Ocean Blue,1,55414,Good,Mumbai,Maharashtra,Certified Used Car Outlet,37.63,37.07,33.11,3.53,3.8,52,18,8,Unavailable,Minor,51,44,Available
CDK202300740,2026-09-25,Hyundai,Tucson,V,2023,Hybrid,Manual,Coupe,1199,12.3,Royal Purple,1,63909,Very Good,Pune,Maharashtra,Certified Used Car Outlet,22.91,23.25,20.86,1.74,4.1,56,3,26,Unavailable,No,48,87,Available
CDK202301161,2026-09-25,Hyundai,Creta,S,2023,Diesel,Manual,Hatchback,1798,24.5,Metallic Silver,1,52928,Excellent,Delhi,Delhi,Dealer,7.68,7.72,6.34,0.64,3.9,95,3,35,Full,No,74,96,Available
CDK202101225,2026-09-26,Hyundai,i20,Top,2021,Diesel,Automatic,Hatchback,3996,16.3,Titanium Bronze,3,114636,Excellent,Bengaluru,Karnataka,Individual,3.59,3.59,3.21,0.18,2.9,44,12,1,Partial,No,46,79,Available
CDK202200197,2026-09-26,MG,Hector,Plus MT,2022,Petrol,CVT,SUV,2494,15.2,Forest Green,2,49970,Very Good,Kolkata,West Bengal,Dealer,19.52,19.6,17.56,1.9,3.1,99,3,16,Full,No,76,70,Available
CDK202000713,2026-09-26,MG,Astor,Sport MT,2020,Petrol,Automatic,MPV,2198,11.8,Midnight Black,4,105502,Good,Hyderabad,Telangana,Certified Used Car Outlet,8.28,8.28,7.2,0.82,4.1,56,0,7,Full,No,74,89,Sold
CDK201801189,2026-09-27,Maruti Suzuki,Grand Vitara,Sport,2018,Petrol,Manual,Sedan,3996,24.5,Midnight Black,2,135726,Good,Gurugram,Haryana,Dealer,1.8,1.86,1.56,0.12,4.9,84,36,9,Full,No,71,81,Available
CDK202101282,2026-09-27,Mahindra,Scorpio Classic,V,2021,Petrol,Manual,SUV,998,22.2,Forest Green,1,115540,Good,Gurugram,Haryana,Dealer,6.39,6.49,5.53,0.24,3.3,61,6,16,Full,No,64,54,Available
CDK202500441,2026-09-27,Honda,Amaze,Base MT,2025,CNG,Manual,SUV,1497,24.2,Midnight Black,1,39299,Good,Gurugram,Haryana,Individual,13.54,13.43,12.3,0.66,4.2,41,0,23,Partial,Minor,72,99,Sold
CDK201901284,2026-09-27,Mahindra,Bolero,Sport MT,2019,Petrol,Manual,MUV,1199,17.3,Fiery Red,1,97282,Excellent,Kolkata,West Bengal,Dealer,5.87,5.62,5.06,0.24,4.6,66,0,10,Partial,No,88,94,Available
CDK202000035,2026-09-27,Mahindra,XUV700,S AT,2020,Petrol,Manual,SUV,1497,12.9,Forest Green,1,113331,Very Good,Chennai,Tamil Nadu,Dealer,4.69,4.54,4.03,0.23,4.2,51,0,35,Partial,No,92,46,Sold
CDK201800600,2026-09-28,Honda,City,Base,2018,Petrol,Manual,MPV,1290,20.7,Graphite Grey,1,114999,Very Good,Visakhapatnam,Andhra Pradesh,Certified Used Car Outlet,4.06,3.86,3.27,0.23,3.7,67,3,21,Partial,No,75,85,Sold
CDK202201500,2026-09-28,Nissan,X-Trail,Base,2022,Petrol,DCT,MUV,1199,20.1,Sunset Orange,1,65474,Very Good,Noida,Uttar Pradesh,Dealer,5.35,5.28,4.24,0.5,2.8,96,3,0,Full,Major,59,46,Available
CDK202600371,2026-09-28,Kia,EV6,SX,2026,CNG,Manual,SUV,1197,26.4,Midnight Black,2,22270,Very Good,Kochi,Kerala,Certified Used Car Outlet,24.04,23.07,20.63,2.0,3.8,99,3,13,Unavailable,No,92,77,Sold
CDK202001017,2026-09-29,Maruti Suzuki,Ciaz,V AT,2020,Petrol,Automatic,SUV,1798,18.6,Titanium Bronze,1,127271,Good,Noida,Uttar Pradesh,Individual,4.39,4.35,3.36,0.3,3.9,70,12,28,Full,Minor,75,41,Available
CDK202401341,2026-09-29,Kia,Seltos,S,2024,Petrol,Manual,SUV,1998,11.5,Graphite Grey,1,46528,Good,Visakhapatnam,Andhra Pradesh,Dealer,15.58,15.26,13.92,1.07,4.5,39,18,23,Partial,No,94,44,Sold
CDK202600710,2026-09-29,Tata,Nexon,V,2026,Diesel,Automatic,SUV,1199,14.8,Midnight Black,2,25373,Good,Kochi,Kerala,Dealer,14.38,13.53,12.53,0.49,3.4,83,6,21,Full,No,80,99,Available
CDK202000073,2026-09-29,Renault,Kwid,Plus AT,2020,Petrol,CVT,MUV,1598,26.3,Fiery Red,1,83005,Good,Mumbai,Maharashtra,Dealer,6.67,6.54,5.7,0.6,3.2,46,6,2,Partial,No,57,50,Sold
CDK202200731,2026-09-29,Honda,Amaze,Plus MT,2022,Diesel,Automatic,MPV,998,12.1,Ocean Blue,1,98084,Good,Kochi,Kerala,Individual,14.0,13.51,12.6,0.77,4.5,66,3,19,Full,No,80,99,Available
CDK202500670,2026-09-29,Mahindra,XUV700,SX,2025,Petrol,CVT,MPV,2998,25.6,Titanium Bronze,2,43859,Very Good,Gurugram,Haryana,Dealer,22.52,22.8,21.06,1.16,3.1,39,24,10,Partial,Minor,98,70,Sold
CDK201800649,2026-09-29,Mahindra,XUV700,Base MT,2018,Hybrid,CVT,SUV,1497,12.6,Graphite Grey,3,124042,Very Good,Jaipur,Rajasthan,Individual,7.8,8.0,7.38,0.28,4.2,81,12,8,Partial,No,58,42,Available
CDK201801380,2026-09-30,Maruti Suzuki,Baleno,Sport MT,2018,Petrol,Manual,MPV,1798,24.5,Metallic Silver,1,146870,Good,Delhi,Delhi,Certified Used Car Outlet,1.8,1.86,1.11,0.2,3.6,73,36,14,Full,Minor,49,85,Reserved
CDK202001191,2026-09-30,Hyundai,Tucson,Sport,2020,Petrol,DCT,Sedan,1598,17.6,Midnight Black,2,116636,Very Good,Gurugram,Haryana,Individual,3.48,3.39,2.86,0.27,4.1,61,3,12,Unavailable,Minor,56,73,Sold
CDK202400796,2026-09-30,Maruti Suzuki,Baleno,Plus MT,2024,Diesel,Manual,SUV,998,24.9,Fiery Red,5,28831,Excellent,Visakhapatnam,Andhra Pradesh,Individual,14.17,14.65,13.25,1.05,4.3,53,12,17,Full,No,81,65,Sold
CDK202300963,2026-09-30,Hyundai,Creta,Plus MT,2023,CNG,AMT,Hatchback,1290,26.0,Ocean Blue,1,66836,Very Good,Kolkata,West Bengal,Individual,6.61,6.76,5.81,0.68,4.2,94,18,0,Partial,Minor,85,98,Available
CDK202500376,2026-09-30,Maruti Suzuki,Grand Vitara,Plus,2025,Petrol,Automatic,Sedan,2998,18.7,Ocean Blue,2,11238,Very Good,Vijayawada,Andhra Pradesh,Dealer,8.31,8.06,7.06,0.51,3.8,61,3,12,Partial,No,78,67,Available
CDK202600551,2026-09-30,Toyota,Fortuner,Premium AT,2026,Petrol,Manual,Sedan,998,24.8,Pearl White,1,1500,Good,Vijayawada,Andhra Pradesh,Certified Used Car Outlet,13.2,13.39,11.96,0.7,4.0,99,18,15,Partial,No,60,76,Sold
CDK202601031,2026-09-30,Toyota,Glanza,Plus,2026,Electric,Automatic,Sedan,0,6.2,Graphite Grey,1,1500,Very Good,Delhi,Delhi,Dealer,10.72,10.32,8.64,1.05,3.3,77,3,1,Partial,Minor,68,41,Sold
CDK201700093,2026-09-30,Maruti Suzuki,Ertiga,SX MT,2017,Petrol,Automatic,MUV,1199,10.8,Forest Green,1,169150,Good,Jaipur,Rajasthan,Individual,4.2,4.37,3.63,0.24,4.3,69,0,17,Partial,No,93,71,Sold
CDK202500749,2026-09-30,Hyundai,Alcazar,Plus MT,2025,Petrol,CVT,Sedan,2198,10.2,Metallic Silver,1,18552,Good,Hyderabad,Telangana,Certified Used Car Outlet,13.71,13.21,11.98,0.55,4.0,35,12,35,Partial,No,69,66,Available
CDK202000513,2026-09-30,Honda,City,Plus,2020,Diesel,Manual,Sedan,1598,26.2,Ocean Blue,1,88402,Very Good,Hyderabad,Telangana,Individual,4.53,4.45,3.47,0.3,3.6,85,36,35,Partial,Major,46,58,Available
CDK202000091,2026-10-01,Tata,Harrier,Plus,2020,Petrol,Automatic,Sedan,1197,25.6,Sunset Orange,2,75134,Very Good,Coimbatore,Tamil Nadu,Dealer,2.69,2.72,2.48,0.11,3.7,53,24,8,Partial,No,60,87,Available
CDK202600585,2026-10-01,Hyundai,Tucson,Sport AT,2026,Electric,Automatic,SUV,0,3.3,Forest Green,1,2449,Very Good,Delhi,Delhi,Individual,18.39,17.55,15.65,1.67,3.5,86,12,14,Full,Minor,87,83,Available
CDK201800968,2026-10-01,Kia,Seltos,SX,2018,Diesel,CVT,SUV,1798,25.0,Royal Purple,2,129594,Excellent,Noida,Uttar Pradesh,Dealer,5.73,5.51,4.74,0.26,3.7,99,3,26,Partial,Minor,56,75,Available
CDK202201104,2026-10-01,Maruti Suzuki,Dzire,SX MT,2022,Petrol,AMT,SUV,1598,11.6,Midnight Black,1,76052,Good,Jaipur,Rajasthan,Dealer,8.44,8.62,7.56,0.92,3.5,27,36,3,Full,No,86,44,Sold
CDK202000189,2026-10-01,Hyundai,Exter,V AT,2020,Petrol,Manual,SUV,1497,20.7,Fiery Red,1,85183,Good,Visakhapatnam,Andhra Pradesh,Dealer,3.94,4.09,3.33,0.21,3.5,46,36,18,Unavailable,Minor,83,69,Sold
CDK201900702,2026-10-01,Hyundai,Venue,Premium,2019,Diesel,Manual,SUV,3996,21.4,Midnight Black,4,133834,Good,Pune,Maharashtra,Dealer,3.33,3.41,2.74,0.34,5.0,56,0,27,Partial,Major,64,64,Available
CDK202301198,2026-10-01,Honda,Elevate,S,2023,Diesel,AMT,Sedan,2494,23.3,Forest Green,1,52182,Good,Pune,Maharashtra,Dealer,12.3,11.92,10.68,0.89,3.6,99,24,1,Partial,No,95,94,Available
CDK202000319,2026-10-02,Honda,Elevate,Sport,2020,Petrol,CVT,MPV,1199,16.6,Pearl White,1,108363,Excellent,Kochi,Kerala,Dealer,8.75,8.35,6.99,0.75,3.5,92,18,1,Partial,Minor,49,95,Under Inspection
CDK202101027,2026-10-02,Maruti Suzuki,Dzire,Plus,2021,Hybrid,AMT,MUV,1199,23.2,Ocean Blue,3,79954,Excellent,Coimbatore,Tamil Nadu,Dealer,8.19,8.26,7.41,0.47,3.2,71,0,33,Partial,No,68,54,Available
CDK202600258,2026-10-02,Maruti Suzuki,Ertiga,Top AT,2026,CNG,Automatic,Hatchback,1290,18.6,Pearl White,3,65601,Very Good,Coimbatore,Tamil Nadu,Dealer,9.43,8.99,7.85,0.61,3.9,35,0,30,Full,No,46,96,Reserved
CDK201900808,2026-10-02,Hyundai,i20,Premium AT,2019,Petrol,Manual,Sedan,2998,16.1,Sunset Orange,2,143127,Good,Gurugram,Haryana,Individual,2.51,2.54,2.27,0.13,3.8,93,6,31,Full,No,70,55,Available
CDK202601150,2026-10-02,Maruti Suzuki,Fronx,ZX,2026,CNG,Manual,Hatchback,1798,15.1,Ocean Blue,1,9416,Good,Coimbatore,Tamil Nadu,Individual,5.33,5.14,4.1,0.5,3.5,55,24,13,Full,Minor,86,78,Under Inspection
CDK202100061,2026-10-03,MG,Astor,ZX AT,2021,Diesel,DCT,MPV,1998,21.0,Royal Purple,3,80784,Very Good,Delhi,Delhi,Individual,7.5,7.42,6.74,0.49,3.5,83,12,2,Unavailable,Minor,90,47,Sold
CDK202300357,2026-10-03,Tata,Curvv,S,2023,Petrol,DCT,MUV,2998,24.0,Midnight Black,1,49330,Good,Hyderabad,Telangana,Certified Used Car Outlet,10.36,10.06,9.13,0.62,4.4,70,24,35,Partial,No,65,96,Available
CDK201700132,2026-10-03,Maruti Suzuki,Dzire,S AT,2017,Diesel,Manual,SUV,2198,25.0,Forest Green,3,145090,Good,Bengaluru,Karnataka,Dealer,3.46,3.28,2.7,0.28,3.4,40,0,29,Full,Minor,60,91,Sold
CDK202300594,2026-10-03,BMW,X3,Base AT,2023,Diesel,CVT,SUV,1197,17.6,Ocean Blue,1,53962,Very Good,Jaipur,Rajasthan,Individual,42.29,40.15,37.24,2.61,4.8,99,36,24,Unavailable,No,58,93,Available
CDK201700624,2026-10-03,Tata,Nexon,Premium AT,2017,Electric,Automatic,Sedan,0,6.1,Fiery Red,4,147198,Very Good,Mumbai,Maharashtra,Certified Used Car Outlet,2.83,2.74,2.23,0.18,4.4,77,0,34,Unavailable,No,83,56,Under Inspection
CDK202000634,2026-10-03,Maruti Suzuki,Dzire,Base,2020,Petrol,Manual,Convertible,1290,15.9,Pearl White,1,122293,Very Good,Kolkata,West Bengal,Certified Used Car Outlet,9.46,9.35,8.27,0.92,3.8,68,12,31,Partial,Minor,74,96,Available
